ARM GAS  C:\Users\MODELA~1\AppData\Local\Temp\ccR9r8Tv.s 			page 1


   1              		.syntax unified
   2              		.cpu cortex-m3
   3              		.fpu softvfp
   4              		.eabi_attribute 20, 1
   5              		.eabi_attribute 21, 1
   6              		.eabi_attribute 23, 3
   7              		.eabi_attribute 24, 1
   8              		.eabi_attribute 25, 1
   9              		.eabi_attribute 26, 1
  10              		.eabi_attribute 30, 1
  11              		.eabi_attribute 34, 1
  12              		.eabi_attribute 18, 4
  13              		.thumb
  14              		.syntax unified
  15              		.file	"cyfitter_cfg.c"
  16              		.text
  17              	.Ltext0:
  18              		.cfi_sections	.debug_frame
  19              		.section	.text.CyClockStartupError,"ax",%progbits
  20              		.align	2
  21              		.thumb
  22              		.thumb_func
  23              		.type	CyClockStartupError, %function
  24              	CyClockStartupError:
  25              	.LFB3:
  26              		.file 1 "Generated_Source\\PSoC5\\cyfitter_cfg.c"
   1:Generated_Source\PSoC5/cyfitter_cfg.c **** 
   2:Generated_Source\PSoC5/cyfitter_cfg.c **** /*******************************************************************************
   3:Generated_Source\PSoC5/cyfitter_cfg.c **** * File Name: cyfitter_cfg.c
   4:Generated_Source\PSoC5/cyfitter_cfg.c **** * 
   5:Generated_Source\PSoC5/cyfitter_cfg.c **** * PSoC Creator  4.4
   6:Generated_Source\PSoC5/cyfitter_cfg.c **** *
   7:Generated_Source\PSoC5/cyfitter_cfg.c **** * Description:
   8:Generated_Source\PSoC5/cyfitter_cfg.c **** * This file contains device initialization code.
   9:Generated_Source\PSoC5/cyfitter_cfg.c **** * Except for the user defined sections in CyClockStartupError(), this file should not be modified.
  10:Generated_Source\PSoC5/cyfitter_cfg.c **** * This file is automatically generated by PSoC Creator.
  11:Generated_Source\PSoC5/cyfitter_cfg.c **** *
  12:Generated_Source\PSoC5/cyfitter_cfg.c **** ********************************************************************************
  13:Generated_Source\PSoC5/cyfitter_cfg.c **** * Copyright (c) 2007-2020 Cypress Semiconductor.  All rights reserved.
  14:Generated_Source\PSoC5/cyfitter_cfg.c **** * You may use this file only in accordance with the license, terms, conditions, 
  15:Generated_Source\PSoC5/cyfitter_cfg.c **** * disclaimers, and limitations in the end user license agreement accompanying 
  16:Generated_Source\PSoC5/cyfitter_cfg.c **** * the software package with which this file was provided.
  17:Generated_Source\PSoC5/cyfitter_cfg.c **** ********************************************************************************/
  18:Generated_Source\PSoC5/cyfitter_cfg.c **** 
  19:Generated_Source\PSoC5/cyfitter_cfg.c **** #include <string.h>
  20:Generated_Source\PSoC5/cyfitter_cfg.c **** #include "cytypes.h"
  21:Generated_Source\PSoC5/cyfitter_cfg.c **** #include "cydevice_trm.h"
  22:Generated_Source\PSoC5/cyfitter_cfg.c **** #include "cyfitter.h"
  23:Generated_Source\PSoC5/cyfitter_cfg.c **** #include "CyLib.h"
  24:Generated_Source\PSoC5/cyfitter_cfg.c **** #include "cyfitter_cfg.h"
  25:Generated_Source\PSoC5/cyfitter_cfg.c **** #include "cyapicallbacks.h"
  26:Generated_Source\PSoC5/cyfitter_cfg.c **** 
  27:Generated_Source\PSoC5/cyfitter_cfg.c **** #define CY_NEED_CYCLOCKSTARTUPERROR 1
  28:Generated_Source\PSoC5/cyfitter_cfg.c **** 
  29:Generated_Source\PSoC5/cyfitter_cfg.c **** 
  30:Generated_Source\PSoC5/cyfitter_cfg.c **** #if defined(__GNUC__) || defined(__ARMCC_VERSION)
  31:Generated_Source\PSoC5/cyfitter_cfg.c ****     #define CYPACKED 
ARM GAS  C:\Users\MODELA~1\AppData\Local\Temp\ccR9r8Tv.s 			page 2


  32:Generated_Source\PSoC5/cyfitter_cfg.c ****     #define CYPACKED_ATTR __attribute__ ((packed))
  33:Generated_Source\PSoC5/cyfitter_cfg.c ****     #define CYALIGNED __attribute__ ((aligned))
  34:Generated_Source\PSoC5/cyfitter_cfg.c ****     #define CY_CFG_UNUSED __attribute__ ((unused))
  35:Generated_Source\PSoC5/cyfitter_cfg.c ****     #ifndef CY_CFG_SECTION
  36:Generated_Source\PSoC5/cyfitter_cfg.c ****         #define CY_CFG_SECTION __attribute__ ((section(".psocinit")))
  37:Generated_Source\PSoC5/cyfitter_cfg.c ****     #endif
  38:Generated_Source\PSoC5/cyfitter_cfg.c ****     
  39:Generated_Source\PSoC5/cyfitter_cfg.c ****     #if defined(__ARMCC_VERSION)
  40:Generated_Source\PSoC5/cyfitter_cfg.c ****         #define CY_CFG_MEMORY_BARRIER() __memory_changed()
  41:Generated_Source\PSoC5/cyfitter_cfg.c ****     #else
  42:Generated_Source\PSoC5/cyfitter_cfg.c ****         #define CY_CFG_MEMORY_BARRIER() __sync_synchronize()
  43:Generated_Source\PSoC5/cyfitter_cfg.c ****     #endif
  44:Generated_Source\PSoC5/cyfitter_cfg.c ****     
  45:Generated_Source\PSoC5/cyfitter_cfg.c **** #elif defined(__ICCARM__)
  46:Generated_Source\PSoC5/cyfitter_cfg.c ****     #include <intrinsics.h>
  47:Generated_Source\PSoC5/cyfitter_cfg.c **** 
  48:Generated_Source\PSoC5/cyfitter_cfg.c ****     #define CYPACKED __packed
  49:Generated_Source\PSoC5/cyfitter_cfg.c ****     #define CYPACKED_ATTR 
  50:Generated_Source\PSoC5/cyfitter_cfg.c ****     #define CYALIGNED _Pragma("data_alignment=4")
  51:Generated_Source\PSoC5/cyfitter_cfg.c ****     #define CY_CFG_UNUSED _Pragma("diag_suppress=Pe177")
  52:Generated_Source\PSoC5/cyfitter_cfg.c ****     #define CY_CFG_SECTION _Pragma("location=\".psocinit\"")
  53:Generated_Source\PSoC5/cyfitter_cfg.c ****     
  54:Generated_Source\PSoC5/cyfitter_cfg.c ****     #define CY_CFG_MEMORY_BARRIER() __DMB()
  55:Generated_Source\PSoC5/cyfitter_cfg.c ****     
  56:Generated_Source\PSoC5/cyfitter_cfg.c **** #else
  57:Generated_Source\PSoC5/cyfitter_cfg.c ****     #error Unsupported toolchain
  58:Generated_Source\PSoC5/cyfitter_cfg.c **** #endif
  59:Generated_Source\PSoC5/cyfitter_cfg.c **** 
  60:Generated_Source\PSoC5/cyfitter_cfg.c **** #ifndef CYCODE
  61:Generated_Source\PSoC5/cyfitter_cfg.c ****     #define CYCODE
  62:Generated_Source\PSoC5/cyfitter_cfg.c **** #endif
  63:Generated_Source\PSoC5/cyfitter_cfg.c **** #ifndef CYDATA
  64:Generated_Source\PSoC5/cyfitter_cfg.c ****     #define CYDATA
  65:Generated_Source\PSoC5/cyfitter_cfg.c **** #endif
  66:Generated_Source\PSoC5/cyfitter_cfg.c **** #ifndef CYFAR
  67:Generated_Source\PSoC5/cyfitter_cfg.c ****     #define CYFAR
  68:Generated_Source\PSoC5/cyfitter_cfg.c **** #endif
  69:Generated_Source\PSoC5/cyfitter_cfg.c **** #ifndef CYXDATA
  70:Generated_Source\PSoC5/cyfitter_cfg.c ****     #define CYXDATA
  71:Generated_Source\PSoC5/cyfitter_cfg.c **** #endif
  72:Generated_Source\PSoC5/cyfitter_cfg.c **** 
  73:Generated_Source\PSoC5/cyfitter_cfg.c **** 
  74:Generated_Source\PSoC5/cyfitter_cfg.c **** CY_CFG_UNUSED
  75:Generated_Source\PSoC5/cyfitter_cfg.c **** static void CYMEMZERO(void *s, size_t n);
  76:Generated_Source\PSoC5/cyfitter_cfg.c **** CY_CFG_UNUSED
  77:Generated_Source\PSoC5/cyfitter_cfg.c **** static void CYMEMZERO(void *s, size_t n)
  78:Generated_Source\PSoC5/cyfitter_cfg.c **** {
  79:Generated_Source\PSoC5/cyfitter_cfg.c **** 	(void)memset(s, 0, n);
  80:Generated_Source\PSoC5/cyfitter_cfg.c **** }
  81:Generated_Source\PSoC5/cyfitter_cfg.c **** CY_CFG_UNUSED
  82:Generated_Source\PSoC5/cyfitter_cfg.c **** static void CYCONFIGCPY(void *dest, const void *src, size_t n);
  83:Generated_Source\PSoC5/cyfitter_cfg.c **** CY_CFG_UNUSED
  84:Generated_Source\PSoC5/cyfitter_cfg.c **** static void CYCONFIGCPY(void *dest, const void *src, size_t n)
  85:Generated_Source\PSoC5/cyfitter_cfg.c **** {
  86:Generated_Source\PSoC5/cyfitter_cfg.c **** 	(void)memcpy(dest, src, n);
  87:Generated_Source\PSoC5/cyfitter_cfg.c **** }
  88:Generated_Source\PSoC5/cyfitter_cfg.c **** CY_CFG_UNUSED
ARM GAS  C:\Users\MODELA~1\AppData\Local\Temp\ccR9r8Tv.s 			page 3


  89:Generated_Source\PSoC5/cyfitter_cfg.c **** static void CYCONFIGCPYCODE(void *dest, const void *src, size_t n);
  90:Generated_Source\PSoC5/cyfitter_cfg.c **** CY_CFG_UNUSED
  91:Generated_Source\PSoC5/cyfitter_cfg.c **** static void CYCONFIGCPYCODE(void *dest, const void *src, size_t n)
  92:Generated_Source\PSoC5/cyfitter_cfg.c **** {
  93:Generated_Source\PSoC5/cyfitter_cfg.c **** 	(void)memcpy(dest, src, n);
  94:Generated_Source\PSoC5/cyfitter_cfg.c **** }
  95:Generated_Source\PSoC5/cyfitter_cfg.c **** 
  96:Generated_Source\PSoC5/cyfitter_cfg.c **** 
  97:Generated_Source\PSoC5/cyfitter_cfg.c **** 
  98:Generated_Source\PSoC5/cyfitter_cfg.c **** 
  99:Generated_Source\PSoC5/cyfitter_cfg.c **** /* Clock startup error codes                                                   */
 100:Generated_Source\PSoC5/cyfitter_cfg.c **** #define CYCLOCKSTART_NO_ERROR    0u
 101:Generated_Source\PSoC5/cyfitter_cfg.c **** #define CYCLOCKSTART_XTAL_ERROR  1u
 102:Generated_Source\PSoC5/cyfitter_cfg.c **** #define CYCLOCKSTART_32KHZ_ERROR 2u
 103:Generated_Source\PSoC5/cyfitter_cfg.c **** #define CYCLOCKSTART_PLL_ERROR   3u
 104:Generated_Source\PSoC5/cyfitter_cfg.c **** #define CYCLOCKSTART_FLL_ERROR   4u
 105:Generated_Source\PSoC5/cyfitter_cfg.c **** #define CYCLOCKSTART_WCO_ERROR   5u
 106:Generated_Source\PSoC5/cyfitter_cfg.c **** 
 107:Generated_Source\PSoC5/cyfitter_cfg.c **** 
 108:Generated_Source\PSoC5/cyfitter_cfg.c **** #ifdef CY_NEED_CYCLOCKSTARTUPERROR
 109:Generated_Source\PSoC5/cyfitter_cfg.c **** /*******************************************************************************
 110:Generated_Source\PSoC5/cyfitter_cfg.c **** * Function Name: CyClockStartupError
 111:Generated_Source\PSoC5/cyfitter_cfg.c **** ********************************************************************************
 112:Generated_Source\PSoC5/cyfitter_cfg.c **** * Summary:
 113:Generated_Source\PSoC5/cyfitter_cfg.c **** *  If an error is encountered during clock configuration (crystal startup error,
 114:Generated_Source\PSoC5/cyfitter_cfg.c **** *  PLL lock error, etc.), the system will end up here.  Unless reimplemented by
 115:Generated_Source\PSoC5/cyfitter_cfg.c **** *  the customer, this function will stop in an infinite loop.
 116:Generated_Source\PSoC5/cyfitter_cfg.c **** *
 117:Generated_Source\PSoC5/cyfitter_cfg.c **** * Parameters:
 118:Generated_Source\PSoC5/cyfitter_cfg.c **** *   void
 119:Generated_Source\PSoC5/cyfitter_cfg.c **** *
 120:Generated_Source\PSoC5/cyfitter_cfg.c **** * Return:
 121:Generated_Source\PSoC5/cyfitter_cfg.c **** *   void
 122:Generated_Source\PSoC5/cyfitter_cfg.c **** *
 123:Generated_Source\PSoC5/cyfitter_cfg.c **** *******************************************************************************/
 124:Generated_Source\PSoC5/cyfitter_cfg.c **** CY_CFG_UNUSED
 125:Generated_Source\PSoC5/cyfitter_cfg.c **** static void CyClockStartupError(uint8 errorCode);
 126:Generated_Source\PSoC5/cyfitter_cfg.c **** CY_CFG_UNUSED
 127:Generated_Source\PSoC5/cyfitter_cfg.c **** static void CyClockStartupError(uint8 errorCode)
 128:Generated_Source\PSoC5/cyfitter_cfg.c **** {
  27              		.loc 1 128 0
  28              		.cfi_startproc
  29              		@ Volatile: function does not return.
  30              		@ args = 0, pretend = 0, frame = 0
  31              		@ frame_needed = 0, uses_anonymous_args = 0
  32              		@ link register save eliminated.
  33              	.LVL0:
  34              	.L2:
  35 0000 FEE7     		b	.L2
  36              		.cfi_endproc
  37              	.LFE3:
  38              		.size	CyClockStartupError, .-CyClockStartupError
  39 0002 00BF     		.section	.text.cfg_write_bytes32,"ax",%progbits
  40              		.align	2
  41              		.thumb
  42              		.thumb_func
  43              		.type	cfg_write_bytes32, %function
ARM GAS  C:\Users\MODELA~1\AppData\Local\Temp\ccR9r8Tv.s 			page 4


  44              	cfg_write_bytes32:
  45              	.LFB4:
 129:Generated_Source\PSoC5/cyfitter_cfg.c ****     /* To remove the compiler warning if errorCode not used.                */
 130:Generated_Source\PSoC5/cyfitter_cfg.c ****     errorCode = errorCode;
 131:Generated_Source\PSoC5/cyfitter_cfg.c **** 
 132:Generated_Source\PSoC5/cyfitter_cfg.c ****     /* If we have a clock startup error (bad MHz crystal, PLL lock, etc.),  */
 133:Generated_Source\PSoC5/cyfitter_cfg.c ****     /* we will end up here to allow the customer to implement something to  */
 134:Generated_Source\PSoC5/cyfitter_cfg.c ****     /* deal with the clock condition.                                       */
 135:Generated_Source\PSoC5/cyfitter_cfg.c **** 
 136:Generated_Source\PSoC5/cyfitter_cfg.c **** #ifdef CY_CFG_CLOCK_STARTUP_ERROR_CALLBACK
 137:Generated_Source\PSoC5/cyfitter_cfg.c ****     CY_CFG_Clock_Startup_ErrorCallback();
 138:Generated_Source\PSoC5/cyfitter_cfg.c **** #else
 139:Generated_Source\PSoC5/cyfitter_cfg.c ****     /*  If not using CY_CFG_CLOCK_STARTUP_ERROR_CALLBACK, place your clock startup code here. */
 140:Generated_Source\PSoC5/cyfitter_cfg.c ****     /* `#START CyClockStartupError` */
 141:Generated_Source\PSoC5/cyfitter_cfg.c **** 
 142:Generated_Source\PSoC5/cyfitter_cfg.c **** 
 143:Generated_Source\PSoC5/cyfitter_cfg.c **** 
 144:Generated_Source\PSoC5/cyfitter_cfg.c ****     /* `#END` */
 145:Generated_Source\PSoC5/cyfitter_cfg.c **** 
 146:Generated_Source\PSoC5/cyfitter_cfg.c ****     while(1) {}
 147:Generated_Source\PSoC5/cyfitter_cfg.c **** #endif /* CY_CFG_CLOCK_STARTUP_ERROR_CALLBACK */
 148:Generated_Source\PSoC5/cyfitter_cfg.c **** }
 149:Generated_Source\PSoC5/cyfitter_cfg.c **** #endif
 150:Generated_Source\PSoC5/cyfitter_cfg.c **** 
 151:Generated_Source\PSoC5/cyfitter_cfg.c **** #define CY_CFG_BASE_ADDR_COUNT 34u
 152:Generated_Source\PSoC5/cyfitter_cfg.c **** CYPACKED typedef struct
 153:Generated_Source\PSoC5/cyfitter_cfg.c **** {
 154:Generated_Source\PSoC5/cyfitter_cfg.c **** 	uint8 offset;
 155:Generated_Source\PSoC5/cyfitter_cfg.c **** 	uint8 value;
 156:Generated_Source\PSoC5/cyfitter_cfg.c **** } CYPACKED_ATTR cy_cfg_addrvalue_t;
 157:Generated_Source\PSoC5/cyfitter_cfg.c **** 
 158:Generated_Source\PSoC5/cyfitter_cfg.c **** #define cy_cfg_addr_table ((const uint32 CYFAR *)0x48000000u)
 159:Generated_Source\PSoC5/cyfitter_cfg.c **** #define cy_cfg_data_table ((const cy_cfg_addrvalue_t CYFAR *)0x48000088u)
 160:Generated_Source\PSoC5/cyfitter_cfg.c **** 
 161:Generated_Source\PSoC5/cyfitter_cfg.c **** /* IOPORT_7 Address: CYDEV_PRTDSI_PRT12_BASE Size (bytes): 6 */
 162:Generated_Source\PSoC5/cyfitter_cfg.c **** #define BS_IOPORT_7_VAL ((const uint8 CYFAR *)0x4800066Cu)
 163:Generated_Source\PSoC5/cyfitter_cfg.c **** 
 164:Generated_Source\PSoC5/cyfitter_cfg.c **** /* UDB_0_0_0_CONFIG Address: CYDEV_UCFG_B1_P5_U0_BASE Size (bytes): 128 */
 165:Generated_Source\PSoC5/cyfitter_cfg.c **** #define BS_UDB_0_0_0_CONFIG_VAL ((const uint8 CYFAR *)0x48000674u)
 166:Generated_Source\PSoC5/cyfitter_cfg.c **** 
 167:Generated_Source\PSoC5/cyfitter_cfg.c **** /* IOPINS0_0 Address: CYREG_PRT0_DM0 Size (bytes): 8 */
 168:Generated_Source\PSoC5/cyfitter_cfg.c **** #define BS_IOPINS0_0_VAL ((const uint8 CYFAR *)0x480006F4u)
 169:Generated_Source\PSoC5/cyfitter_cfg.c **** 
 170:Generated_Source\PSoC5/cyfitter_cfg.c **** /* IOPINS0_7 Address: CYREG_PRT12_DR Size (bytes): 10 */
 171:Generated_Source\PSoC5/cyfitter_cfg.c **** #define BS_IOPINS0_7_VAL ((const uint8 CYFAR *)0x480006FCu)
 172:Generated_Source\PSoC5/cyfitter_cfg.c **** 
 173:Generated_Source\PSoC5/cyfitter_cfg.c **** /* IOPINS0_1 Address: CYREG_PRT1_DM0 Size (bytes): 8 */
 174:Generated_Source\PSoC5/cyfitter_cfg.c **** #define BS_IOPINS0_1_VAL ((const uint8 CYFAR *)0x48000708u)
 175:Generated_Source\PSoC5/cyfitter_cfg.c **** 
 176:Generated_Source\PSoC5/cyfitter_cfg.c **** /* IOPINS0_2 Address: CYREG_PRT2_DR Size (bytes): 10 */
 177:Generated_Source\PSoC5/cyfitter_cfg.c **** #define BS_IOPINS0_2_VAL ((const uint8 CYFAR *)0x48000710u)
 178:Generated_Source\PSoC5/cyfitter_cfg.c **** 
 179:Generated_Source\PSoC5/cyfitter_cfg.c **** /* IOPINS0_3 Address: CYREG_PRT3_DM0 Size (bytes): 8 */
 180:Generated_Source\PSoC5/cyfitter_cfg.c **** #define BS_IOPINS0_3_VAL ((const uint8 CYFAR *)0x4800071Cu)
 181:Generated_Source\PSoC5/cyfitter_cfg.c **** 
 182:Generated_Source\PSoC5/cyfitter_cfg.c **** 
 183:Generated_Source\PSoC5/cyfitter_cfg.c **** /*******************************************************************************
ARM GAS  C:\Users\MODELA~1\AppData\Local\Temp\ccR9r8Tv.s 			page 5


 184:Generated_Source\PSoC5/cyfitter_cfg.c **** * Function Name: cfg_write_bytes32
 185:Generated_Source\PSoC5/cyfitter_cfg.c **** ********************************************************************************
 186:Generated_Source\PSoC5/cyfitter_cfg.c **** * Summary:
 187:Generated_Source\PSoC5/cyfitter_cfg.c **** *  This function is used for setting up the chip configuration areas that
 188:Generated_Source\PSoC5/cyfitter_cfg.c **** *  contain relatively sparse data.
 189:Generated_Source\PSoC5/cyfitter_cfg.c **** *
 190:Generated_Source\PSoC5/cyfitter_cfg.c **** * Parameters:
 191:Generated_Source\PSoC5/cyfitter_cfg.c **** *   void
 192:Generated_Source\PSoC5/cyfitter_cfg.c **** *
 193:Generated_Source\PSoC5/cyfitter_cfg.c **** * Return:
 194:Generated_Source\PSoC5/cyfitter_cfg.c **** *   void
 195:Generated_Source\PSoC5/cyfitter_cfg.c **** *
 196:Generated_Source\PSoC5/cyfitter_cfg.c **** *******************************************************************************/
 197:Generated_Source\PSoC5/cyfitter_cfg.c **** static void cfg_write_bytes32(const uint32 addr_table[], const cy_cfg_addrvalue_t data_table[]);
 198:Generated_Source\PSoC5/cyfitter_cfg.c **** static void cfg_write_bytes32(const uint32 addr_table[], const cy_cfg_addrvalue_t data_table[])
 199:Generated_Source\PSoC5/cyfitter_cfg.c **** {
  46              		.loc 1 199 0
  47              		.cfi_startproc
  48              		@ args = 0, pretend = 0, frame = 0
  49              		@ frame_needed = 0, uses_anonymous_args = 0
  50              		@ link register save eliminated.
  51              	.LVL1:
  52              		.loc 1 199 0
  53 0000 F0B4     		push	{r4, r5, r6, r7}
  54              		.cfi_def_cfa_offset 16
  55              		.cfi_offset 4, -16
  56              		.cfi_offset 5, -12
  57              		.cfi_offset 6, -8
  58              		.cfi_offset 7, -4
  59              	.LVL2:
 200:Generated_Source\PSoC5/cyfitter_cfg.c **** 	/* For 32-bit little-endian architectures */
 201:Generated_Source\PSoC5/cyfitter_cfg.c **** 	uint32 i, j = 0u;
  60              		.loc 1 201 0
  61 0002 0022     		movs	r2, #0
 202:Generated_Source\PSoC5/cyfitter_cfg.c **** 	for (i = 0u; i < CY_CFG_BASE_ADDR_COUNT; i++)
  62              		.loc 1 202 0
  63 0004 1746     		mov	r7, r2
  64 0006 11E0     		b	.L4
  65              	.LVL3:
  66              	.L7:
  67              	.LBB2:
 203:Generated_Source\PSoC5/cyfitter_cfg.c **** 	{
 204:Generated_Source\PSoC5/cyfitter_cfg.c **** 		uint32 baseAddr = addr_table[i];
  68              		.loc 1 204 0
  69 0008 50F82760 		ldr	r6, [r0, r7, lsl #2]
  70              	.LVL4:
 205:Generated_Source\PSoC5/cyfitter_cfg.c **** 		uint8 count = (uint8)baseAddr;
  71              		.loc 1 205 0
  72 000c F3B2     		uxtb	r3, r6
  73              	.LVL5:
 206:Generated_Source\PSoC5/cyfitter_cfg.c **** 		baseAddr &= 0xFFFFFF00u;
  74              		.loc 1 206 0
  75 000e 26F0FF06 		bic	r6, r6, #255
  76              	.LVL6:
 207:Generated_Source\PSoC5/cyfitter_cfg.c **** 		while (count != 0u)
  77              		.loc 1 207 0
  78 0012 08E0     		b	.L5
ARM GAS  C:\Users\MODELA~1\AppData\Local\Temp\ccR9r8Tv.s 			page 6


  79              	.L6:
 208:Generated_Source\PSoC5/cyfitter_cfg.c **** 		{
 209:Generated_Source\PSoC5/cyfitter_cfg.c **** 			CY_SET_REG8((void *)(baseAddr + data_table[j].offset), data_table[j].value);
  80              		.loc 1 209 0
  81 0014 01EB4205 		add	r5, r1, r2, lsl #1
  82 0018 11F81240 		ldrb	r4, [r1, r2, lsl #1]	@ zero_extendqisi2
  83 001c 6D78     		ldrb	r5, [r5, #1]	@ zero_extendqisi2
  84 001e A555     		strb	r5, [r4, r6]
 210:Generated_Source\PSoC5/cyfitter_cfg.c **** 			j++;
  85              		.loc 1 210 0
  86 0020 0132     		adds	r2, r2, #1
  87              	.LVL7:
 211:Generated_Source\PSoC5/cyfitter_cfg.c **** 			count--;
  88              		.loc 1 211 0
  89 0022 013B     		subs	r3, r3, #1
  90              	.LVL8:
  91 0024 DBB2     		uxtb	r3, r3
  92              	.LVL9:
  93              	.L5:
 207:Generated_Source\PSoC5/cyfitter_cfg.c **** 		{
  94              		.loc 1 207 0
  95 0026 002B     		cmp	r3, #0
  96 0028 F4D1     		bne	.L6
  97              	.LBE2:
 202:Generated_Source\PSoC5/cyfitter_cfg.c **** 	{
  98              		.loc 1 202 0 discriminator 2
  99 002a 0137     		adds	r7, r7, #1
 100              	.LVL10:
 101              	.L4:
 202:Generated_Source\PSoC5/cyfitter_cfg.c **** 	{
 102              		.loc 1 202 0 is_stmt 0 discriminator 1
 103 002c 212F     		cmp	r7, #33
 104 002e EBD9     		bls	.L7
 212:Generated_Source\PSoC5/cyfitter_cfg.c **** 		}
 213:Generated_Source\PSoC5/cyfitter_cfg.c **** 	}
 214:Generated_Source\PSoC5/cyfitter_cfg.c **** }
 105              		.loc 1 214 0 is_stmt 1
 106 0030 F0BC     		pop	{r4, r5, r6, r7}
 107              		.cfi_restore 7
 108              		.cfi_restore 6
 109              		.cfi_restore 5
 110              		.cfi_restore 4
 111              		.cfi_def_cfa_offset 0
 112              	.LVL11:
 113 0032 7047     		bx	lr
 114              		.cfi_endproc
 115              	.LFE4:
 116              		.size	cfg_write_bytes32, .-cfg_write_bytes32
 117              		.section	.text.AnalogSetDefault,"ax",%progbits
 118              		.align	2
 119              		.thumb
 120              		.thumb_func
 121              		.type	AnalogSetDefault, %function
 122              	AnalogSetDefault:
 123              	.LFB6:
 215:Generated_Source\PSoC5/cyfitter_cfg.c **** 
 216:Generated_Source\PSoC5/cyfitter_cfg.c **** /*******************************************************************************
ARM GAS  C:\Users\MODELA~1\AppData\Local\Temp\ccR9r8Tv.s 			page 7


 217:Generated_Source\PSoC5/cyfitter_cfg.c **** * Function Name: ClockSetup
 218:Generated_Source\PSoC5/cyfitter_cfg.c **** ********************************************************************************
 219:Generated_Source\PSoC5/cyfitter_cfg.c **** *
 220:Generated_Source\PSoC5/cyfitter_cfg.c **** * Summary:
 221:Generated_Source\PSoC5/cyfitter_cfg.c **** *  Performs the initialization of all of the clocks in the device based on the
 222:Generated_Source\PSoC5/cyfitter_cfg.c **** *  settings in the Clock tab of the DWR.  This includes enabling the requested
 223:Generated_Source\PSoC5/cyfitter_cfg.c **** *  clocks and setting the necessary dividers to produce the desired frequency. 
 224:Generated_Source\PSoC5/cyfitter_cfg.c **** *
 225:Generated_Source\PSoC5/cyfitter_cfg.c **** * Parameters:
 226:Generated_Source\PSoC5/cyfitter_cfg.c **** *  void
 227:Generated_Source\PSoC5/cyfitter_cfg.c **** *
 228:Generated_Source\PSoC5/cyfitter_cfg.c **** * Return:
 229:Generated_Source\PSoC5/cyfitter_cfg.c **** *  void
 230:Generated_Source\PSoC5/cyfitter_cfg.c **** *
 231:Generated_Source\PSoC5/cyfitter_cfg.c **** *******************************************************************************/
 232:Generated_Source\PSoC5/cyfitter_cfg.c **** static void ClockSetup(void);
 233:Generated_Source\PSoC5/cyfitter_cfg.c **** static void ClockSetup(void)
 234:Generated_Source\PSoC5/cyfitter_cfg.c **** {
 235:Generated_Source\PSoC5/cyfitter_cfg.c **** 	uint32 timeout;
 236:Generated_Source\PSoC5/cyfitter_cfg.c **** 	uint8 pllLock;
 237:Generated_Source\PSoC5/cyfitter_cfg.c **** 
 238:Generated_Source\PSoC5/cyfitter_cfg.c **** 
 239:Generated_Source\PSoC5/cyfitter_cfg.c **** 	/* Configure Digital Clocks based on settings from Clock DWR */
 240:Generated_Source\PSoC5/cyfitter_cfg.c **** 	CY_SET_XTND_REG16((void CYFAR *)(CYREG_CLKDIST_DCFG0_CFG0), 0x0001u);
 241:Generated_Source\PSoC5/cyfitter_cfg.c **** 	CY_SET_XTND_REG8((void CYFAR *)(CYREG_CLKDIST_DCFG0_CFG0 + 0x2u), 0x18u);
 242:Generated_Source\PSoC5/cyfitter_cfg.c **** 	CY_SET_XTND_REG16((void CYFAR *)(CYREG_CLKDIST_DCFG1_CFG0), 0x0017u);
 243:Generated_Source\PSoC5/cyfitter_cfg.c **** 	CY_SET_XTND_REG8((void CYFAR *)(CYREG_CLKDIST_DCFG1_CFG0 + 0x2u), 0x18u);
 244:Generated_Source\PSoC5/cyfitter_cfg.c **** 	CY_SET_XTND_REG16((void CYFAR *)(CYREG_CLKDIST_DCFG2_CFG0), 0x0019u);
 245:Generated_Source\PSoC5/cyfitter_cfg.c **** 	CY_SET_XTND_REG8((void CYFAR *)(CYREG_CLKDIST_DCFG2_CFG0 + 0x2u), 0x18u);
 246:Generated_Source\PSoC5/cyfitter_cfg.c **** 
 247:Generated_Source\PSoC5/cyfitter_cfg.c **** 	/* Configure ILO based on settings from Clock DWR */
 248:Generated_Source\PSoC5/cyfitter_cfg.c **** 	CY_SET_XTND_REG8((void CYFAR *)(CYREG_SLOWCLK_ILO_CR0), 0x02u);
 249:Generated_Source\PSoC5/cyfitter_cfg.c **** 	CY_SET_XTND_REG8((void CYFAR *)(CYREG_CLKDIST_CR), 0x08u);
 250:Generated_Source\PSoC5/cyfitter_cfg.c **** 
 251:Generated_Source\PSoC5/cyfitter_cfg.c **** 	/* Configure IMO based on settings from Clock DWR */
 252:Generated_Source\PSoC5/cyfitter_cfg.c **** 	CY_SET_XTND_REG8((void CYFAR *)(CYREG_FASTCLK_IMO_CR), 0x03u);
 253:Generated_Source\PSoC5/cyfitter_cfg.c **** 	CY_SET_XTND_REG8((void CYFAR *)(CYREG_IMO_TR1), (CY_GET_XTND_REG8((void CYFAR *)CYREG_FLSHID_CUST_
 254:Generated_Source\PSoC5/cyfitter_cfg.c **** 
 255:Generated_Source\PSoC5/cyfitter_cfg.c **** 	/* Configure PLL based on settings from Clock DWR */
 256:Generated_Source\PSoC5/cyfitter_cfg.c **** 	CY_SET_XTND_REG16((void CYFAR *)(CYREG_FASTCLK_PLL_P), 0x0008u);
 257:Generated_Source\PSoC5/cyfitter_cfg.c **** 	CY_SET_XTND_REG16((void CYFAR *)(CYREG_FASTCLK_PLL_CFG0), 0x1251u);
 258:Generated_Source\PSoC5/cyfitter_cfg.c **** 	/* Wait up to 250us for the PLL to lock */
 259:Generated_Source\PSoC5/cyfitter_cfg.c **** 	pllLock = 0u;
 260:Generated_Source\PSoC5/cyfitter_cfg.c **** 	for (timeout = 250u / 10u; (timeout > 0u) && (pllLock != 0x03u); timeout--)
 261:Generated_Source\PSoC5/cyfitter_cfg.c **** 	{ 
 262:Generated_Source\PSoC5/cyfitter_cfg.c **** 		pllLock = 0x03u & ((uint8)((uint8)pllLock << 1) | ((CY_GET_XTND_REG8((void CYFAR *)CYREG_FASTCLK_
 263:Generated_Source\PSoC5/cyfitter_cfg.c **** 		CyDelayCycles(10u * 48u); /* Delay 10us based on 48MHz clock */
 264:Generated_Source\PSoC5/cyfitter_cfg.c **** 	}
 265:Generated_Source\PSoC5/cyfitter_cfg.c **** 	/* If we ran out of time the PLL didn't lock so go to the error function */
 266:Generated_Source\PSoC5/cyfitter_cfg.c **** 	if (timeout == 0u)
 267:Generated_Source\PSoC5/cyfitter_cfg.c **** 	{
 268:Generated_Source\PSoC5/cyfitter_cfg.c **** 		CyClockStartupError(CYCLOCKSTART_PLL_ERROR);
 269:Generated_Source\PSoC5/cyfitter_cfg.c **** 	}
 270:Generated_Source\PSoC5/cyfitter_cfg.c **** 
 271:Generated_Source\PSoC5/cyfitter_cfg.c **** 	/* Configure Bus/Master Clock based on settings from Clock DWR */
 272:Generated_Source\PSoC5/cyfitter_cfg.c **** 	CY_SET_XTND_REG16((void CYFAR *)(CYREG_CLKDIST_MSTR0), 0x0100u);
 273:Generated_Source\PSoC5/cyfitter_cfg.c **** 	CY_SET_XTND_REG8((void CYFAR *)(CYREG_CLKDIST_MSTR0), 0x07u);
ARM GAS  C:\Users\MODELA~1\AppData\Local\Temp\ccR9r8Tv.s 			page 8


 274:Generated_Source\PSoC5/cyfitter_cfg.c **** 	CY_SET_XTND_REG8((void CYFAR *)(CYREG_CLKDIST_BCFG0), 0x00u);
 275:Generated_Source\PSoC5/cyfitter_cfg.c **** 	CY_SET_XTND_REG8((void CYFAR *)(CYREG_CLKDIST_BCFG2), 0x48u);
 276:Generated_Source\PSoC5/cyfitter_cfg.c **** 	CY_SET_XTND_REG8((void CYFAR *)(CYREG_CLKDIST_MSTR0), 0x00u);
 277:Generated_Source\PSoC5/cyfitter_cfg.c **** 	CY_SET_XTND_REG8((void CYFAR *)(CYREG_CLKDIST_LD), 0x02u);
 278:Generated_Source\PSoC5/cyfitter_cfg.c **** 
 279:Generated_Source\PSoC5/cyfitter_cfg.c **** 	CY_SET_XTND_REG8((void CYFAR *)(CYREG_PM_ACT_CFG2), ((CY_GET_XTND_REG8((void CYFAR *)CYREG_PM_ACT_
 280:Generated_Source\PSoC5/cyfitter_cfg.c **** }
 281:Generated_Source\PSoC5/cyfitter_cfg.c **** 
 282:Generated_Source\PSoC5/cyfitter_cfg.c **** 
 283:Generated_Source\PSoC5/cyfitter_cfg.c **** /* Analog API Functions */
 284:Generated_Source\PSoC5/cyfitter_cfg.c **** 
 285:Generated_Source\PSoC5/cyfitter_cfg.c **** 
 286:Generated_Source\PSoC5/cyfitter_cfg.c **** /*******************************************************************************
 287:Generated_Source\PSoC5/cyfitter_cfg.c **** * Function Name: AnalogSetDefault
 288:Generated_Source\PSoC5/cyfitter_cfg.c **** ********************************************************************************
 289:Generated_Source\PSoC5/cyfitter_cfg.c **** *
 290:Generated_Source\PSoC5/cyfitter_cfg.c **** * Summary:
 291:Generated_Source\PSoC5/cyfitter_cfg.c **** *  Sets up the analog portions of the chip to default values based on chip
 292:Generated_Source\PSoC5/cyfitter_cfg.c **** *  configuration options from the project.
 293:Generated_Source\PSoC5/cyfitter_cfg.c **** *
 294:Generated_Source\PSoC5/cyfitter_cfg.c **** * Parameters:
 295:Generated_Source\PSoC5/cyfitter_cfg.c **** *  void
 296:Generated_Source\PSoC5/cyfitter_cfg.c **** *
 297:Generated_Source\PSoC5/cyfitter_cfg.c **** * Return:
 298:Generated_Source\PSoC5/cyfitter_cfg.c **** *  void
 299:Generated_Source\PSoC5/cyfitter_cfg.c **** *
 300:Generated_Source\PSoC5/cyfitter_cfg.c **** *******************************************************************************/
 301:Generated_Source\PSoC5/cyfitter_cfg.c **** static void AnalogSetDefault(void);
 302:Generated_Source\PSoC5/cyfitter_cfg.c **** static void AnalogSetDefault(void)
 303:Generated_Source\PSoC5/cyfitter_cfg.c **** {
 124              		.loc 1 303 0
 125              		.cfi_startproc
 126              		@ args = 0, pretend = 0, frame = 0
 127              		@ frame_needed = 0, uses_anonymous_args = 0
 128              		@ link register save eliminated.
 304:Generated_Source\PSoC5/cyfitter_cfg.c **** 	uint8 bg_xover_inl_trim = CY_GET_XTND_REG8((void CYFAR *)(CYREG_FLSHID_MFG_CFG_BG_XOVER_INL_TRIM +
 129              		.loc 1 304 0
 130 0000 0E4B     		ldr	r3, .L10
 131 0002 1B78     		ldrb	r3, [r3]	@ zero_extendqisi2
 132 0004 DBB2     		uxtb	r3, r3
 133              	.LVL12:
 305:Generated_Source\PSoC5/cyfitter_cfg.c **** 	CY_SET_XTND_REG8((void CYFAR *)(CYREG_BG_DFT0), (bg_xover_inl_trim & 0x07u));
 134              		.loc 1 305 0
 135 0006 03F00701 		and	r1, r3, #7
 136 000a 0D4A     		ldr	r2, .L10+4
 137 000c 1170     		strb	r1, [r2]
 306:Generated_Source\PSoC5/cyfitter_cfg.c **** 	CY_SET_XTND_REG8((void CYFAR *)(CYREG_BG_DFT1), ((bg_xover_inl_trim >> 4) & 0x0Fu));
 138              		.loc 1 306 0
 139 000e 1B09     		lsrs	r3, r3, #4
 140              	.LVL13:
 141 0010 0132     		adds	r2, r2, #1
 142 0012 1370     		strb	r3, [r2]
 307:Generated_Source\PSoC5/cyfitter_cfg.c **** 	CY_SET_XTND_REG8((void CYFAR *)CYREG_PRT0_AG, 0x40u);
 143              		.loc 1 307 0
 144 0014 4023     		movs	r3, #64
 145 0016 A2F26272 		subw	r2, r2, #1890
 146 001a 1370     		strb	r3, [r2]
ARM GAS  C:\Users\MODELA~1\AppData\Local\Temp\ccR9r8Tv.s 			page 9


 308:Generated_Source\PSoC5/cyfitter_cfg.c **** 	CY_SET_XTND_REG8((void CYFAR *)CYREG_PRT3_AG, 0x40u);
 147              		.loc 1 308 0
 148 001c 3032     		adds	r2, r2, #48
 149 001e 1370     		strb	r3, [r2]
 309:Generated_Source\PSoC5/cyfitter_cfg.c **** 	CY_SET_XTND_REG8((void CYFAR *)CYREG_CMP1_SW3, 0x40u);
 150              		.loc 1 309 0
 151 0020 02F68E12 		addw	r2, r2, #2446
 152 0024 1370     		strb	r3, [r2]
 310:Generated_Source\PSoC5/cyfitter_cfg.c **** 	CY_SET_XTND_REG8((void CYFAR *)CYREG_CMP1_SW4, 0x40u);
 153              		.loc 1 310 0
 154 0026 0132     		adds	r2, r2, #1
 155 0028 1370     		strb	r3, [r2]
 311:Generated_Source\PSoC5/cyfitter_cfg.c **** 	CY_SET_XTND_REG8((void CYFAR *)CYREG_CMP2_SW0, 0x40u);
 156              		.loc 1 311 0
 157 002a 0432     		adds	r2, r2, #4
 158 002c 1370     		strb	r3, [r2]
 312:Generated_Source\PSoC5/cyfitter_cfg.c **** 	CY_SET_XTND_REG8((void CYFAR *)CYREG_CMP2_SW3, 0x40u);
 159              		.loc 1 312 0
 160 002e 0332     		adds	r2, r2, #3
 161 0030 1370     		strb	r3, [r2]
 313:Generated_Source\PSoC5/cyfitter_cfg.c **** 	CY_SET_XTND_REG8((void CYFAR *)CYREG_PUMP_CR0, 0x44u);
 162              		.loc 1 313 0
 163 0032 4422     		movs	r2, #68
 164 0034 034B     		ldr	r3, .L10+8
 165 0036 1A70     		strb	r2, [r3]
 166 0038 7047     		bx	lr
 167              	.L11:
 168 003a 00BF     		.align	2
 169              	.L10:
 170 003c CF010049 		.word	1224737231
 171 0040 6E580040 		.word	1073764462
 172 0044 76580040 		.word	1073764470
 173              		.cfi_endproc
 174              	.LFE6:
 175              		.size	AnalogSetDefault, .-AnalogSetDefault
 176              		.section	.text.CYMEMZERO,"ax",%progbits
 177              		.align	2
 178              		.thumb
 179              		.thumb_func
 180              		.type	CYMEMZERO, %function
 181              	CYMEMZERO:
 182              	.LFB0:
  78:Generated_Source\PSoC5/cyfitter_cfg.c **** 	(void)memset(s, 0, n);
 183              		.loc 1 78 0
 184              		.cfi_startproc
 185              		@ args = 0, pretend = 0, frame = 0
 186              		@ frame_needed = 0, uses_anonymous_args = 0
 187              	.LVL14:
 188 0000 08B5     		push	{r3, lr}
 189              		.cfi_def_cfa_offset 8
 190              		.cfi_offset 3, -8
 191              		.cfi_offset 14, -4
  79:Generated_Source\PSoC5/cyfitter_cfg.c **** }
 192              		.loc 1 79 0
 193 0002 0A46     		mov	r2, r1
 194 0004 0021     		movs	r1, #0
 195              	.LVL15:
ARM GAS  C:\Users\MODELA~1\AppData\Local\Temp\ccR9r8Tv.s 			page 10


 196 0006 FFF7FEFF 		bl	memset
 197              	.LVL16:
 198 000a 08BD     		pop	{r3, pc}
 199              		.cfi_endproc
 200              	.LFE0:
 201              		.size	CYMEMZERO, .-CYMEMZERO
 202              		.section	.text.ClockSetup,"ax",%progbits
 203              		.align	2
 204              		.thumb
 205              		.thumb_func
 206              		.type	ClockSetup, %function
 207              	ClockSetup:
 208              	.LFB5:
 234:Generated_Source\PSoC5/cyfitter_cfg.c **** 	uint32 timeout;
 209              		.loc 1 234 0
 210              		.cfi_startproc
 211              		@ args = 0, pretend = 0, frame = 0
 212              		@ frame_needed = 0, uses_anonymous_args = 0
 213 0000 38B5     		push	{r3, r4, r5, lr}
 214              		.cfi_def_cfa_offset 16
 215              		.cfi_offset 3, -16
 216              		.cfi_offset 4, -12
 217              		.cfi_offset 5, -8
 218              		.cfi_offset 14, -4
 240:Generated_Source\PSoC5/cyfitter_cfg.c **** 	CY_SET_XTND_REG8((void CYFAR *)(CYREG_CLKDIST_DCFG0_CFG0 + 0x2u), 0x18u);
 219              		.loc 1 240 0
 220 0002 0122     		movs	r2, #1
 221 0004 284B     		ldr	r3, .L20
 222 0006 1A80     		strh	r2, [r3]	@ movhi
 241:Generated_Source\PSoC5/cyfitter_cfg.c **** 	CY_SET_XTND_REG16((void CYFAR *)(CYREG_CLKDIST_DCFG1_CFG0), 0x0017u);
 223              		.loc 1 241 0
 224 0008 1823     		movs	r3, #24
 225 000a 284A     		ldr	r2, .L20+4
 226 000c 1370     		strb	r3, [r2]
 242:Generated_Source\PSoC5/cyfitter_cfg.c **** 	CY_SET_XTND_REG8((void CYFAR *)(CYREG_CLKDIST_DCFG1_CFG0 + 0x2u), 0x18u);
 227              		.loc 1 242 0
 228 000e 1721     		movs	r1, #23
 229 0010 0232     		adds	r2, r2, #2
 230 0012 1180     		strh	r1, [r2]	@ movhi
 243:Generated_Source\PSoC5/cyfitter_cfg.c **** 	CY_SET_XTND_REG16((void CYFAR *)(CYREG_CLKDIST_DCFG2_CFG0), 0x0019u);
 231              		.loc 1 243 0
 232 0014 0232     		adds	r2, r2, #2
 233 0016 1370     		strb	r3, [r2]
 244:Generated_Source\PSoC5/cyfitter_cfg.c **** 	CY_SET_XTND_REG8((void CYFAR *)(CYREG_CLKDIST_DCFG2_CFG0 + 0x2u), 0x18u);
 234              		.loc 1 244 0
 235 0018 1925     		movs	r5, #25
 236 001a 0232     		adds	r2, r2, #2
 237 001c 1580     		strh	r5, [r2]	@ movhi
 245:Generated_Source\PSoC5/cyfitter_cfg.c **** 
 238              		.loc 1 245 0
 239 001e 0232     		adds	r2, r2, #2
 240 0020 1370     		strb	r3, [r2]
 248:Generated_Source\PSoC5/cyfitter_cfg.c **** 	CY_SET_XTND_REG8((void CYFAR *)(CYREG_CLKDIST_CR), 0x08u);
 241              		.loc 1 248 0
 242 0022 0222     		movs	r2, #2
 243 0024 224B     		ldr	r3, .L20+8
 244 0026 1A70     		strb	r2, [r3]
ARM GAS  C:\Users\MODELA~1\AppData\Local\Temp\ccR9r8Tv.s 			page 11


 249:Generated_Source\PSoC5/cyfitter_cfg.c **** 
 245              		.loc 1 249 0
 246 0028 0822     		movs	r2, #8
 247 002a 4FF04023 		mov	r3, #1073758208
 248 002e 1A70     		strb	r2, [r3]
 252:Generated_Source\PSoC5/cyfitter_cfg.c **** 	CY_SET_XTND_REG8((void CYFAR *)(CYREG_IMO_TR1), (CY_GET_XTND_REG8((void CYFAR *)CYREG_FLSHID_CUST_
 249              		.loc 1 252 0
 250 0030 0321     		movs	r1, #3
 251 0032 03F50073 		add	r3, r3, #512
 252 0036 1970     		strb	r1, [r3]
 253:Generated_Source\PSoC5/cyfitter_cfg.c **** 
 253              		.loc 1 253 0
 254 0038 1E4B     		ldr	r3, .L20+12
 255 003a 1B78     		ldrb	r3, [r3]	@ zero_extendqisi2
 256 003c DBB2     		uxtb	r3, r3
 257 003e 1E49     		ldr	r1, .L20+16
 258 0040 0B70     		strb	r3, [r1]
 256:Generated_Source\PSoC5/cyfitter_cfg.c **** 	CY_SET_XTND_REG16((void CYFAR *)(CYREG_FASTCLK_PLL_CFG0), 0x1251u);
 259              		.loc 1 256 0
 260 0042 1E4B     		ldr	r3, .L20+20
 261 0044 1A80     		strh	r2, [r3]	@ movhi
 257:Generated_Source\PSoC5/cyfitter_cfg.c **** 	/* Wait up to 250us for the PLL to lock */
 262              		.loc 1 257 0
 263 0046 41F25122 		movw	r2, #4689
 264 004a 023B     		subs	r3, r3, #2
 265 004c 1A80     		strh	r2, [r3]	@ movhi
 266              	.LVL17:
 259:Generated_Source\PSoC5/cyfitter_cfg.c **** 	for (timeout = 250u / 10u; (timeout > 0u) && (pllLock != 0x03u); timeout--)
 267              		.loc 1 259 0
 268 004e 0024     		movs	r4, #0
 260:Generated_Source\PSoC5/cyfitter_cfg.c **** 	{ 
 269              		.loc 1 260 0
 270 0050 0CE0     		b	.L15
 271              	.LVL18:
 272              	.L17:
 262:Generated_Source\PSoC5/cyfitter_cfg.c **** 		CyDelayCycles(10u * 48u); /* Delay 10us based on 48MHz clock */
 273              		.loc 1 262 0 discriminator 4
 274 0052 1B4B     		ldr	r3, .L20+24
 275 0054 1B78     		ldrb	r3, [r3]	@ zero_extendqisi2
 276 0056 03F00103 		and	r3, r3, #1
 277 005a 43EA4404 		orr	r4, r3, r4, lsl #1
 278              	.LVL19:
 279 005e 04F00304 		and	r4, r4, #3
 280              	.LVL20:
 263:Generated_Source\PSoC5/cyfitter_cfg.c **** 	}
 281              		.loc 1 263 0 discriminator 4
 282 0062 4FF4F070 		mov	r0, #480
 283 0066 FFF7FEFF 		bl	CyDelayCycles
 284              	.LVL21:
 260:Generated_Source\PSoC5/cyfitter_cfg.c **** 	{ 
 285              		.loc 1 260 0 discriminator 4
 286 006a 013D     		subs	r5, r5, #1
 287              	.LVL22:
 288              	.L15:
 260:Generated_Source\PSoC5/cyfitter_cfg.c **** 	{ 
 289              		.loc 1 260 0 is_stmt 0 discriminator 1
 290 006c 0DB1     		cbz	r5, .L16
ARM GAS  C:\Users\MODELA~1\AppData\Local\Temp\ccR9r8Tv.s 			page 12


 260:Generated_Source\PSoC5/cyfitter_cfg.c **** 	{ 
 291              		.loc 1 260 0 discriminator 3
 292 006e 032C     		cmp	r4, #3
 293 0070 EFD1     		bne	.L17
 294              	.L16:
 266:Generated_Source\PSoC5/cyfitter_cfg.c **** 	{
 295              		.loc 1 266 0 is_stmt 1
 296 0072 15B9     		cbnz	r5, .L18
 268:Generated_Source\PSoC5/cyfitter_cfg.c **** 	}
 297              		.loc 1 268 0
 298 0074 0320     		movs	r0, #3
 299 0076 FFF7FEFF 		bl	CyClockStartupError
 300              	.LVL23:
 301              	.L18:
 272:Generated_Source\PSoC5/cyfitter_cfg.c **** 	CY_SET_XTND_REG8((void CYFAR *)(CYREG_CLKDIST_MSTR0), 0x07u);
 302              		.loc 1 272 0
 303 007a 124B     		ldr	r3, .L20+28
 304 007c 4FF48072 		mov	r2, #256
 305 0080 1A80     		strh	r2, [r3]	@ movhi
 273:Generated_Source\PSoC5/cyfitter_cfg.c **** 	CY_SET_XTND_REG8((void CYFAR *)(CYREG_CLKDIST_BCFG0), 0x00u);
 306              		.loc 1 273 0
 307 0082 0722     		movs	r2, #7
 308 0084 1A70     		strb	r2, [r3]
 274:Generated_Source\PSoC5/cyfitter_cfg.c **** 	CY_SET_XTND_REG8((void CYFAR *)(CYREG_CLKDIST_BCFG2), 0x48u);
 309              		.loc 1 274 0
 310 0086 0022     		movs	r2, #0
 311 0088 0F49     		ldr	r1, .L20+32
 312 008a 0A70     		strb	r2, [r1]
 275:Generated_Source\PSoC5/cyfitter_cfg.c **** 	CY_SET_XTND_REG8((void CYFAR *)(CYREG_CLKDIST_MSTR0), 0x00u);
 313              		.loc 1 275 0
 314 008c 4820     		movs	r0, #72
 315 008e 0231     		adds	r1, r1, #2
 316 0090 0870     		strb	r0, [r1]
 276:Generated_Source\PSoC5/cyfitter_cfg.c **** 	CY_SET_XTND_REG8((void CYFAR *)(CYREG_CLKDIST_LD), 0x02u);
 317              		.loc 1 276 0
 318 0092 1A70     		strb	r2, [r3]
 277:Generated_Source\PSoC5/cyfitter_cfg.c **** 
 319              		.loc 1 277 0
 320 0094 0222     		movs	r2, #2
 321 0096 033B     		subs	r3, r3, #3
 322 0098 1A70     		strb	r2, [r3]
 279:Generated_Source\PSoC5/cyfitter_cfg.c **** }
 323              		.loc 1 279 0
 324 009a 0C4A     		ldr	r2, .L20+36
 325 009c 1378     		ldrb	r3, [r2]	@ zero_extendqisi2
 326 009e 43F00703 		orr	r3, r3, #7
 327 00a2 1370     		strb	r3, [r2]
 328 00a4 38BD     		pop	{r3, r4, r5, pc}
 329              	.LVL24:
 330              	.L21:
 331 00a6 00BF     		.align	2
 332              	.L20:
 333 00a8 80400040 		.word	1073758336
 334 00ac 82400040 		.word	1073758338
 335 00b0 00430040 		.word	1073758976
 336 00b4 08010049 		.word	1224737032
 337 00b8 A1460040 		.word	1073759905
ARM GAS  C:\Users\MODELA~1\AppData\Local\Temp\ccR9r8Tv.s 			page 13


 338 00bc 22420040 		.word	1073758754
 339 00c0 25420040 		.word	1073758757
 340 00c4 04400040 		.word	1073758212
 341 00c8 06400040 		.word	1073758214
 342 00cc A2430040 		.word	1073759138
 343              		.cfi_endproc
 344              	.LFE5:
 345              		.size	ClockSetup, .-ClockSetup
 346              		.section	.text.CYCONFIGCPY,"ax",%progbits
 347              		.align	2
 348              		.thumb
 349              		.thumb_func
 350              		.type	CYCONFIGCPY, %function
 351              	CYCONFIGCPY:
 352              	.LFB1:
  85:Generated_Source\PSoC5/cyfitter_cfg.c **** 	(void)memcpy(dest, src, n);
 353              		.loc 1 85 0
 354              		.cfi_startproc
 355              		@ args = 0, pretend = 0, frame = 0
 356              		@ frame_needed = 0, uses_anonymous_args = 0
 357              	.LVL25:
 358 0000 08B5     		push	{r3, lr}
 359              		.cfi_def_cfa_offset 8
 360              		.cfi_offset 3, -8
 361              		.cfi_offset 14, -4
  86:Generated_Source\PSoC5/cyfitter_cfg.c **** }
 362              		.loc 1 86 0
 363 0002 FFF7FEFF 		bl	memcpy
 364              	.LVL26:
 365 0006 08BD     		pop	{r3, pc}
 366              		.cfi_endproc
 367              	.LFE1:
 368              		.size	CYCONFIGCPY, .-CYCONFIGCPY
 369              		.section	.text.SetAnalogRoutingPumps,"ax",%progbits
 370              		.align	2
 371              		.global	SetAnalogRoutingPumps
 372              		.thumb
 373              		.thumb_func
 374              		.type	SetAnalogRoutingPumps, %function
 375              	SetAnalogRoutingPumps:
 376              	.LFB7:
 314:Generated_Source\PSoC5/cyfitter_cfg.c **** }
 315:Generated_Source\PSoC5/cyfitter_cfg.c **** 
 316:Generated_Source\PSoC5/cyfitter_cfg.c **** 
 317:Generated_Source\PSoC5/cyfitter_cfg.c **** /*******************************************************************************
 318:Generated_Source\PSoC5/cyfitter_cfg.c **** * Function Name: SetAnalogRoutingPumps
 319:Generated_Source\PSoC5/cyfitter_cfg.c **** ********************************************************************************
 320:Generated_Source\PSoC5/cyfitter_cfg.c **** *
 321:Generated_Source\PSoC5/cyfitter_cfg.c **** * Summary:
 322:Generated_Source\PSoC5/cyfitter_cfg.c **** * Enables or disables the analog pumps feeding analog routing switches.
 323:Generated_Source\PSoC5/cyfitter_cfg.c **** * Intended to be called at startup, based on the Vdda system configuration;
 324:Generated_Source\PSoC5/cyfitter_cfg.c **** * may be called during operation when the user informs us that the Vdda voltage
 325:Generated_Source\PSoC5/cyfitter_cfg.c **** * crossed the pump threshold.
 326:Generated_Source\PSoC5/cyfitter_cfg.c **** *
 327:Generated_Source\PSoC5/cyfitter_cfg.c **** * Parameters:
 328:Generated_Source\PSoC5/cyfitter_cfg.c **** *  enabled - 1 to enable the pumps, 0 to disable the pumps
 329:Generated_Source\PSoC5/cyfitter_cfg.c **** *
ARM GAS  C:\Users\MODELA~1\AppData\Local\Temp\ccR9r8Tv.s 			page 14


 330:Generated_Source\PSoC5/cyfitter_cfg.c **** * Return:
 331:Generated_Source\PSoC5/cyfitter_cfg.c **** *  void
 332:Generated_Source\PSoC5/cyfitter_cfg.c **** *
 333:Generated_Source\PSoC5/cyfitter_cfg.c **** *******************************************************************************/
 334:Generated_Source\PSoC5/cyfitter_cfg.c **** void SetAnalogRoutingPumps(uint8 enabled)
 335:Generated_Source\PSoC5/cyfitter_cfg.c **** {
 377              		.loc 1 335 0
 378              		.cfi_startproc
 379              		@ args = 0, pretend = 0, frame = 0
 380              		@ frame_needed = 0, uses_anonymous_args = 0
 381              		@ link register save eliminated.
 382              	.LVL27:
 336:Generated_Source\PSoC5/cyfitter_cfg.c **** 	uint8 regValue = CY_GET_XTND_REG8((void CYFAR *)CYREG_PUMP_CR0);
 383              		.loc 1 336 0
 384 0000 054B     		ldr	r3, .L27
 385 0002 1B78     		ldrb	r3, [r3]	@ zero_extendqisi2
 386 0004 DBB2     		uxtb	r3, r3
 387              	.LVL28:
 337:Generated_Source\PSoC5/cyfitter_cfg.c **** 	if (enabled != 0u)
 388              		.loc 1 337 0
 389 0006 10B1     		cbz	r0, .L25
 338:Generated_Source\PSoC5/cyfitter_cfg.c **** 	{
 339:Generated_Source\PSoC5/cyfitter_cfg.c **** 		regValue |= 0x22u;
 390              		.loc 1 339 0
 391 0008 43F02203 		orr	r3, r3, #34
 392              	.LVL29:
 393 000c 01E0     		b	.L26
 394              	.L25:
 340:Generated_Source\PSoC5/cyfitter_cfg.c **** 	}
 341:Generated_Source\PSoC5/cyfitter_cfg.c **** 	else
 342:Generated_Source\PSoC5/cyfitter_cfg.c **** 	{
 343:Generated_Source\PSoC5/cyfitter_cfg.c **** 		regValue &= (uint8)~0x22u;
 395              		.loc 1 343 0
 396 000e 03F0DD03 		and	r3, r3, #221
 397              	.LVL30:
 398              	.L26:
 344:Generated_Source\PSoC5/cyfitter_cfg.c **** 	}
 345:Generated_Source\PSoC5/cyfitter_cfg.c **** 	CY_SET_XTND_REG8((void CYFAR *)CYREG_PUMP_CR0, regValue);
 399              		.loc 1 345 0
 400 0012 014A     		ldr	r2, .L27
 401 0014 1370     		strb	r3, [r2]
 402 0016 7047     		bx	lr
 403              	.L28:
 404              		.align	2
 405              	.L27:
 406 0018 76580040 		.word	1073764470
 407              		.cfi_endproc
 408              	.LFE7:
 409              		.size	SetAnalogRoutingPumps, .-SetAnalogRoutingPumps
 410              		.section	.text.cyfitter_cfg,"ax",%progbits
 411              		.align	2
 412              		.global	cyfitter_cfg
 413              		.thumb
 414              		.thumb_func
 415              		.type	cyfitter_cfg, %function
 416              	cyfitter_cfg:
 417              	.LFB8:
ARM GAS  C:\Users\MODELA~1\AppData\Local\Temp\ccR9r8Tv.s 			page 15


 346:Generated_Source\PSoC5/cyfitter_cfg.c **** }
 347:Generated_Source\PSoC5/cyfitter_cfg.c **** 
 348:Generated_Source\PSoC5/cyfitter_cfg.c **** 
 349:Generated_Source\PSoC5/cyfitter_cfg.c **** 
 350:Generated_Source\PSoC5/cyfitter_cfg.c **** 
 351:Generated_Source\PSoC5/cyfitter_cfg.c **** /*******************************************************************************
 352:Generated_Source\PSoC5/cyfitter_cfg.c **** * Function Name: cyfitter_cfg
 353:Generated_Source\PSoC5/cyfitter_cfg.c **** ********************************************************************************
 354:Generated_Source\PSoC5/cyfitter_cfg.c **** * Summary:
 355:Generated_Source\PSoC5/cyfitter_cfg.c **** *  This function is called by the start-up code for the selected device. It
 356:Generated_Source\PSoC5/cyfitter_cfg.c **** *  performs all of the necessary device configuration based on the design
 357:Generated_Source\PSoC5/cyfitter_cfg.c **** *  settings.  This includes settings from the Design Wide Resources (DWR) such
 358:Generated_Source\PSoC5/cyfitter_cfg.c **** *  as Clocks and Pins as well as any component configuration that is necessary.
 359:Generated_Source\PSoC5/cyfitter_cfg.c **** *
 360:Generated_Source\PSoC5/cyfitter_cfg.c **** * Parameters:
 361:Generated_Source\PSoC5/cyfitter_cfg.c **** *   void
 362:Generated_Source\PSoC5/cyfitter_cfg.c **** *
 363:Generated_Source\PSoC5/cyfitter_cfg.c **** * Return:
 364:Generated_Source\PSoC5/cyfitter_cfg.c **** *   void
 365:Generated_Source\PSoC5/cyfitter_cfg.c **** *
 366:Generated_Source\PSoC5/cyfitter_cfg.c **** *******************************************************************************/
 367:Generated_Source\PSoC5/cyfitter_cfg.c **** 
 368:Generated_Source\PSoC5/cyfitter_cfg.c **** void cyfitter_cfg(void)
 369:Generated_Source\PSoC5/cyfitter_cfg.c **** {
 418              		.loc 1 369 0
 419              		.cfi_startproc
 420              		@ args = 0, pretend = 0, frame = 0
 421              		@ frame_needed = 0, uses_anonymous_args = 0
 422 0000 38B5     		push	{r3, r4, r5, lr}
 423              		.cfi_def_cfa_offset 16
 424              		.cfi_offset 3, -16
 425              		.cfi_offset 4, -12
 426              		.cfi_offset 5, -8
 427              		.cfi_offset 14, -4
 370:Generated_Source\PSoC5/cyfitter_cfg.c **** #ifdef CYGlobalIntDisable
 371:Generated_Source\PSoC5/cyfitter_cfg.c **** 	/* Disable interrupts by default. Let user enable if/when they want. */
 372:Generated_Source\PSoC5/cyfitter_cfg.c **** 	CYGlobalIntDisable
 428              		.loc 1 372 0
 429              		.syntax unified
 430              	@ 372 "Generated_Source\PSoC5\cyfitter_cfg.c" 1
 431 0002 72B6     		CPSID   i
 432              	@ 0 "" 2
 373:Generated_Source\PSoC5/cyfitter_cfg.c **** #endif
 374:Generated_Source\PSoC5/cyfitter_cfg.c **** 
 375:Generated_Source\PSoC5/cyfitter_cfg.c **** 	/* Enable/Disable Debug functionality based on settings from System DWR */
 376:Generated_Source\PSoC5/cyfitter_cfg.c **** 	CY_SET_XTND_REG8((void CYFAR *)CYREG_MLOGIC_DEBUG, (CY_GET_XTND_REG8((void CYFAR *)CYREG_MLOGIC_DE
 433              		.loc 1 376 0
 434              		.thumb
 435              		.syntax unified
 436 0004 3C4A     		ldr	r2, .L35
 437 0006 1378     		ldrb	r3, [r2]	@ zero_extendqisi2
 438 0008 43F00403 		orr	r3, r3, #4
 439 000c 1370     		strb	r3, [r2]
 440              	.LVL31:
 441              	.LBB3:
 377:Generated_Source\PSoC5/cyfitter_cfg.c **** 
 378:Generated_Source\PSoC5/cyfitter_cfg.c **** 	{
ARM GAS  C:\Users\MODELA~1\AppData\Local\Temp\ccR9r8Tv.s 			page 16


 379:Generated_Source\PSoC5/cyfitter_cfg.c **** 
 380:Generated_Source\PSoC5/cyfitter_cfg.c **** 		CYPACKED typedef struct {
 381:Generated_Source\PSoC5/cyfitter_cfg.c **** 			void CYFAR *address;
 382:Generated_Source\PSoC5/cyfitter_cfg.c **** 			uint16 size;
 383:Generated_Source\PSoC5/cyfitter_cfg.c **** 		} CYPACKED_ATTR cfg_memset_t;
 384:Generated_Source\PSoC5/cyfitter_cfg.c **** 
 385:Generated_Source\PSoC5/cyfitter_cfg.c **** 
 386:Generated_Source\PSoC5/cyfitter_cfg.c **** 		CYPACKED typedef struct {
 387:Generated_Source\PSoC5/cyfitter_cfg.c **** 			void CYFAR *dest;
 388:Generated_Source\PSoC5/cyfitter_cfg.c **** 			const void CYFAR *src;
 389:Generated_Source\PSoC5/cyfitter_cfg.c **** 			uint16 size;
 390:Generated_Source\PSoC5/cyfitter_cfg.c **** 		} CYPACKED_ATTR cfg_memcpy_t;
 391:Generated_Source\PSoC5/cyfitter_cfg.c **** 
 392:Generated_Source\PSoC5/cyfitter_cfg.c **** 		static const cfg_memset_t CYCODE cfg_memset_list[] = {
 393:Generated_Source\PSoC5/cyfitter_cfg.c **** 			/* address, size */
 394:Generated_Source\PSoC5/cyfitter_cfg.c **** 			{(void CYFAR *)(CYREG_TMR0_CFG0), 12u},
 395:Generated_Source\PSoC5/cyfitter_cfg.c **** 			{(void CYFAR *)(CYREG_PRT4_DR), 48u},
 396:Generated_Source\PSoC5/cyfitter_cfg.c **** 			{(void CYFAR *)(CYREG_PRT15_DR), 16u},
 397:Generated_Source\PSoC5/cyfitter_cfg.c **** 			{(void CYFAR *)(CYDEV_UCFG_B0_P0_U0_BASE), 4096u},
 398:Generated_Source\PSoC5/cyfitter_cfg.c **** 			{(void CYFAR *)(CYDEV_UCFG_B1_P2_U0_BASE), 1536u},
 399:Generated_Source\PSoC5/cyfitter_cfg.c **** 			{(void CYFAR *)(CYDEV_UCFG_B1_P5_U1_BASE), 384u},
 400:Generated_Source\PSoC5/cyfitter_cfg.c **** 			{(void CYFAR *)(CYDEV_UCFG_DSI0_BASE), 2560u},
 401:Generated_Source\PSoC5/cyfitter_cfg.c **** 			{(void CYFAR *)(CYDEV_UCFG_DSI12_BASE), 512u},
 402:Generated_Source\PSoC5/cyfitter_cfg.c **** 			{(void CYFAR *)(CYREG_BCTL0_MDCLK_EN), 32u},
 403:Generated_Source\PSoC5/cyfitter_cfg.c **** 		};
 404:Generated_Source\PSoC5/cyfitter_cfg.c **** 
 405:Generated_Source\PSoC5/cyfitter_cfg.c **** 		static const cfg_memcpy_t CYCODE cfg_memcpy_list [] = {
 406:Generated_Source\PSoC5/cyfitter_cfg.c **** 			/* dest, src, size */
 407:Generated_Source\PSoC5/cyfitter_cfg.c **** 			{(void CYFAR *)(CYDEV_PRTDSI_PRT12_BASE), BS_IOPORT_7_VAL, 6u},
 408:Generated_Source\PSoC5/cyfitter_cfg.c **** 			{(void CYFAR *)(CYDEV_UCFG_B1_P5_U0_BASE), BS_UDB_0_0_0_CONFIG_VAL, 128u},
 409:Generated_Source\PSoC5/cyfitter_cfg.c **** 		};
 410:Generated_Source\PSoC5/cyfitter_cfg.c **** 
 411:Generated_Source\PSoC5/cyfitter_cfg.c **** 		uint8 CYDATA i;
 412:Generated_Source\PSoC5/cyfitter_cfg.c **** 
 413:Generated_Source\PSoC5/cyfitter_cfg.c **** 		/* Zero out critical memory blocks before beginning configuration */
 414:Generated_Source\PSoC5/cyfitter_cfg.c **** 		for (i = 0u; i < (sizeof(cfg_memset_list)/sizeof(cfg_memset_list[0])); i++)
 442              		.loc 1 414 0
 443 000e 0024     		movs	r4, #0
 444 0010 0CE0     		b	.L30
 445              	.LVL32:
 446              	.L31:
 447              	.LBB4:
 415:Generated_Source\PSoC5/cyfitter_cfg.c **** 		{
 416:Generated_Source\PSoC5/cyfitter_cfg.c **** 			const cfg_memset_t CYCODE * CYDATA ms = &cfg_memset_list[i];
 417:Generated_Source\PSoC5/cyfitter_cfg.c **** 			CYMEMZERO(ms->address, (size_t)(uint32)(ms->size));
 448              		.loc 1 417 0 discriminator 3
 449 0012 3A4D     		ldr	r5, .L35+4
 450 0014 6300     		lsls	r3, r4, #1
 451 0016 1919     		adds	r1, r3, r4
 452 0018 4A00     		lsls	r2, r1, #1
 453 001a 1146     		mov	r1, r2
 454 001c 2A44     		add	r2, r2, r5
 455 001e 0846     		mov	r0, r1
 456 0020 9188     		ldrh	r1, [r2, #4]
 457 0022 2858     		ldr	r0, [r5, r0]	@ unaligned
 458 0024 FFF7FEFF 		bl	CYMEMZERO
 459              	.LVL33:
ARM GAS  C:\Users\MODELA~1\AppData\Local\Temp\ccR9r8Tv.s 			page 17


 460              	.LBE4:
 414:Generated_Source\PSoC5/cyfitter_cfg.c **** 		{
 461              		.loc 1 414 0 discriminator 3
 462 0028 0134     		adds	r4, r4, #1
 463              	.LVL34:
 464 002a E4B2     		uxtb	r4, r4
 465              	.LVL35:
 466              	.L30:
 414:Generated_Source\PSoC5/cyfitter_cfg.c **** 		{
 467              		.loc 1 414 0 is_stmt 0 discriminator 1
 468 002c 082C     		cmp	r4, #8
 469 002e F0D9     		bls	.L31
 470 0030 0024     		movs	r4, #0
 471              	.LVL36:
 472 0032 0CE0     		b	.L32
 473              	.LVL37:
 474              	.L33:
 475              	.LBB5:
 418:Generated_Source\PSoC5/cyfitter_cfg.c **** 		}
 419:Generated_Source\PSoC5/cyfitter_cfg.c **** 
 420:Generated_Source\PSoC5/cyfitter_cfg.c **** 		/* Copy device configuration data into registers */
 421:Generated_Source\PSoC5/cyfitter_cfg.c **** 		for (i = 0u; i < (sizeof(cfg_memcpy_list)/sizeof(cfg_memcpy_list[0])); i++)
 422:Generated_Source\PSoC5/cyfitter_cfg.c **** 		{
 423:Generated_Source\PSoC5/cyfitter_cfg.c **** 			const cfg_memcpy_t CYCODE * CYDATA mc = &cfg_memcpy_list[i];
 424:Generated_Source\PSoC5/cyfitter_cfg.c **** 			void * CYDATA destPtr = mc->dest;
 476              		.loc 1 424 0 is_stmt 1 discriminator 3
 477 0034 3148     		ldr	r0, .L35+4
 478 0036 A200     		lsls	r2, r4, #2
 479 0038 1119     		adds	r1, r2, r4
 480 003a 4B00     		lsls	r3, r1, #1
 481 003c 0344     		add	r3, r3, r0
 482              	.LVL38:
 425:Generated_Source\PSoC5/cyfitter_cfg.c **** 			const void * CYDATA srcPtr = mc->src;
 426:Generated_Source\PSoC5/cyfitter_cfg.c **** 			uint16 CYDATA numBytes = mc->size;
 427:Generated_Source\PSoC5/cyfitter_cfg.c **** 			CYCONFIGCPY(destPtr, srcPtr, numBytes);
 483              		.loc 1 427 0 discriminator 3
 484 003e B3F84020 		ldrh	r2, [r3, #64]
 485 0042 D96B     		ldr	r1, [r3, #60]	@ unaligned
 486              	.LVL39:
 487 0044 986B     		ldr	r0, [r3, #56]	@ unaligned
 488              	.LVL40:
 489 0046 FFF7FEFF 		bl	CYCONFIGCPY
 490              	.LVL41:
 491              	.LBE5:
 421:Generated_Source\PSoC5/cyfitter_cfg.c **** 		{
 492              		.loc 1 421 0 discriminator 3
 493 004a 0134     		adds	r4, r4, #1
 494              	.LVL42:
 495 004c E4B2     		uxtb	r4, r4
 496              	.LVL43:
 497              	.L32:
 421:Generated_Source\PSoC5/cyfitter_cfg.c **** 		{
 498              		.loc 1 421 0 is_stmt 0 discriminator 1
 499 004e 012C     		cmp	r4, #1
 500 0050 F0D9     		bls	.L33
 428:Generated_Source\PSoC5/cyfitter_cfg.c **** 		}
 429:Generated_Source\PSoC5/cyfitter_cfg.c **** 
ARM GAS  C:\Users\MODELA~1\AppData\Local\Temp\ccR9r8Tv.s 			page 18


 430:Generated_Source\PSoC5/cyfitter_cfg.c **** 		cfg_write_bytes32(cy_cfg_addr_table, cy_cfg_data_table);
 501              		.loc 1 430 0 is_stmt 1
 502 0052 2B49     		ldr	r1, .L35+8
 503 0054 4FF09040 		mov	r0, #1207959552
 504 0058 FFF7FEFF 		bl	cfg_write_bytes32
 505              	.LVL44:
 431:Generated_Source\PSoC5/cyfitter_cfg.c **** 
 432:Generated_Source\PSoC5/cyfitter_cfg.c **** 		/* Perform normal device configuration. Order is not critical for these items. */
 433:Generated_Source\PSoC5/cyfitter_cfg.c **** 		CY_SET_XTND_REG16((void CYFAR *)(CYREG_LUT2_CR), 0x0203u);
 506              		.loc 1 433 0
 507 005c 40F20322 		movw	r2, #515
 508 0060 284B     		ldr	r3, .L35+12
 509 0062 1A80     		strh	r2, [r3]	@ movhi
 434:Generated_Source\PSoC5/cyfitter_cfg.c **** 
 435:Generated_Source\PSoC5/cyfitter_cfg.c **** 		/* Enable digital routing */
 436:Generated_Source\PSoC5/cyfitter_cfg.c **** 		CY_SET_XTND_REG8((void CYFAR *)CYREG_BCTL0_BANK_CTL, CY_GET_XTND_REG8((void CYFAR *)CYREG_BCTL0_B
 510              		.loc 1 436 0
 511 0064 02F18042 		add	r2, r2, #1073741824
 512 0068 02F5A732 		add	r2, r2, #85504
 513 006c 1378     		ldrb	r3, [r2]	@ zero_extendqisi2
 514 006e 43F00203 		orr	r3, r3, #2
 515 0072 1370     		strb	r3, [r2]
 437:Generated_Source\PSoC5/cyfitter_cfg.c **** 		CY_SET_XTND_REG8((void CYFAR *)CYREG_BCTL1_BANK_CTL, CY_GET_XTND_REG8((void CYFAR *)CYREG_BCTL1_B
 516              		.loc 1 437 0
 517 0074 1032     		adds	r2, r2, #16
 518 0076 1378     		ldrb	r3, [r2]	@ zero_extendqisi2
 519 0078 43F00203 		orr	r3, r3, #2
 520 007c 1370     		strb	r3, [r2]
 438:Generated_Source\PSoC5/cyfitter_cfg.c **** 
 439:Generated_Source\PSoC5/cyfitter_cfg.c **** 		/* Enable UDB array */
 440:Generated_Source\PSoC5/cyfitter_cfg.c **** 		CY_SET_XTND_REG8((void CYFAR *)CYREG_PM_ACT_CFG0, CY_GET_XTND_REG8((void CYFAR *)CYREG_PM_ACT_CFG
 521              		.loc 1 440 0
 522 007e 224C     		ldr	r4, .L35+16
 523              	.LVL45:
 524 0080 2378     		ldrb	r3, [r4]	@ zero_extendqisi2
 525 0082 43F04003 		orr	r3, r3, #64
 526 0086 2370     		strb	r3, [r4]
 441:Generated_Source\PSoC5/cyfitter_cfg.c **** 		CY_SET_XTND_REG8((void CYFAR *)CYREG_PM_AVAIL_CR2, CY_GET_XTND_REG8((void CYFAR *)CYREG_PM_AVAIL_
 527              		.loc 1 441 0
 528 0088 A2F58632 		sub	r2, r2, #68608
 529 008c 513A     		subs	r2, r2, #81
 530 008e 1378     		ldrb	r3, [r2]	@ zero_extendqisi2
 531 0090 43F01003 		orr	r3, r3, #16
 532 0094 1370     		strb	r3, [r2]
 533              	.LBE3:
 442:Generated_Source\PSoC5/cyfitter_cfg.c **** 	}
 443:Generated_Source\PSoC5/cyfitter_cfg.c **** 
 444:Generated_Source\PSoC5/cyfitter_cfg.c **** 
 445:Generated_Source\PSoC5/cyfitter_cfg.c **** 	/* Perform second pass device configuration. These items must be configured in specific order afte
 446:Generated_Source\PSoC5/cyfitter_cfg.c **** 	CYCONFIGCPY((void CYFAR *)(CYREG_PRT0_DM0), (const void CYFAR *)(BS_IOPINS0_0_VAL), 8u);
 534              		.loc 1 446 0
 535 0096 0822     		movs	r2, #8
 536 0098 1C49     		ldr	r1, .L35+20
 537 009a 1D48     		ldr	r0, .L35+24
 538 009c FFF7FEFF 		bl	CYCONFIGCPY
 539              	.LVL46:
 447:Generated_Source\PSoC5/cyfitter_cfg.c **** 	CYCONFIGCPY((void CYFAR *)(CYREG_PRT12_DR), (const void CYFAR *)(BS_IOPINS0_7_VAL), 10u);
ARM GAS  C:\Users\MODELA~1\AppData\Local\Temp\ccR9r8Tv.s 			page 19


 540              		.loc 1 447 0
 541 00a0 0A22     		movs	r2, #10
 542 00a2 1C49     		ldr	r1, .L35+28
 543 00a4 1C48     		ldr	r0, .L35+32
 544 00a6 FFF7FEFF 		bl	CYCONFIGCPY
 545              	.LVL47:
 448:Generated_Source\PSoC5/cyfitter_cfg.c **** 	CYCONFIGCPY((void CYFAR *)(CYREG_PRT1_DM0), (const void CYFAR *)(BS_IOPINS0_1_VAL), 8u);
 546              		.loc 1 448 0
 547 00aa 0822     		movs	r2, #8
 548 00ac 1B49     		ldr	r1, .L35+36
 549 00ae 1C48     		ldr	r0, .L35+40
 550 00b0 FFF7FEFF 		bl	CYCONFIGCPY
 551              	.LVL48:
 449:Generated_Source\PSoC5/cyfitter_cfg.c **** 	CYCONFIGCPY((void CYFAR *)(CYREG_PRT2_DR), (const void CYFAR *)(BS_IOPINS0_2_VAL), 10u);
 552              		.loc 1 449 0
 553 00b4 0A22     		movs	r2, #10
 554 00b6 1B49     		ldr	r1, .L35+44
 555 00b8 1B48     		ldr	r0, .L35+48
 556 00ba FFF7FEFF 		bl	CYCONFIGCPY
 557              	.LVL49:
 450:Generated_Source\PSoC5/cyfitter_cfg.c **** 	CYCONFIGCPY((void CYFAR *)(CYREG_PRT3_DM0), (const void CYFAR *)(BS_IOPINS0_3_VAL), 8u);
 558              		.loc 1 450 0
 559 00be 0822     		movs	r2, #8
 560 00c0 1A49     		ldr	r1, .L35+52
 561 00c2 1B48     		ldr	r0, .L35+56
 562 00c4 FFF7FEFF 		bl	CYCONFIGCPY
 563              	.LVL50:
 451:Generated_Source\PSoC5/cyfitter_cfg.c **** 	/* Switch Boost to the precision bandgap reference from its internal reference */
 452:Generated_Source\PSoC5/cyfitter_cfg.c **** 	CY_SET_REG8((void CYXDATA *)CYREG_BOOST_CR2, (CY_GET_REG8((void CYXDATA *)CYREG_BOOST_CR2) | 0x08u
 564              		.loc 1 452 0
 565 00c8 1A4A     		ldr	r2, .L35+60
 566 00ca 1378     		ldrb	r3, [r2]	@ zero_extendqisi2
 567 00cc 43F00803 		orr	r3, r3, #8
 568 00d0 1370     		strb	r3, [r2]
 453:Generated_Source\PSoC5/cyfitter_cfg.c **** 
 454:Generated_Source\PSoC5/cyfitter_cfg.c **** 	/* Set Flash Cycles based on max possible frequency in case a glitch occurs during ClockSetup(). *
 455:Generated_Source\PSoC5/cyfitter_cfg.c **** 	CY_SET_XTND_REG8((void CYFAR *)(CYREG_CACHE_CC_CTL), (((CYDEV_INSTRUCT_CACHE_ENABLED) != 0) ? 0x61
 569              		.loc 1 455 0
 570 00d2 194D     		ldr	r5, .L35+64
 571 00d4 6123     		movs	r3, #97
 572 00d6 2B70     		strb	r3, [r5]
 456:Generated_Source\PSoC5/cyfitter_cfg.c **** 	/* Setup clocks based on selections from Clock DWR */
 457:Generated_Source\PSoC5/cyfitter_cfg.c **** 	ClockSetup();
 573              		.loc 1 457 0
 574 00d8 FFF7FEFF 		bl	ClockSetup
 575              	.LVL51:
 458:Generated_Source\PSoC5/cyfitter_cfg.c **** 	/* Set Flash Cycles based on newly configured 24.00MHz Bus Clock. */
 459:Generated_Source\PSoC5/cyfitter_cfg.c **** 	CY_SET_XTND_REG8((void CYFAR *)(CYREG_CACHE_CC_CTL), (((CYDEV_INSTRUCT_CACHE_ENABLED) != 0) ? 0x81
 576              		.loc 1 459 0
 577 00dc 8123     		movs	r3, #129
 578 00de 2B70     		strb	r3, [r5]
 460:Generated_Source\PSoC5/cyfitter_cfg.c **** 	CY_SET_XTND_REG8((void CYFAR *)(CYREG_PANTHER_WAITPIPE), 0x01u);
 579              		.loc 1 460 0
 580 00e0 0122     		movs	r2, #1
 581 00e2 164B     		ldr	r3, .L35+68
 582 00e4 1A70     		strb	r2, [r3]
 461:Generated_Source\PSoC5/cyfitter_cfg.c **** 
ARM GAS  C:\Users\MODELA~1\AppData\Local\Temp\ccR9r8Tv.s 			page 20


 462:Generated_Source\PSoC5/cyfitter_cfg.c **** 	/* Perform basic analog initialization to defaults */
 463:Generated_Source\PSoC5/cyfitter_cfg.c **** 	AnalogSetDefault();
 583              		.loc 1 463 0
 584 00e6 FFF7FEFF 		bl	AnalogSetDefault
 585              	.LVL52:
 464:Generated_Source\PSoC5/cyfitter_cfg.c **** 
 465:Generated_Source\PSoC5/cyfitter_cfg.c **** 	/* Configure alternate active mode */
 466:Generated_Source\PSoC5/cyfitter_cfg.c **** 	CYCONFIGCPY((void CYFAR *)CYDEV_PM_STBY_BASE, (const void CYFAR *)CYDEV_PM_ACT_BASE, 14u);
 586              		.loc 1 466 0
 587 00ea 0E22     		movs	r2, #14
 588 00ec 2146     		mov	r1, r4
 589 00ee 1448     		ldr	r0, .L35+72
 590 00f0 FFF7FEFF 		bl	CYCONFIGCPY
 591              	.LVL53:
 592 00f4 38BD     		pop	{r3, r4, r5, pc}
 593              	.L36:
 594 00f6 00BF     		.align	2
 595              	.L35:
 596 00f8 E8460040 		.word	1073759976
 597 00fc 00000000 		.word	.LANCHOR0
 598 0100 88000048 		.word	1207959688
 599 0104 4C580040 		.word	1073764428
 600 0108 A0430040 		.word	1073759136
 601 010c F4060048 		.word	1207961332
 602 0110 02510040 		.word	1073762562
 603 0114 FC060048 		.word	1207961340
 604 0118 C0510040 		.word	1073762752
 605 011c 08070048 		.word	1207961352
 606 0120 12510040 		.word	1073762578
 607 0124 10070048 		.word	1207961360
 608 0128 20510040 		.word	1073762592
 609 012c 1C070048 		.word	1207961372
 610 0130 32510040 		.word	1073762610
 611 0134 22430040 		.word	1073759010
 612 0138 00480040 		.word	1073760256
 613 013c 04000840 		.word	1074266116
 614 0140 B0430040 		.word	1073759152
 615              		.cfi_endproc
 616              	.LFE8:
 617              		.size	cyfitter_cfg, .-cyfitter_cfg
 618              		.section	.rodata
 619              		.align	2
 620              		.set	.LANCHOR0,. + 0
 621              		.type	cfg_memset_list.5018, %object
 622              		.size	cfg_memset_list.5018, 54
 623              	cfg_memset_list.5018:
 624 0000 004F0040 		.word	1073762048
 625 0004 0C00     		.short	12
 626 0006 40510040 		.4byte	1073762624
 627 000a 3000     		.short	48
 628 000c F0510040 		.word	1073762800
 629 0010 1000     		.short	16
 630 0012 00000140 		.4byte	1073807360
 631 0016 0010     		.short	4096
 632 0018 00140140 		.word	1073812480
 633 001c 0006     		.short	1536
 634 001e 801A0140 		.4byte	1073814144
ARM GAS  C:\Users\MODELA~1\AppData\Local\Temp\ccR9r8Tv.s 			page 21


 635 0022 8001     		.short	384
 636 0024 00400140 		.word	1073823744
 637 0028 000A     		.short	2560
 638 002a 004C0140 		.4byte	1073826816
 639 002e 0002     		.short	512
 640 0030 00500140 		.word	1073827840
 641 0034 2000     		.short	32
 642 0036 0000     		.space	2
 643              		.type	cfg_memcpy_list.5019, %object
 644              		.size	cfg_memcpy_list.5019, 20
 645              	cfg_memcpy_list.5019:
 646 0038 60520040 		.word	1073762912
 647 003c 6C060048 		.word	1207961196
 648 0040 0600     		.short	6
 649 0042 001A0140 		.4byte	1073814016
 650 0046 74060048 		.4byte	1207961204
 651 004a 8000     		.short	128
 652              		.text
 653              	.Letext0:
 654              		.file 2 "c:\\program files (x86)\\cypress\\psoc creator\\4.4\\psoc creator\\import\\gnu\\arm\\5.4.
 655              		.file 3 "Generated_Source\\PSoC5\\cytypes.h"
 656              		.file 4 "Generated_Source\\PSoC5\\CyLib.h"
 657              		.section	.debug_info,"",%progbits
 658              	.Ldebug_info0:
 659 0000 EE050000 		.4byte	0x5ee
 660 0004 0400     		.2byte	0x4
 661 0006 00000000 		.4byte	.Ldebug_abbrev0
 662 000a 04       		.byte	0x4
 663 000b 01       		.uleb128 0x1
 664 000c 29020000 		.4byte	.LASF52
 665 0010 0C       		.byte	0xc
 666 0011 16030000 		.4byte	.LASF53
 667 0015 CA010000 		.4byte	.LASF54
 668 0019 00000000 		.4byte	.Ldebug_ranges0+0
 669 001d 00000000 		.4byte	0
 670 0021 00000000 		.4byte	.Ldebug_line0
 671 0025 02       		.uleb128 0x2
 672 0026 04       		.byte	0x4
 673 0027 05       		.byte	0x5
 674 0028 696E7400 		.ascii	"int\000"
 675 002c 03       		.uleb128 0x3
 676 002d 16000000 		.4byte	.LASF12
 677 0031 02       		.byte	0x2
 678 0032 D8       		.byte	0xd8
 679 0033 37000000 		.4byte	0x37
 680 0037 04       		.uleb128 0x4
 681 0038 04       		.byte	0x4
 682 0039 07       		.byte	0x7
 683 003a F3000000 		.4byte	.LASF0
 684 003e 04       		.uleb128 0x4
 685 003f 08       		.byte	0x8
 686 0040 05       		.byte	0x5
 687 0041 6F000000 		.4byte	.LASF1
 688 0045 04       		.uleb128 0x4
 689 0046 08       		.byte	0x8
 690 0047 04       		.byte	0x4
 691 0048 51010000 		.4byte	.LASF2
ARM GAS  C:\Users\MODELA~1\AppData\Local\Temp\ccR9r8Tv.s 			page 22


 692 004c 04       		.uleb128 0x4
 693 004d 01       		.byte	0x1
 694 004e 06       		.byte	0x6
 695 004f 7D000000 		.4byte	.LASF3
 696 0053 04       		.uleb128 0x4
 697 0054 01       		.byte	0x1
 698 0055 08       		.byte	0x8
 699 0056 B2010000 		.4byte	.LASF4
 700 005a 04       		.uleb128 0x4
 701 005b 02       		.byte	0x2
 702 005c 05       		.byte	0x5
 703 005d C0010000 		.4byte	.LASF5
 704 0061 04       		.uleb128 0x4
 705 0062 02       		.byte	0x2
 706 0063 07       		.byte	0x7
 707 0064 35010000 		.4byte	.LASF6
 708 0068 04       		.uleb128 0x4
 709 0069 04       		.byte	0x4
 710 006a 05       		.byte	0x5
 711 006b B0000000 		.4byte	.LASF7
 712 006f 04       		.uleb128 0x4
 713 0070 04       		.byte	0x4
 714 0071 07       		.byte	0x7
 715 0072 09010000 		.4byte	.LASF8
 716 0076 04       		.uleb128 0x4
 717 0077 08       		.byte	0x8
 718 0078 07       		.byte	0x7
 719 0079 3C000000 		.4byte	.LASF9
 720 007d 04       		.uleb128 0x4
 721 007e 04       		.byte	0x4
 722 007f 07       		.byte	0x7
 723 0080 48010000 		.4byte	.LASF10
 724 0084 05       		.uleb128 0x5
 725 0085 04       		.byte	0x4
 726 0086 04       		.uleb128 0x4
 727 0087 01       		.byte	0x1
 728 0088 08       		.byte	0x8
 729 0089 D2020000 		.4byte	.LASF11
 730 008d 06       		.uleb128 0x6
 731 008e C6000000 		.4byte	.LASF13
 732 0092 03       		.byte	0x3
 733 0093 E401     		.2byte	0x1e4
 734 0095 53000000 		.4byte	0x53
 735 0099 06       		.uleb128 0x6
 736 009a 06000000 		.4byte	.LASF14
 737 009e 03       		.byte	0x3
 738 009f E501     		.2byte	0x1e5
 739 00a1 61000000 		.4byte	0x61
 740 00a5 06       		.uleb128 0x6
 741 00a6 DD000000 		.4byte	.LASF15
 742 00aa 03       		.byte	0x3
 743 00ab E601     		.2byte	0x1e6
 744 00ad 6F000000 		.4byte	0x6f
 745 00b1 04       		.uleb128 0x4
 746 00b2 04       		.byte	0x4
 747 00b3 04       		.byte	0x4
 748 00b4 91010000 		.4byte	.LASF16
ARM GAS  C:\Users\MODELA~1\AppData\Local\Temp\ccR9r8Tv.s 			page 23


 749 00b8 04       		.uleb128 0x4
 750 00b9 08       		.byte	0x8
 751 00ba 04       		.byte	0x4
 752 00bb CC000000 		.4byte	.LASF17
 753 00bf 06       		.uleb128 0x6
 754 00c0 AD010000 		.4byte	.LASF18
 755 00c4 03       		.byte	0x3
 756 00c5 8E02     		.2byte	0x28e
 757 00c7 CB000000 		.4byte	0xcb
 758 00cb 07       		.uleb128 0x7
 759 00cc 8D000000 		.4byte	0x8d
 760 00d0 06       		.uleb128 0x6
 761 00d1 B9000000 		.4byte	.LASF19
 762 00d5 03       		.byte	0x3
 763 00d6 8F02     		.2byte	0x28f
 764 00d8 DC000000 		.4byte	0xdc
 765 00dc 07       		.uleb128 0x7
 766 00dd 99000000 		.4byte	0x99
 767 00e1 08       		.uleb128 0x8
 768 00e2 02       		.byte	0x2
 769 00e3 01       		.byte	0x1
 770 00e4 98       		.byte	0x98
 771 00e5 02010000 		.4byte	0x102
 772 00e9 09       		.uleb128 0x9
 773 00ea F4020000 		.4byte	.LASF20
 774 00ee 01       		.byte	0x1
 775 00ef 9A       		.byte	0x9a
 776 00f0 8D000000 		.4byte	0x8d
 777 00f4 00       		.byte	0
 778 00f5 09       		.uleb128 0x9
 779 00f6 ED000000 		.4byte	.LASF21
 780 00fa 01       		.byte	0x1
 781 00fb 9B       		.byte	0x9b
 782 00fc 8D000000 		.4byte	0x8d
 783 0100 01       		.byte	0x1
 784 0101 00       		.byte	0
 785 0102 03       		.uleb128 0x3
 786 0103 BF020000 		.4byte	.LASF22
 787 0107 01       		.byte	0x1
 788 0108 9C       		.byte	0x9c
 789 0109 E1000000 		.4byte	0xe1
 790 010d 0A       		.uleb128 0xa
 791 010e 1D000000 		.4byte	.LASF55
 792 0112 01       		.byte	0x1
 793 0113 7F       		.byte	0x7f
 794 0114 00000000 		.4byte	.LFB3
 795 0118 02000000 		.4byte	.LFE3-.LFB3
 796 011c 01       		.uleb128 0x1
 797 011d 9C       		.byte	0x9c
 798 011e 30010000 		.4byte	0x130
 799 0122 0B       		.uleb128 0xb
 800 0123 A6000000 		.4byte	.LASF23
 801 0127 01       		.byte	0x1
 802 0128 7F       		.byte	0x7f
 803 0129 8D000000 		.4byte	0x8d
 804 012d 01       		.uleb128 0x1
 805 012e 50       		.byte	0x50
ARM GAS  C:\Users\MODELA~1\AppData\Local\Temp\ccR9r8Tv.s 			page 24


 806 012f 00       		.byte	0
 807 0130 0C       		.uleb128 0xc
 808 0131 89000000 		.4byte	.LASF28
 809 0135 01       		.byte	0x1
 810 0136 C6       		.byte	0xc6
 811 0137 00000000 		.4byte	.LFB4
 812 013b 34000000 		.4byte	.LFE4-.LFB4
 813 013f 01       		.uleb128 0x1
 814 0140 9C       		.byte	0x9c
 815 0141 A2010000 		.4byte	0x1a2
 816 0145 0B       		.uleb128 0xb
 817 0146 53000000 		.4byte	.LASF24
 818 014a 01       		.byte	0x1
 819 014b C6       		.byte	0xc6
 820 014c A2010000 		.4byte	0x1a2
 821 0150 01       		.uleb128 0x1
 822 0151 50       		.byte	0x50
 823 0152 0B       		.uleb128 0xb
 824 0153 31000000 		.4byte	.LASF25
 825 0157 01       		.byte	0x1
 826 0158 C6       		.byte	0xc6
 827 0159 AD010000 		.4byte	0x1ad
 828 015d 01       		.uleb128 0x1
 829 015e 51       		.byte	0x51
 830 015f 0D       		.uleb128 0xd
 831 0160 6900     		.ascii	"i\000"
 832 0162 01       		.byte	0x1
 833 0163 C9       		.byte	0xc9
 834 0164 A5000000 		.4byte	0xa5
 835 0168 00000000 		.4byte	.LLST0
 836 016c 0D       		.uleb128 0xd
 837 016d 6A00     		.ascii	"j\000"
 838 016f 01       		.byte	0x1
 839 0170 C9       		.byte	0xc9
 840 0171 A5000000 		.4byte	0xa5
 841 0175 1F000000 		.4byte	.LLST1
 842 0179 0E       		.uleb128 0xe
 843 017a 08000000 		.4byte	.LBB2
 844 017e 22000000 		.4byte	.LBE2-.LBB2
 845 0182 0F       		.uleb128 0xf
 846 0183 0D000000 		.4byte	.LASF26
 847 0187 01       		.byte	0x1
 848 0188 CC       		.byte	0xcc
 849 0189 A5000000 		.4byte	0xa5
 850 018d 3E000000 		.4byte	.LLST2
 851 0191 0F       		.uleb128 0xf
 852 0192 00000000 		.4byte	.LASF27
 853 0196 01       		.byte	0x1
 854 0197 CD       		.byte	0xcd
 855 0198 8D000000 		.4byte	0x8d
 856 019c 51000000 		.4byte	.LLST3
 857 01a0 00       		.byte	0
 858 01a1 00       		.byte	0
 859 01a2 10       		.uleb128 0x10
 860 01a3 04       		.byte	0x4
 861 01a4 A8010000 		.4byte	0x1a8
 862 01a8 11       		.uleb128 0x11
ARM GAS  C:\Users\MODELA~1\AppData\Local\Temp\ccR9r8Tv.s 			page 25


 863 01a9 A5000000 		.4byte	0xa5
 864 01ad 10       		.uleb128 0x10
 865 01ae 04       		.byte	0x4
 866 01af B3010000 		.4byte	0x1b3
 867 01b3 11       		.uleb128 0x11
 868 01b4 02010000 		.4byte	0x102
 869 01b8 12       		.uleb128 0x12
 870 01b9 5E000000 		.4byte	.LASF29
 871 01bd 01       		.byte	0x1
 872 01be 2E01     		.2byte	0x12e
 873 01c0 00000000 		.4byte	.LFB6
 874 01c4 48000000 		.4byte	.LFE6-.LFB6
 875 01c8 01       		.uleb128 0x1
 876 01c9 9C       		.byte	0x9c
 877 01ca DF010000 		.4byte	0x1df
 878 01ce 13       		.uleb128 0x13
 879 01cf 5D010000 		.4byte	.LASF30
 880 01d3 01       		.byte	0x1
 881 01d4 3001     		.2byte	0x130
 882 01d6 8D000000 		.4byte	0x8d
 883 01da 6F000000 		.4byte	.LLST4
 884 01de 00       		.byte	0
 885 01df 0C       		.uleb128 0xc
 886 01e0 D3000000 		.4byte	.LASF31
 887 01e4 01       		.byte	0x1
 888 01e5 4D       		.byte	0x4d
 889 01e6 00000000 		.4byte	.LFB0
 890 01ea 0C000000 		.4byte	.LFE0-.LFB0
 891 01ee 01       		.uleb128 0x1
 892 01ef 9C       		.byte	0x9c
 893 01f0 2C020000 		.4byte	0x22c
 894 01f4 14       		.uleb128 0x14
 895 01f5 7300     		.ascii	"s\000"
 896 01f7 01       		.byte	0x1
 897 01f8 4D       		.byte	0x4d
 898 01f9 84000000 		.4byte	0x84
 899 01fd 82000000 		.4byte	.LLST5
 900 0201 14       		.uleb128 0x14
 901 0202 6E00     		.ascii	"n\000"
 902 0204 01       		.byte	0x1
 903 0205 4D       		.byte	0x4d
 904 0206 2C000000 		.4byte	0x2c
 905 020a A3000000 		.4byte	.LLST6
 906 020e 15       		.uleb128 0x15
 907 020f 0A000000 		.4byte	.LVL16
 908 0213 D4050000 		.4byte	0x5d4
 909 0217 16       		.uleb128 0x16
 910 0218 01       		.uleb128 0x1
 911 0219 50       		.byte	0x50
 912 021a 03       		.uleb128 0x3
 913 021b F3       		.byte	0xf3
 914 021c 01       		.uleb128 0x1
 915 021d 50       		.byte	0x50
 916 021e 16       		.uleb128 0x16
 917 021f 01       		.uleb128 0x1
 918 0220 51       		.byte	0x51
 919 0221 01       		.uleb128 0x1
ARM GAS  C:\Users\MODELA~1\AppData\Local\Temp\ccR9r8Tv.s 			page 26


 920 0222 30       		.byte	0x30
 921 0223 16       		.uleb128 0x16
 922 0224 01       		.uleb128 0x1
 923 0225 52       		.byte	0x52
 924 0226 03       		.uleb128 0x3
 925 0227 F3       		.byte	0xf3
 926 0228 01       		.uleb128 0x1
 927 0229 51       		.byte	0x51
 928 022a 00       		.byte	0
 929 022b 00       		.byte	0
 930 022c 0C       		.uleb128 0xc
 931 022d 9B000000 		.4byte	.LASF32
 932 0231 01       		.byte	0x1
 933 0232 E9       		.byte	0xe9
 934 0233 00000000 		.4byte	.LFB5
 935 0237 D0000000 		.4byte	.LFE5-.LFB5
 936 023b 01       		.uleb128 0x1
 937 023c 9C       		.byte	0x9c
 938 023d 84020000 		.4byte	0x284
 939 0241 0F       		.uleb128 0xf
 940 0242 1B010000 		.4byte	.LASF33
 941 0246 01       		.byte	0x1
 942 0247 EB       		.byte	0xeb
 943 0248 A5000000 		.4byte	0xa5
 944 024c CF000000 		.4byte	.LLST7
 945 0250 0F       		.uleb128 0xf
 946 0251 B7020000 		.4byte	.LASF34
 947 0255 01       		.byte	0x1
 948 0256 EC       		.byte	0xec
 949 0257 8D000000 		.4byte	0x8d
 950 025b EE000000 		.4byte	.LLST8
 951 025f 17       		.uleb128 0x17
 952 0260 6A000000 		.4byte	.LVL21
 953 0264 DD050000 		.4byte	0x5dd
 954 0268 74020000 		.4byte	0x274
 955 026c 16       		.uleb128 0x16
 956 026d 01       		.uleb128 0x1
 957 026e 50       		.byte	0x50
 958 026f 03       		.uleb128 0x3
 959 0270 0A       		.byte	0xa
 960 0271 E001     		.2byte	0x1e0
 961 0273 00       		.byte	0
 962 0274 15       		.uleb128 0x15
 963 0275 7A000000 		.4byte	.LVL23
 964 0279 0D010000 		.4byte	0x10d
 965 027d 16       		.uleb128 0x16
 966 027e 01       		.uleb128 0x1
 967 027f 50       		.byte	0x50
 968 0280 01       		.uleb128 0x1
 969 0281 33       		.byte	0x33
 970 0282 00       		.byte	0
 971 0283 00       		.byte	0
 972 0284 0C       		.uleb128 0xc
 973 0285 0A030000 		.4byte	.LASF35
 974 0289 01       		.byte	0x1
 975 028a 54       		.byte	0x54
 976 028b 00000000 		.4byte	.LFB1
ARM GAS  C:\Users\MODELA~1\AppData\Local\Temp\ccR9r8Tv.s 			page 27


 977 028f 08000000 		.4byte	.LFE1-.LFB1
 978 0293 01       		.uleb128 0x1
 979 0294 9C       		.byte	0x9c
 980 0295 E4020000 		.4byte	0x2e4
 981 0299 18       		.uleb128 0x18
 982 029a 8C010000 		.4byte	.LASF36
 983 029e 01       		.byte	0x1
 984 029f 54       		.byte	0x54
 985 02a0 84000000 		.4byte	0x84
 986 02a4 18010000 		.4byte	.LLST9
 987 02a8 14       		.uleb128 0x14
 988 02a9 73726300 		.ascii	"src\000"
 989 02ad 01       		.byte	0x1
 990 02ae 54       		.byte	0x54
 991 02af E4020000 		.4byte	0x2e4
 992 02b3 39010000 		.4byte	.LLST10
 993 02b7 14       		.uleb128 0x14
 994 02b8 6E00     		.ascii	"n\000"
 995 02ba 01       		.byte	0x1
 996 02bb 54       		.byte	0x54
 997 02bc 2C000000 		.4byte	0x2c
 998 02c0 5A010000 		.4byte	.LLST11
 999 02c4 15       		.uleb128 0x15
 1000 02c5 06000000 		.4byte	.LVL26
 1001 02c9 E8050000 		.4byte	0x5e8
 1002 02cd 16       		.uleb128 0x16
 1003 02ce 01       		.uleb128 0x1
 1004 02cf 50       		.byte	0x50
 1005 02d0 03       		.uleb128 0x3
 1006 02d1 F3       		.byte	0xf3
 1007 02d2 01       		.uleb128 0x1
 1008 02d3 50       		.byte	0x50
 1009 02d4 16       		.uleb128 0x16
 1010 02d5 01       		.uleb128 0x1
 1011 02d6 51       		.byte	0x51
 1012 02d7 03       		.uleb128 0x3
 1013 02d8 F3       		.byte	0xf3
 1014 02d9 01       		.uleb128 0x1
 1015 02da 51       		.byte	0x51
 1016 02db 16       		.uleb128 0x16
 1017 02dc 01       		.uleb128 0x1
 1018 02dd 52       		.byte	0x52
 1019 02de 03       		.uleb128 0x3
 1020 02df F3       		.byte	0xf3
 1021 02e0 01       		.uleb128 0x1
 1022 02e1 52       		.byte	0x52
 1023 02e2 00       		.byte	0
 1024 02e3 00       		.byte	0
 1025 02e4 10       		.uleb128 0x10
 1026 02e5 04       		.byte	0x4
 1027 02e6 EA020000 		.4byte	0x2ea
 1028 02ea 19       		.uleb128 0x19
 1029 02eb 1A       		.uleb128 0x1a
 1030 02ec DE020000 		.4byte	.LASF39
 1031 02f0 01       		.byte	0x1
 1032 02f1 4E01     		.2byte	0x14e
 1033 02f3 00000000 		.4byte	.LFB7
ARM GAS  C:\Users\MODELA~1\AppData\Local\Temp\ccR9r8Tv.s 			page 28


 1034 02f7 1C000000 		.4byte	.LFE7-.LFB7
 1035 02fb 01       		.uleb128 0x1
 1036 02fc 9C       		.byte	0x9c
 1037 02fd 1E030000 		.4byte	0x31e
 1038 0301 1B       		.uleb128 0x1b
 1039 0302 FB020000 		.4byte	.LASF37
 1040 0306 01       		.byte	0x1
 1041 0307 4E01     		.2byte	0x14e
 1042 0309 8D000000 		.4byte	0x8d
 1043 030d 01       		.uleb128 0x1
 1044 030e 50       		.byte	0x50
 1045 030f 1C       		.uleb128 0x1c
 1046 0310 E4000000 		.4byte	.LASF38
 1047 0314 01       		.byte	0x1
 1048 0315 5001     		.2byte	0x150
 1049 0317 8D000000 		.4byte	0x8d
 1050 031b 01       		.uleb128 0x1
 1051 031c 53       		.byte	0x53
 1052 031d 00       		.byte	0
 1053 031e 1A       		.uleb128 0x1a
 1054 031f 54030000 		.4byte	.LASF40
 1055 0323 01       		.byte	0x1
 1056 0324 7001     		.2byte	0x170
 1057 0326 00000000 		.4byte	.LFB8
 1058 032a 44010000 		.4byte	.LFE8-.LFB8
 1059 032e 01       		.uleb128 0x1
 1060 032f 9C       		.byte	0x9c
 1061 0330 D4050000 		.4byte	0x5d4
 1062 0334 1D       		.uleb128 0x1d
 1063 0335 0E000000 		.4byte	.LBB3
 1064 0339 88000000 		.4byte	.LBE3-.LBB3
 1065 033d EA040000 		.4byte	0x4ea
 1066 0341 1E       		.uleb128 0x1e
 1067 0342 06       		.byte	0x6
 1068 0343 01       		.byte	0x1
 1069 0344 7C01     		.2byte	0x17c
 1070 0346 65030000 		.4byte	0x365
 1071 034a 1F       		.uleb128 0x1f
 1072 034b 3C030000 		.4byte	.LASF41
 1073 034f 01       		.byte	0x1
 1074 0350 7D01     		.2byte	0x17d
 1075 0352 84000000 		.4byte	0x84
 1076 0356 00       		.byte	0
 1077 0357 1F       		.uleb128 0x1f
 1078 0358 30010000 		.4byte	.LASF42
 1079 035c 01       		.byte	0x1
 1080 035d 7E01     		.2byte	0x17e
 1081 035f 99000000 		.4byte	0x99
 1082 0363 04       		.byte	0x4
 1083 0364 00       		.byte	0
 1084 0365 06       		.uleb128 0x6
 1085 0366 6F010000 		.4byte	.LASF43
 1086 036a 01       		.byte	0x1
 1087 036b 7F01     		.2byte	0x17f
 1088 036d 41030000 		.4byte	0x341
 1089 0371 1E       		.uleb128 0x1e
 1090 0372 0A       		.byte	0xa
ARM GAS  C:\Users\MODELA~1\AppData\Local\Temp\ccR9r8Tv.s 			page 29


 1091 0373 01       		.byte	0x1
 1092 0374 8201     		.2byte	0x182
 1093 0376 A2030000 		.4byte	0x3a2
 1094 037a 1F       		.uleb128 0x1f
 1095 037b 8C010000 		.4byte	.LASF36
 1096 037f 01       		.byte	0x1
 1097 0380 8301     		.2byte	0x183
 1098 0382 84000000 		.4byte	0x84
 1099 0386 00       		.byte	0
 1100 0387 20       		.uleb128 0x20
 1101 0388 73726300 		.ascii	"src\000"
 1102 038c 01       		.byte	0x1
 1103 038d 8401     		.2byte	0x184
 1104 038f E4020000 		.4byte	0x2e4
 1105 0393 04       		.byte	0x4
 1106 0394 1F       		.uleb128 0x1f
 1107 0395 30010000 		.4byte	.LASF42
 1108 0399 01       		.byte	0x1
 1109 039a 8501     		.2byte	0x185
 1110 039c 99000000 		.4byte	0x99
 1111 03a0 08       		.byte	0x8
 1112 03a1 00       		.byte	0
 1113 03a2 06       		.uleb128 0x6
 1114 03a3 23010000 		.4byte	.LASF44
 1115 03a7 01       		.byte	0x1
 1116 03a8 8601     		.2byte	0x186
 1117 03aa 71030000 		.4byte	0x371
 1118 03ae 21       		.uleb128 0x21
 1119 03af BE030000 		.4byte	0x3be
 1120 03b3 BE030000 		.4byte	0x3be
 1121 03b7 22       		.uleb128 0x22
 1122 03b8 7D000000 		.4byte	0x7d
 1123 03bc 08       		.byte	0x8
 1124 03bd 00       		.byte	0
 1125 03be 11       		.uleb128 0x11
 1126 03bf 65030000 		.4byte	0x365
 1127 03c3 1C       		.uleb128 0x1c
 1128 03c4 7C010000 		.4byte	.LASF45
 1129 03c8 01       		.byte	0x1
 1130 03c9 8801     		.2byte	0x188
 1131 03cb D5030000 		.4byte	0x3d5
 1132 03cf 05       		.uleb128 0x5
 1133 03d0 03       		.byte	0x3
 1134 03d1 00000000 		.4byte	cfg_memset_list.5018
 1135 03d5 11       		.uleb128 0x11
 1136 03d6 AE030000 		.4byte	0x3ae
 1137 03da 21       		.uleb128 0x21
 1138 03db EA030000 		.4byte	0x3ea
 1139 03df EA030000 		.4byte	0x3ea
 1140 03e3 22       		.uleb128 0x22
 1141 03e4 7D000000 		.4byte	0x7d
 1142 03e8 01       		.byte	0x1
 1143 03e9 00       		.byte	0
 1144 03ea 11       		.uleb128 0x11
 1145 03eb A2030000 		.4byte	0x3a2
 1146 03ef 1C       		.uleb128 0x1c
 1147 03f0 44030000 		.4byte	.LASF46
ARM GAS  C:\Users\MODELA~1\AppData\Local\Temp\ccR9r8Tv.s 			page 30


 1148 03f4 01       		.byte	0x1
 1149 03f5 9501     		.2byte	0x195
 1150 03f7 01040000 		.4byte	0x401
 1151 03fb 05       		.uleb128 0x5
 1152 03fc 03       		.byte	0x3
 1153 03fd 38000000 		.4byte	cfg_memcpy_list.5019
 1154 0401 11       		.uleb128 0x11
 1155 0402 DA030000 		.4byte	0x3da
 1156 0406 23       		.uleb128 0x23
 1157 0407 6900     		.ascii	"i\000"
 1158 0409 01       		.byte	0x1
 1159 040a 9B01     		.2byte	0x19b
 1160 040c 8D000000 		.4byte	0x8d
 1161 0410 7B010000 		.4byte	.LLST12
 1162 0414 1D       		.uleb128 0x1d
 1163 0415 12000000 		.4byte	.LBB4
 1164 0419 16000000 		.4byte	.LBE4-.LBB4
 1165 041d 59040000 		.4byte	0x459
 1166 0421 23       		.uleb128 0x23
 1167 0422 6D7300   		.ascii	"ms\000"
 1168 0425 01       		.byte	0x1
 1169 0426 A001     		.2byte	0x1a0
 1170 0428 30040000 		.4byte	0x430
 1171 042c BB010000 		.4byte	.LLST13
 1172 0430 10       		.uleb128 0x10
 1173 0431 04       		.byte	0x4
 1174 0432 BE030000 		.4byte	0x3be
 1175 0436 15       		.uleb128 0x15
 1176 0437 28000000 		.4byte	.LVL33
 1177 043b DF010000 		.4byte	0x1df
 1178 043f 16       		.uleb128 0x16
 1179 0440 01       		.uleb128 0x1
 1180 0441 51       		.byte	0x51
 1181 0442 14       		.uleb128 0x14
 1182 0443 74       		.byte	0x74
 1183 0444 00       		.sleb128 0
 1184 0445 31       		.byte	0x31
 1185 0446 24       		.byte	0x24
 1186 0447 74       		.byte	0x74
 1187 0448 00       		.sleb128 0
 1188 0449 22       		.byte	0x22
 1189 044a 31       		.byte	0x31
 1190 044b 24       		.byte	0x24
 1191 044c 75       		.byte	0x75
 1192 044d 00       		.sleb128 0
 1193 044e 22       		.byte	0x22
 1194 044f 23       		.byte	0x23
 1195 0450 04       		.uleb128 0x4
 1196 0451 94       		.byte	0x94
 1197 0452 02       		.byte	0x2
 1198 0453 0A       		.byte	0xa
 1199 0454 FFFF     		.2byte	0xffff
 1200 0456 1A       		.byte	0x1a
 1201 0457 00       		.byte	0
 1202 0458 00       		.byte	0
 1203 0459 1D       		.uleb128 0x1d
 1204 045a 34000000 		.4byte	.LBB5
ARM GAS  C:\Users\MODELA~1\AppData\Local\Temp\ccR9r8Tv.s 			page 31


 1205 045e 16000000 		.4byte	.LBE5-.LBB5
 1206 0462 CF040000 		.4byte	0x4cf
 1207 0466 23       		.uleb128 0x23
 1208 0467 6D6300   		.ascii	"mc\000"
 1209 046a 01       		.byte	0x1
 1210 046b A701     		.2byte	0x1a7
 1211 046d 75040000 		.4byte	0x475
 1212 0471 ED010000 		.4byte	.LLST14
 1213 0475 10       		.uleb128 0x10
 1214 0476 04       		.byte	0x4
 1215 0477 EA030000 		.4byte	0x3ea
 1216 047b 13       		.uleb128 0x13
 1217 047c A5010000 		.4byte	.LASF47
 1218 0480 01       		.byte	0x1
 1219 0481 A801     		.2byte	0x1a8
 1220 0483 84000000 		.4byte	0x84
 1221 0487 1F020000 		.4byte	.LLST15
 1222 048b 13       		.uleb128 0x13
 1223 048c D7020000 		.4byte	.LASF48
 1224 0490 01       		.byte	0x1
 1225 0491 A901     		.2byte	0x1a9
 1226 0493 E4020000 		.4byte	0x2e4
 1227 0497 32020000 		.4byte	.LLST16
 1228 049b 13       		.uleb128 0x13
 1229 049c 00010000 		.4byte	.LASF49
 1230 04a0 01       		.byte	0x1
 1231 04a1 AA01     		.2byte	0x1aa
 1232 04a3 99000000 		.4byte	0x99
 1233 04a7 45020000 		.4byte	.LLST17
 1234 04ab 15       		.uleb128 0x15
 1235 04ac 4A000000 		.4byte	.LVL41
 1236 04b0 84020000 		.4byte	0x284
 1237 04b4 16       		.uleb128 0x16
 1238 04b5 01       		.uleb128 0x1
 1239 04b6 52       		.byte	0x52
 1240 04b7 15       		.uleb128 0x15
 1241 04b8 74       		.byte	0x74
 1242 04b9 00       		.sleb128 0
 1243 04ba 32       		.byte	0x32
 1244 04bb 24       		.byte	0x24
 1245 04bc 74       		.byte	0x74
 1246 04bd 00       		.sleb128 0
 1247 04be 22       		.byte	0x22
 1248 04bf 31       		.byte	0x31
 1249 04c0 24       		.byte	0x24
 1250 04c1 03       		.byte	0x3
 1251 04c2 40000000 		.4byte	.LANCHOR0+64
 1252 04c6 22       		.byte	0x22
 1253 04c7 94       		.byte	0x94
 1254 04c8 02       		.byte	0x2
 1255 04c9 0A       		.byte	0xa
 1256 04ca FFFF     		.2byte	0xffff
 1257 04cc 1A       		.byte	0x1a
 1258 04cd 00       		.byte	0
 1259 04ce 00       		.byte	0
 1260 04cf 15       		.uleb128 0x15
 1261 04d0 5C000000 		.4byte	.LVL44
ARM GAS  C:\Users\MODELA~1\AppData\Local\Temp\ccR9r8Tv.s 			page 32


 1262 04d4 30010000 		.4byte	0x130
 1263 04d8 16       		.uleb128 0x16
 1264 04d9 01       		.uleb128 0x1
 1265 04da 50       		.byte	0x50
 1266 04db 03       		.uleb128 0x3
 1267 04dc 42       		.byte	0x42
 1268 04dd 4A       		.byte	0x4a
 1269 04de 24       		.byte	0x24
 1270 04df 16       		.uleb128 0x16
 1271 04e0 01       		.uleb128 0x1
 1272 04e1 51       		.byte	0x51
 1273 04e2 05       		.uleb128 0x5
 1274 04e3 0C       		.byte	0xc
 1275 04e4 88000048 		.4byte	0x48000088
 1276 04e8 00       		.byte	0
 1277 04e9 00       		.byte	0
 1278 04ea 17       		.uleb128 0x17
 1279 04eb A0000000 		.4byte	.LVL46
 1280 04ef 84020000 		.4byte	0x284
 1281 04f3 0F050000 		.4byte	0x50f
 1282 04f7 16       		.uleb128 0x16
 1283 04f8 01       		.uleb128 0x1
 1284 04f9 50       		.byte	0x50
 1285 04fa 05       		.uleb128 0x5
 1286 04fb 0C       		.byte	0xc
 1287 04fc 02510040 		.4byte	0x40005102
 1288 0500 16       		.uleb128 0x16
 1289 0501 01       		.uleb128 0x1
 1290 0502 51       		.byte	0x51
 1291 0503 05       		.uleb128 0x5
 1292 0504 0C       		.byte	0xc
 1293 0505 F4060048 		.4byte	0x480006f4
 1294 0509 16       		.uleb128 0x16
 1295 050a 01       		.uleb128 0x1
 1296 050b 52       		.byte	0x52
 1297 050c 01       		.uleb128 0x1
 1298 050d 38       		.byte	0x38
 1299 050e 00       		.byte	0
 1300 050f 17       		.uleb128 0x17
 1301 0510 AA000000 		.4byte	.LVL47
 1302 0514 84020000 		.4byte	0x284
 1303 0518 34050000 		.4byte	0x534
 1304 051c 16       		.uleb128 0x16
 1305 051d 01       		.uleb128 0x1
 1306 051e 50       		.byte	0x50
 1307 051f 05       		.uleb128 0x5
 1308 0520 0C       		.byte	0xc
 1309 0521 C0510040 		.4byte	0x400051c0
 1310 0525 16       		.uleb128 0x16
 1311 0526 01       		.uleb128 0x1
 1312 0527 51       		.byte	0x51
 1313 0528 05       		.uleb128 0x5
 1314 0529 0C       		.byte	0xc
 1315 052a FC060048 		.4byte	0x480006fc
 1316 052e 16       		.uleb128 0x16
 1317 052f 01       		.uleb128 0x1
 1318 0530 52       		.byte	0x52
ARM GAS  C:\Users\MODELA~1\AppData\Local\Temp\ccR9r8Tv.s 			page 33


 1319 0531 01       		.uleb128 0x1
 1320 0532 3A       		.byte	0x3a
 1321 0533 00       		.byte	0
 1322 0534 17       		.uleb128 0x17
 1323 0535 B4000000 		.4byte	.LVL48
 1324 0539 84020000 		.4byte	0x284
 1325 053d 59050000 		.4byte	0x559
 1326 0541 16       		.uleb128 0x16
 1327 0542 01       		.uleb128 0x1
 1328 0543 50       		.byte	0x50
 1329 0544 05       		.uleb128 0x5
 1330 0545 0C       		.byte	0xc
 1331 0546 12510040 		.4byte	0x40005112
 1332 054a 16       		.uleb128 0x16
 1333 054b 01       		.uleb128 0x1
 1334 054c 51       		.byte	0x51
 1335 054d 05       		.uleb128 0x5
 1336 054e 0C       		.byte	0xc
 1337 054f 08070048 		.4byte	0x48000708
 1338 0553 16       		.uleb128 0x16
 1339 0554 01       		.uleb128 0x1
 1340 0555 52       		.byte	0x52
 1341 0556 01       		.uleb128 0x1
 1342 0557 38       		.byte	0x38
 1343 0558 00       		.byte	0
 1344 0559 17       		.uleb128 0x17
 1345 055a BE000000 		.4byte	.LVL49
 1346 055e 84020000 		.4byte	0x284
 1347 0562 7E050000 		.4byte	0x57e
 1348 0566 16       		.uleb128 0x16
 1349 0567 01       		.uleb128 0x1
 1350 0568 50       		.byte	0x50
 1351 0569 05       		.uleb128 0x5
 1352 056a 0C       		.byte	0xc
 1353 056b 20510040 		.4byte	0x40005120
 1354 056f 16       		.uleb128 0x16
 1355 0570 01       		.uleb128 0x1
 1356 0571 51       		.byte	0x51
 1357 0572 05       		.uleb128 0x5
 1358 0573 0C       		.byte	0xc
 1359 0574 10070048 		.4byte	0x48000710
 1360 0578 16       		.uleb128 0x16
 1361 0579 01       		.uleb128 0x1
 1362 057a 52       		.byte	0x52
 1363 057b 01       		.uleb128 0x1
 1364 057c 3A       		.byte	0x3a
 1365 057d 00       		.byte	0
 1366 057e 17       		.uleb128 0x17
 1367 057f C8000000 		.4byte	.LVL50
 1368 0583 84020000 		.4byte	0x284
 1369 0587 A3050000 		.4byte	0x5a3
 1370 058b 16       		.uleb128 0x16
 1371 058c 01       		.uleb128 0x1
 1372 058d 50       		.byte	0x50
 1373 058e 05       		.uleb128 0x5
 1374 058f 0C       		.byte	0xc
 1375 0590 32510040 		.4byte	0x40005132
ARM GAS  C:\Users\MODELA~1\AppData\Local\Temp\ccR9r8Tv.s 			page 34


 1376 0594 16       		.uleb128 0x16
 1377 0595 01       		.uleb128 0x1
 1378 0596 51       		.byte	0x51
 1379 0597 05       		.uleb128 0x5
 1380 0598 0C       		.byte	0xc
 1381 0599 1C070048 		.4byte	0x4800071c
 1382 059d 16       		.uleb128 0x16
 1383 059e 01       		.uleb128 0x1
 1384 059f 52       		.byte	0x52
 1385 05a0 01       		.uleb128 0x1
 1386 05a1 38       		.byte	0x38
 1387 05a2 00       		.byte	0
 1388 05a3 24       		.uleb128 0x24
 1389 05a4 DC000000 		.4byte	.LVL51
 1390 05a8 2C020000 		.4byte	0x22c
 1391 05ac 24       		.uleb128 0x24
 1392 05ad EA000000 		.4byte	.LVL52
 1393 05b1 B8010000 		.4byte	0x1b8
 1394 05b5 15       		.uleb128 0x15
 1395 05b6 F4000000 		.4byte	.LVL53
 1396 05ba 84020000 		.4byte	0x284
 1397 05be 16       		.uleb128 0x16
 1398 05bf 01       		.uleb128 0x1
 1399 05c0 50       		.byte	0x50
 1400 05c1 05       		.uleb128 0x5
 1401 05c2 0C       		.byte	0xc
 1402 05c3 B0430040 		.4byte	0x400043b0
 1403 05c7 16       		.uleb128 0x16
 1404 05c8 01       		.uleb128 0x1
 1405 05c9 51       		.byte	0x51
 1406 05ca 02       		.uleb128 0x2
 1407 05cb 74       		.byte	0x74
 1408 05cc 00       		.sleb128 0
 1409 05cd 16       		.uleb128 0x16
 1410 05ce 01       		.uleb128 0x1
 1411 05cf 52       		.byte	0x52
 1412 05d0 01       		.uleb128 0x1
 1413 05d1 3E       		.byte	0x3e
 1414 05d2 00       		.byte	0
 1415 05d3 00       		.byte	0
 1416 05d4 25       		.uleb128 0x25
 1417 05d5 03030000 		.4byte	.LASF50
 1418 05d9 03030000 		.4byte	.LASF50
 1419 05dd 26       		.uleb128 0x26
 1420 05de 97010000 		.4byte	.LASF56
 1421 05e2 97010000 		.4byte	.LASF56
 1422 05e6 04       		.byte	0x4
 1423 05e7 79       		.byte	0x79
 1424 05e8 25       		.uleb128 0x25
 1425 05e9 BF000000 		.4byte	.LASF51
 1426 05ed BF000000 		.4byte	.LASF51
 1427 05f1 00       		.byte	0
 1428              		.section	.debug_abbrev,"",%progbits
 1429              	.Ldebug_abbrev0:
 1430 0000 01       		.uleb128 0x1
 1431 0001 11       		.uleb128 0x11
 1432 0002 01       		.byte	0x1
ARM GAS  C:\Users\MODELA~1\AppData\Local\Temp\ccR9r8Tv.s 			page 35


 1433 0003 25       		.uleb128 0x25
 1434 0004 0E       		.uleb128 0xe
 1435 0005 13       		.uleb128 0x13
 1436 0006 0B       		.uleb128 0xb
 1437 0007 03       		.uleb128 0x3
 1438 0008 0E       		.uleb128 0xe
 1439 0009 1B       		.uleb128 0x1b
 1440 000a 0E       		.uleb128 0xe
 1441 000b 55       		.uleb128 0x55
 1442 000c 17       		.uleb128 0x17
 1443 000d 11       		.uleb128 0x11
 1444 000e 01       		.uleb128 0x1
 1445 000f 10       		.uleb128 0x10
 1446 0010 17       		.uleb128 0x17
 1447 0011 00       		.byte	0
 1448 0012 00       		.byte	0
 1449 0013 02       		.uleb128 0x2
 1450 0014 24       		.uleb128 0x24
 1451 0015 00       		.byte	0
 1452 0016 0B       		.uleb128 0xb
 1453 0017 0B       		.uleb128 0xb
 1454 0018 3E       		.uleb128 0x3e
 1455 0019 0B       		.uleb128 0xb
 1456 001a 03       		.uleb128 0x3
 1457 001b 08       		.uleb128 0x8
 1458 001c 00       		.byte	0
 1459 001d 00       		.byte	0
 1460 001e 03       		.uleb128 0x3
 1461 001f 16       		.uleb128 0x16
 1462 0020 00       		.byte	0
 1463 0021 03       		.uleb128 0x3
 1464 0022 0E       		.uleb128 0xe
 1465 0023 3A       		.uleb128 0x3a
 1466 0024 0B       		.uleb128 0xb
 1467 0025 3B       		.uleb128 0x3b
 1468 0026 0B       		.uleb128 0xb
 1469 0027 49       		.uleb128 0x49
 1470 0028 13       		.uleb128 0x13
 1471 0029 00       		.byte	0
 1472 002a 00       		.byte	0
 1473 002b 04       		.uleb128 0x4
 1474 002c 24       		.uleb128 0x24
 1475 002d 00       		.byte	0
 1476 002e 0B       		.uleb128 0xb
 1477 002f 0B       		.uleb128 0xb
 1478 0030 3E       		.uleb128 0x3e
 1479 0031 0B       		.uleb128 0xb
 1480 0032 03       		.uleb128 0x3
 1481 0033 0E       		.uleb128 0xe
 1482 0034 00       		.byte	0
 1483 0035 00       		.byte	0
 1484 0036 05       		.uleb128 0x5
 1485 0037 0F       		.uleb128 0xf
 1486 0038 00       		.byte	0
 1487 0039 0B       		.uleb128 0xb
 1488 003a 0B       		.uleb128 0xb
 1489 003b 00       		.byte	0
ARM GAS  C:\Users\MODELA~1\AppData\Local\Temp\ccR9r8Tv.s 			page 36


 1490 003c 00       		.byte	0
 1491 003d 06       		.uleb128 0x6
 1492 003e 16       		.uleb128 0x16
 1493 003f 00       		.byte	0
 1494 0040 03       		.uleb128 0x3
 1495 0041 0E       		.uleb128 0xe
 1496 0042 3A       		.uleb128 0x3a
 1497 0043 0B       		.uleb128 0xb
 1498 0044 3B       		.uleb128 0x3b
 1499 0045 05       		.uleb128 0x5
 1500 0046 49       		.uleb128 0x49
 1501 0047 13       		.uleb128 0x13
 1502 0048 00       		.byte	0
 1503 0049 00       		.byte	0
 1504 004a 07       		.uleb128 0x7
 1505 004b 35       		.uleb128 0x35
 1506 004c 00       		.byte	0
 1507 004d 49       		.uleb128 0x49
 1508 004e 13       		.uleb128 0x13
 1509 004f 00       		.byte	0
 1510 0050 00       		.byte	0
 1511 0051 08       		.uleb128 0x8
 1512 0052 13       		.uleb128 0x13
 1513 0053 01       		.byte	0x1
 1514 0054 0B       		.uleb128 0xb
 1515 0055 0B       		.uleb128 0xb
 1516 0056 3A       		.uleb128 0x3a
 1517 0057 0B       		.uleb128 0xb
 1518 0058 3B       		.uleb128 0x3b
 1519 0059 0B       		.uleb128 0xb
 1520 005a 01       		.uleb128 0x1
 1521 005b 13       		.uleb128 0x13
 1522 005c 00       		.byte	0
 1523 005d 00       		.byte	0
 1524 005e 09       		.uleb128 0x9
 1525 005f 0D       		.uleb128 0xd
 1526 0060 00       		.byte	0
 1527 0061 03       		.uleb128 0x3
 1528 0062 0E       		.uleb128 0xe
 1529 0063 3A       		.uleb128 0x3a
 1530 0064 0B       		.uleb128 0xb
 1531 0065 3B       		.uleb128 0x3b
 1532 0066 0B       		.uleb128 0xb
 1533 0067 49       		.uleb128 0x49
 1534 0068 13       		.uleb128 0x13
 1535 0069 38       		.uleb128 0x38
 1536 006a 0B       		.uleb128 0xb
 1537 006b 00       		.byte	0
 1538 006c 00       		.byte	0
 1539 006d 0A       		.uleb128 0xa
 1540 006e 2E       		.uleb128 0x2e
 1541 006f 01       		.byte	0x1
 1542 0070 03       		.uleb128 0x3
 1543 0071 0E       		.uleb128 0xe
 1544 0072 3A       		.uleb128 0x3a
 1545 0073 0B       		.uleb128 0xb
 1546 0074 3B       		.uleb128 0x3b
ARM GAS  C:\Users\MODELA~1\AppData\Local\Temp\ccR9r8Tv.s 			page 37


 1547 0075 0B       		.uleb128 0xb
 1548 0076 27       		.uleb128 0x27
 1549 0077 19       		.uleb128 0x19
 1550 0078 8701     		.uleb128 0x87
 1551 007a 19       		.uleb128 0x19
 1552 007b 11       		.uleb128 0x11
 1553 007c 01       		.uleb128 0x1
 1554 007d 12       		.uleb128 0x12
 1555 007e 06       		.uleb128 0x6
 1556 007f 40       		.uleb128 0x40
 1557 0080 18       		.uleb128 0x18
 1558 0081 9742     		.uleb128 0x2117
 1559 0083 19       		.uleb128 0x19
 1560 0084 01       		.uleb128 0x1
 1561 0085 13       		.uleb128 0x13
 1562 0086 00       		.byte	0
 1563 0087 00       		.byte	0
 1564 0088 0B       		.uleb128 0xb
 1565 0089 05       		.uleb128 0x5
 1566 008a 00       		.byte	0
 1567 008b 03       		.uleb128 0x3
 1568 008c 0E       		.uleb128 0xe
 1569 008d 3A       		.uleb128 0x3a
 1570 008e 0B       		.uleb128 0xb
 1571 008f 3B       		.uleb128 0x3b
 1572 0090 0B       		.uleb128 0xb
 1573 0091 49       		.uleb128 0x49
 1574 0092 13       		.uleb128 0x13
 1575 0093 02       		.uleb128 0x2
 1576 0094 18       		.uleb128 0x18
 1577 0095 00       		.byte	0
 1578 0096 00       		.byte	0
 1579 0097 0C       		.uleb128 0xc
 1580 0098 2E       		.uleb128 0x2e
 1581 0099 01       		.byte	0x1
 1582 009a 03       		.uleb128 0x3
 1583 009b 0E       		.uleb128 0xe
 1584 009c 3A       		.uleb128 0x3a
 1585 009d 0B       		.uleb128 0xb
 1586 009e 3B       		.uleb128 0x3b
 1587 009f 0B       		.uleb128 0xb
 1588 00a0 27       		.uleb128 0x27
 1589 00a1 19       		.uleb128 0x19
 1590 00a2 11       		.uleb128 0x11
 1591 00a3 01       		.uleb128 0x1
 1592 00a4 12       		.uleb128 0x12
 1593 00a5 06       		.uleb128 0x6
 1594 00a6 40       		.uleb128 0x40
 1595 00a7 18       		.uleb128 0x18
 1596 00a8 9742     		.uleb128 0x2117
 1597 00aa 19       		.uleb128 0x19
 1598 00ab 01       		.uleb128 0x1
 1599 00ac 13       		.uleb128 0x13
 1600 00ad 00       		.byte	0
 1601 00ae 00       		.byte	0
 1602 00af 0D       		.uleb128 0xd
 1603 00b0 34       		.uleb128 0x34
ARM GAS  C:\Users\MODELA~1\AppData\Local\Temp\ccR9r8Tv.s 			page 38


 1604 00b1 00       		.byte	0
 1605 00b2 03       		.uleb128 0x3
 1606 00b3 08       		.uleb128 0x8
 1607 00b4 3A       		.uleb128 0x3a
 1608 00b5 0B       		.uleb128 0xb
 1609 00b6 3B       		.uleb128 0x3b
 1610 00b7 0B       		.uleb128 0xb
 1611 00b8 49       		.uleb128 0x49
 1612 00b9 13       		.uleb128 0x13
 1613 00ba 02       		.uleb128 0x2
 1614 00bb 17       		.uleb128 0x17
 1615 00bc 00       		.byte	0
 1616 00bd 00       		.byte	0
 1617 00be 0E       		.uleb128 0xe
 1618 00bf 0B       		.uleb128 0xb
 1619 00c0 01       		.byte	0x1
 1620 00c1 11       		.uleb128 0x11
 1621 00c2 01       		.uleb128 0x1
 1622 00c3 12       		.uleb128 0x12
 1623 00c4 06       		.uleb128 0x6
 1624 00c5 00       		.byte	0
 1625 00c6 00       		.byte	0
 1626 00c7 0F       		.uleb128 0xf
 1627 00c8 34       		.uleb128 0x34
 1628 00c9 00       		.byte	0
 1629 00ca 03       		.uleb128 0x3
 1630 00cb 0E       		.uleb128 0xe
 1631 00cc 3A       		.uleb128 0x3a
 1632 00cd 0B       		.uleb128 0xb
 1633 00ce 3B       		.uleb128 0x3b
 1634 00cf 0B       		.uleb128 0xb
 1635 00d0 49       		.uleb128 0x49
 1636 00d1 13       		.uleb128 0x13
 1637 00d2 02       		.uleb128 0x2
 1638 00d3 17       		.uleb128 0x17
 1639 00d4 00       		.byte	0
 1640 00d5 00       		.byte	0
 1641 00d6 10       		.uleb128 0x10
 1642 00d7 0F       		.uleb128 0xf
 1643 00d8 00       		.byte	0
 1644 00d9 0B       		.uleb128 0xb
 1645 00da 0B       		.uleb128 0xb
 1646 00db 49       		.uleb128 0x49
 1647 00dc 13       		.uleb128 0x13
 1648 00dd 00       		.byte	0
 1649 00de 00       		.byte	0
 1650 00df 11       		.uleb128 0x11
 1651 00e0 26       		.uleb128 0x26
 1652 00e1 00       		.byte	0
 1653 00e2 49       		.uleb128 0x49
 1654 00e3 13       		.uleb128 0x13
 1655 00e4 00       		.byte	0
 1656 00e5 00       		.byte	0
 1657 00e6 12       		.uleb128 0x12
 1658 00e7 2E       		.uleb128 0x2e
 1659 00e8 01       		.byte	0x1
 1660 00e9 03       		.uleb128 0x3
ARM GAS  C:\Users\MODELA~1\AppData\Local\Temp\ccR9r8Tv.s 			page 39


 1661 00ea 0E       		.uleb128 0xe
 1662 00eb 3A       		.uleb128 0x3a
 1663 00ec 0B       		.uleb128 0xb
 1664 00ed 3B       		.uleb128 0x3b
 1665 00ee 05       		.uleb128 0x5
 1666 00ef 27       		.uleb128 0x27
 1667 00f0 19       		.uleb128 0x19
 1668 00f1 11       		.uleb128 0x11
 1669 00f2 01       		.uleb128 0x1
 1670 00f3 12       		.uleb128 0x12
 1671 00f4 06       		.uleb128 0x6
 1672 00f5 40       		.uleb128 0x40
 1673 00f6 18       		.uleb128 0x18
 1674 00f7 9742     		.uleb128 0x2117
 1675 00f9 19       		.uleb128 0x19
 1676 00fa 01       		.uleb128 0x1
 1677 00fb 13       		.uleb128 0x13
 1678 00fc 00       		.byte	0
 1679 00fd 00       		.byte	0
 1680 00fe 13       		.uleb128 0x13
 1681 00ff 34       		.uleb128 0x34
 1682 0100 00       		.byte	0
 1683 0101 03       		.uleb128 0x3
 1684 0102 0E       		.uleb128 0xe
 1685 0103 3A       		.uleb128 0x3a
 1686 0104 0B       		.uleb128 0xb
 1687 0105 3B       		.uleb128 0x3b
 1688 0106 05       		.uleb128 0x5
 1689 0107 49       		.uleb128 0x49
 1690 0108 13       		.uleb128 0x13
 1691 0109 02       		.uleb128 0x2
 1692 010a 17       		.uleb128 0x17
 1693 010b 00       		.byte	0
 1694 010c 00       		.byte	0
 1695 010d 14       		.uleb128 0x14
 1696 010e 05       		.uleb128 0x5
 1697 010f 00       		.byte	0
 1698 0110 03       		.uleb128 0x3
 1699 0111 08       		.uleb128 0x8
 1700 0112 3A       		.uleb128 0x3a
 1701 0113 0B       		.uleb128 0xb
 1702 0114 3B       		.uleb128 0x3b
 1703 0115 0B       		.uleb128 0xb
 1704 0116 49       		.uleb128 0x49
 1705 0117 13       		.uleb128 0x13
 1706 0118 02       		.uleb128 0x2
 1707 0119 17       		.uleb128 0x17
 1708 011a 00       		.byte	0
 1709 011b 00       		.byte	0
 1710 011c 15       		.uleb128 0x15
 1711 011d 898201   		.uleb128 0x4109
 1712 0120 01       		.byte	0x1
 1713 0121 11       		.uleb128 0x11
 1714 0122 01       		.uleb128 0x1
 1715 0123 31       		.uleb128 0x31
 1716 0124 13       		.uleb128 0x13
 1717 0125 00       		.byte	0
ARM GAS  C:\Users\MODELA~1\AppData\Local\Temp\ccR9r8Tv.s 			page 40


 1718 0126 00       		.byte	0
 1719 0127 16       		.uleb128 0x16
 1720 0128 8A8201   		.uleb128 0x410a
 1721 012b 00       		.byte	0
 1722 012c 02       		.uleb128 0x2
 1723 012d 18       		.uleb128 0x18
 1724 012e 9142     		.uleb128 0x2111
 1725 0130 18       		.uleb128 0x18
 1726 0131 00       		.byte	0
 1727 0132 00       		.byte	0
 1728 0133 17       		.uleb128 0x17
 1729 0134 898201   		.uleb128 0x4109
 1730 0137 01       		.byte	0x1
 1731 0138 11       		.uleb128 0x11
 1732 0139 01       		.uleb128 0x1
 1733 013a 31       		.uleb128 0x31
 1734 013b 13       		.uleb128 0x13
 1735 013c 01       		.uleb128 0x1
 1736 013d 13       		.uleb128 0x13
 1737 013e 00       		.byte	0
 1738 013f 00       		.byte	0
 1739 0140 18       		.uleb128 0x18
 1740 0141 05       		.uleb128 0x5
 1741 0142 00       		.byte	0
 1742 0143 03       		.uleb128 0x3
 1743 0144 0E       		.uleb128 0xe
 1744 0145 3A       		.uleb128 0x3a
 1745 0146 0B       		.uleb128 0xb
 1746 0147 3B       		.uleb128 0x3b
 1747 0148 0B       		.uleb128 0xb
 1748 0149 49       		.uleb128 0x49
 1749 014a 13       		.uleb128 0x13
 1750 014b 02       		.uleb128 0x2
 1751 014c 17       		.uleb128 0x17
 1752 014d 00       		.byte	0
 1753 014e 00       		.byte	0
 1754 014f 19       		.uleb128 0x19
 1755 0150 26       		.uleb128 0x26
 1756 0151 00       		.byte	0
 1757 0152 00       		.byte	0
 1758 0153 00       		.byte	0
 1759 0154 1A       		.uleb128 0x1a
 1760 0155 2E       		.uleb128 0x2e
 1761 0156 01       		.byte	0x1
 1762 0157 3F       		.uleb128 0x3f
 1763 0158 19       		.uleb128 0x19
 1764 0159 03       		.uleb128 0x3
 1765 015a 0E       		.uleb128 0xe
 1766 015b 3A       		.uleb128 0x3a
 1767 015c 0B       		.uleb128 0xb
 1768 015d 3B       		.uleb128 0x3b
 1769 015e 05       		.uleb128 0x5
 1770 015f 27       		.uleb128 0x27
 1771 0160 19       		.uleb128 0x19
 1772 0161 11       		.uleb128 0x11
 1773 0162 01       		.uleb128 0x1
 1774 0163 12       		.uleb128 0x12
ARM GAS  C:\Users\MODELA~1\AppData\Local\Temp\ccR9r8Tv.s 			page 41


 1775 0164 06       		.uleb128 0x6
 1776 0165 40       		.uleb128 0x40
 1777 0166 18       		.uleb128 0x18
 1778 0167 9742     		.uleb128 0x2117
 1779 0169 19       		.uleb128 0x19
 1780 016a 01       		.uleb128 0x1
 1781 016b 13       		.uleb128 0x13
 1782 016c 00       		.byte	0
 1783 016d 00       		.byte	0
 1784 016e 1B       		.uleb128 0x1b
 1785 016f 05       		.uleb128 0x5
 1786 0170 00       		.byte	0
 1787 0171 03       		.uleb128 0x3
 1788 0172 0E       		.uleb128 0xe
 1789 0173 3A       		.uleb128 0x3a
 1790 0174 0B       		.uleb128 0xb
 1791 0175 3B       		.uleb128 0x3b
 1792 0176 05       		.uleb128 0x5
 1793 0177 49       		.uleb128 0x49
 1794 0178 13       		.uleb128 0x13
 1795 0179 02       		.uleb128 0x2
 1796 017a 18       		.uleb128 0x18
 1797 017b 00       		.byte	0
 1798 017c 00       		.byte	0
 1799 017d 1C       		.uleb128 0x1c
 1800 017e 34       		.uleb128 0x34
 1801 017f 00       		.byte	0
 1802 0180 03       		.uleb128 0x3
 1803 0181 0E       		.uleb128 0xe
 1804 0182 3A       		.uleb128 0x3a
 1805 0183 0B       		.uleb128 0xb
 1806 0184 3B       		.uleb128 0x3b
 1807 0185 05       		.uleb128 0x5
 1808 0186 49       		.uleb128 0x49
 1809 0187 13       		.uleb128 0x13
 1810 0188 02       		.uleb128 0x2
 1811 0189 18       		.uleb128 0x18
 1812 018a 00       		.byte	0
 1813 018b 00       		.byte	0
 1814 018c 1D       		.uleb128 0x1d
 1815 018d 0B       		.uleb128 0xb
 1816 018e 01       		.byte	0x1
 1817 018f 11       		.uleb128 0x11
 1818 0190 01       		.uleb128 0x1
 1819 0191 12       		.uleb128 0x12
 1820 0192 06       		.uleb128 0x6
 1821 0193 01       		.uleb128 0x1
 1822 0194 13       		.uleb128 0x13
 1823 0195 00       		.byte	0
 1824 0196 00       		.byte	0
 1825 0197 1E       		.uleb128 0x1e
 1826 0198 13       		.uleb128 0x13
 1827 0199 01       		.byte	0x1
 1828 019a 0B       		.uleb128 0xb
 1829 019b 0B       		.uleb128 0xb
 1830 019c 3A       		.uleb128 0x3a
 1831 019d 0B       		.uleb128 0xb
ARM GAS  C:\Users\MODELA~1\AppData\Local\Temp\ccR9r8Tv.s 			page 42


 1832 019e 3B       		.uleb128 0x3b
 1833 019f 05       		.uleb128 0x5
 1834 01a0 01       		.uleb128 0x1
 1835 01a1 13       		.uleb128 0x13
 1836 01a2 00       		.byte	0
 1837 01a3 00       		.byte	0
 1838 01a4 1F       		.uleb128 0x1f
 1839 01a5 0D       		.uleb128 0xd
 1840 01a6 00       		.byte	0
 1841 01a7 03       		.uleb128 0x3
 1842 01a8 0E       		.uleb128 0xe
 1843 01a9 3A       		.uleb128 0x3a
 1844 01aa 0B       		.uleb128 0xb
 1845 01ab 3B       		.uleb128 0x3b
 1846 01ac 05       		.uleb128 0x5
 1847 01ad 49       		.uleb128 0x49
 1848 01ae 13       		.uleb128 0x13
 1849 01af 38       		.uleb128 0x38
 1850 01b0 0B       		.uleb128 0xb
 1851 01b1 00       		.byte	0
 1852 01b2 00       		.byte	0
 1853 01b3 20       		.uleb128 0x20
 1854 01b4 0D       		.uleb128 0xd
 1855 01b5 00       		.byte	0
 1856 01b6 03       		.uleb128 0x3
 1857 01b7 08       		.uleb128 0x8
 1858 01b8 3A       		.uleb128 0x3a
 1859 01b9 0B       		.uleb128 0xb
 1860 01ba 3B       		.uleb128 0x3b
 1861 01bb 05       		.uleb128 0x5
 1862 01bc 49       		.uleb128 0x49
 1863 01bd 13       		.uleb128 0x13
 1864 01be 38       		.uleb128 0x38
 1865 01bf 0B       		.uleb128 0xb
 1866 01c0 00       		.byte	0
 1867 01c1 00       		.byte	0
 1868 01c2 21       		.uleb128 0x21
 1869 01c3 01       		.uleb128 0x1
 1870 01c4 01       		.byte	0x1
 1871 01c5 49       		.uleb128 0x49
 1872 01c6 13       		.uleb128 0x13
 1873 01c7 01       		.uleb128 0x1
 1874 01c8 13       		.uleb128 0x13
 1875 01c9 00       		.byte	0
 1876 01ca 00       		.byte	0
 1877 01cb 22       		.uleb128 0x22
 1878 01cc 21       		.uleb128 0x21
 1879 01cd 00       		.byte	0
 1880 01ce 49       		.uleb128 0x49
 1881 01cf 13       		.uleb128 0x13
 1882 01d0 2F       		.uleb128 0x2f
 1883 01d1 0B       		.uleb128 0xb
 1884 01d2 00       		.byte	0
 1885 01d3 00       		.byte	0
 1886 01d4 23       		.uleb128 0x23
 1887 01d5 34       		.uleb128 0x34
 1888 01d6 00       		.byte	0
ARM GAS  C:\Users\MODELA~1\AppData\Local\Temp\ccR9r8Tv.s 			page 43


 1889 01d7 03       		.uleb128 0x3
 1890 01d8 08       		.uleb128 0x8
 1891 01d9 3A       		.uleb128 0x3a
 1892 01da 0B       		.uleb128 0xb
 1893 01db 3B       		.uleb128 0x3b
 1894 01dc 05       		.uleb128 0x5
 1895 01dd 49       		.uleb128 0x49
 1896 01de 13       		.uleb128 0x13
 1897 01df 02       		.uleb128 0x2
 1898 01e0 17       		.uleb128 0x17
 1899 01e1 00       		.byte	0
 1900 01e2 00       		.byte	0
 1901 01e3 24       		.uleb128 0x24
 1902 01e4 898201   		.uleb128 0x4109
 1903 01e7 00       		.byte	0
 1904 01e8 11       		.uleb128 0x11
 1905 01e9 01       		.uleb128 0x1
 1906 01ea 31       		.uleb128 0x31
 1907 01eb 13       		.uleb128 0x13
 1908 01ec 00       		.byte	0
 1909 01ed 00       		.byte	0
 1910 01ee 25       		.uleb128 0x25
 1911 01ef 2E       		.uleb128 0x2e
 1912 01f0 00       		.byte	0
 1913 01f1 3F       		.uleb128 0x3f
 1914 01f2 19       		.uleb128 0x19
 1915 01f3 3C       		.uleb128 0x3c
 1916 01f4 19       		.uleb128 0x19
 1917 01f5 6E       		.uleb128 0x6e
 1918 01f6 0E       		.uleb128 0xe
 1919 01f7 03       		.uleb128 0x3
 1920 01f8 0E       		.uleb128 0xe
 1921 01f9 00       		.byte	0
 1922 01fa 00       		.byte	0
 1923 01fb 26       		.uleb128 0x26
 1924 01fc 2E       		.uleb128 0x2e
 1925 01fd 00       		.byte	0
 1926 01fe 3F       		.uleb128 0x3f
 1927 01ff 19       		.uleb128 0x19
 1928 0200 3C       		.uleb128 0x3c
 1929 0201 19       		.uleb128 0x19
 1930 0202 6E       		.uleb128 0x6e
 1931 0203 0E       		.uleb128 0xe
 1932 0204 03       		.uleb128 0x3
 1933 0205 0E       		.uleb128 0xe
 1934 0206 3A       		.uleb128 0x3a
 1935 0207 0B       		.uleb128 0xb
 1936 0208 3B       		.uleb128 0x3b
 1937 0209 0B       		.uleb128 0xb
 1938 020a 00       		.byte	0
 1939 020b 00       		.byte	0
 1940 020c 00       		.byte	0
 1941              		.section	.debug_loc,"",%progbits
 1942              	.Ldebug_loc0:
 1943              	.LLST0:
 1944 0000 02000000 		.4byte	.LVL2
 1945 0004 08000000 		.4byte	.LVL3
ARM GAS  C:\Users\MODELA~1\AppData\Local\Temp\ccR9r8Tv.s 			page 44


 1946 0008 0200     		.2byte	0x2
 1947 000a 30       		.byte	0x30
 1948 000b 9F       		.byte	0x9f
 1949 000c 08000000 		.4byte	.LVL3
 1950 0010 32000000 		.4byte	.LVL11
 1951 0014 0100     		.2byte	0x1
 1952 0016 57       		.byte	0x57
 1953 0017 00000000 		.4byte	0
 1954 001b 00000000 		.4byte	0
 1955              	.LLST1:
 1956 001f 02000000 		.4byte	.LVL2
 1957 0023 08000000 		.4byte	.LVL3
 1958 0027 0200     		.2byte	0x2
 1959 0029 30       		.byte	0x30
 1960 002a 9F       		.byte	0x9f
 1961 002b 08000000 		.4byte	.LVL3
 1962 002f 34000000 		.4byte	.LFE4
 1963 0033 0100     		.2byte	0x1
 1964 0035 52       		.byte	0x52
 1965 0036 00000000 		.4byte	0
 1966 003a 00000000 		.4byte	0
 1967              	.LLST2:
 1968 003e 0C000000 		.4byte	.LVL4
 1969 0042 2C000000 		.4byte	.LVL10
 1970 0046 0100     		.2byte	0x1
 1971 0048 56       		.byte	0x56
 1972 0049 00000000 		.4byte	0
 1973 004d 00000000 		.4byte	0
 1974              	.LLST3:
 1975 0051 0E000000 		.4byte	.LVL5
 1976 0055 24000000 		.4byte	.LVL8
 1977 0059 0100     		.2byte	0x1
 1978 005b 53       		.byte	0x53
 1979 005c 26000000 		.4byte	.LVL9
 1980 0060 2C000000 		.4byte	.LVL10
 1981 0064 0100     		.2byte	0x1
 1982 0066 53       		.byte	0x53
 1983 0067 00000000 		.4byte	0
 1984 006b 00000000 		.4byte	0
 1985              	.LLST4:
 1986 006f 06000000 		.4byte	.LVL12
 1987 0073 10000000 		.4byte	.LVL13
 1988 0077 0100     		.2byte	0x1
 1989 0079 53       		.byte	0x53
 1990 007a 00000000 		.4byte	0
 1991 007e 00000000 		.4byte	0
 1992              	.LLST5:
 1993 0082 00000000 		.4byte	.LVL14
 1994 0086 09000000 		.4byte	.LVL16-1
 1995 008a 0100     		.2byte	0x1
 1996 008c 50       		.byte	0x50
 1997 008d 09000000 		.4byte	.LVL16-1
 1998 0091 0C000000 		.4byte	.LFE0
 1999 0095 0400     		.2byte	0x4
 2000 0097 F3       		.byte	0xf3
 2001 0098 01       		.uleb128 0x1
 2002 0099 50       		.byte	0x50
ARM GAS  C:\Users\MODELA~1\AppData\Local\Temp\ccR9r8Tv.s 			page 45


 2003 009a 9F       		.byte	0x9f
 2004 009b 00000000 		.4byte	0
 2005 009f 00000000 		.4byte	0
 2006              	.LLST6:
 2007 00a3 00000000 		.4byte	.LVL14
 2008 00a7 06000000 		.4byte	.LVL15
 2009 00ab 0100     		.2byte	0x1
 2010 00ad 51       		.byte	0x51
 2011 00ae 06000000 		.4byte	.LVL15
 2012 00b2 09000000 		.4byte	.LVL16-1
 2013 00b6 0100     		.2byte	0x1
 2014 00b8 52       		.byte	0x52
 2015 00b9 09000000 		.4byte	.LVL16-1
 2016 00bd 0C000000 		.4byte	.LFE0
 2017 00c1 0400     		.2byte	0x4
 2018 00c3 F3       		.byte	0xf3
 2019 00c4 01       		.uleb128 0x1
 2020 00c5 51       		.byte	0x51
 2021 00c6 9F       		.byte	0x9f
 2022 00c7 00000000 		.4byte	0
 2023 00cb 00000000 		.4byte	0
 2024              	.LLST7:
 2025 00cf 4E000000 		.4byte	.LVL17
 2026 00d3 52000000 		.4byte	.LVL18
 2027 00d7 0200     		.2byte	0x2
 2028 00d9 49       		.byte	0x49
 2029 00da 9F       		.byte	0x9f
 2030 00db 52000000 		.4byte	.LVL18
 2031 00df A6000000 		.4byte	.LVL24
 2032 00e3 0100     		.2byte	0x1
 2033 00e5 55       		.byte	0x55
 2034 00e6 00000000 		.4byte	0
 2035 00ea 00000000 		.4byte	0
 2036              	.LLST8:
 2037 00ee 4E000000 		.4byte	.LVL17
 2038 00f2 52000000 		.4byte	.LVL18
 2039 00f6 0200     		.2byte	0x2
 2040 00f8 30       		.byte	0x30
 2041 00f9 9F       		.byte	0x9f
 2042 00fa 52000000 		.4byte	.LVL18
 2043 00fe 5E000000 		.4byte	.LVL19
 2044 0102 0100     		.2byte	0x1
 2045 0104 54       		.byte	0x54
 2046 0105 62000000 		.4byte	.LVL20
 2047 0109 A6000000 		.4byte	.LVL24
 2048 010d 0100     		.2byte	0x1
 2049 010f 54       		.byte	0x54
 2050 0110 00000000 		.4byte	0
 2051 0114 00000000 		.4byte	0
 2052              	.LLST9:
 2053 0118 00000000 		.4byte	.LVL25
 2054 011c 05000000 		.4byte	.LVL26-1
 2055 0120 0100     		.2byte	0x1
 2056 0122 50       		.byte	0x50
 2057 0123 05000000 		.4byte	.LVL26-1
 2058 0127 08000000 		.4byte	.LFE1
 2059 012b 0400     		.2byte	0x4
ARM GAS  C:\Users\MODELA~1\AppData\Local\Temp\ccR9r8Tv.s 			page 46


 2060 012d F3       		.byte	0xf3
 2061 012e 01       		.uleb128 0x1
 2062 012f 50       		.byte	0x50
 2063 0130 9F       		.byte	0x9f
 2064 0131 00000000 		.4byte	0
 2065 0135 00000000 		.4byte	0
 2066              	.LLST10:
 2067 0139 00000000 		.4byte	.LVL25
 2068 013d 05000000 		.4byte	.LVL26-1
 2069 0141 0100     		.2byte	0x1
 2070 0143 51       		.byte	0x51
 2071 0144 05000000 		.4byte	.LVL26-1
 2072 0148 08000000 		.4byte	.LFE1
 2073 014c 0400     		.2byte	0x4
 2074 014e F3       		.byte	0xf3
 2075 014f 01       		.uleb128 0x1
 2076 0150 51       		.byte	0x51
 2077 0151 9F       		.byte	0x9f
 2078 0152 00000000 		.4byte	0
 2079 0156 00000000 		.4byte	0
 2080              	.LLST11:
 2081 015a 00000000 		.4byte	.LVL25
 2082 015e 05000000 		.4byte	.LVL26-1
 2083 0162 0100     		.2byte	0x1
 2084 0164 52       		.byte	0x52
 2085 0165 05000000 		.4byte	.LVL26-1
 2086 0169 08000000 		.4byte	.LFE1
 2087 016d 0400     		.2byte	0x4
 2088 016f F3       		.byte	0xf3
 2089 0170 01       		.uleb128 0x1
 2090 0171 52       		.byte	0x52
 2091 0172 9F       		.byte	0x9f
 2092 0173 00000000 		.4byte	0
 2093 0177 00000000 		.4byte	0
 2094              	.LLST12:
 2095 017b 0E000000 		.4byte	.LVL31
 2096 017f 12000000 		.4byte	.LVL32
 2097 0183 0200     		.2byte	0x2
 2098 0185 30       		.byte	0x30
 2099 0186 9F       		.byte	0x9f
 2100 0187 12000000 		.4byte	.LVL32
 2101 018b 2A000000 		.4byte	.LVL34
 2102 018f 0100     		.2byte	0x1
 2103 0191 54       		.byte	0x54
 2104 0192 2C000000 		.4byte	.LVL35
 2105 0196 32000000 		.4byte	.LVL36
 2106 019a 0100     		.2byte	0x1
 2107 019c 54       		.byte	0x54
 2108 019d 34000000 		.4byte	.LVL37
 2109 01a1 4C000000 		.4byte	.LVL42
 2110 01a5 0100     		.2byte	0x1
 2111 01a7 54       		.byte	0x54
 2112 01a8 4E000000 		.4byte	.LVL43
 2113 01ac 80000000 		.4byte	.LVL45
 2114 01b0 0100     		.2byte	0x1
 2115 01b2 54       		.byte	0x54
 2116 01b3 00000000 		.4byte	0
ARM GAS  C:\Users\MODELA~1\AppData\Local\Temp\ccR9r8Tv.s 			page 47


 2117 01b7 00000000 		.4byte	0
 2118              	.LLST13:
 2119 01bb 12000000 		.4byte	.LVL32
 2120 01bf 2A000000 		.4byte	.LVL34
 2121 01c3 0B00     		.2byte	0xb
 2122 01c5 74       		.byte	0x74
 2123 01c6 00       		.sleb128 0
 2124 01c7 36       		.byte	0x36
 2125 01c8 1E       		.byte	0x1e
 2126 01c9 03       		.byte	0x3
 2127 01ca 00000000 		.4byte	cfg_memset_list.5018
 2128 01ce 22       		.byte	0x22
 2129 01cf 9F       		.byte	0x9f
 2130 01d0 2A000000 		.4byte	.LVL34
 2131 01d4 2C000000 		.4byte	.LVL35
 2132 01d8 0B00     		.2byte	0xb
 2133 01da 74       		.byte	0x74
 2134 01db 7F       		.sleb128 -1
 2135 01dc 36       		.byte	0x36
 2136 01dd 1E       		.byte	0x1e
 2137 01de 03       		.byte	0x3
 2138 01df 00000000 		.4byte	cfg_memset_list.5018
 2139 01e3 22       		.byte	0x22
 2140 01e4 9F       		.byte	0x9f
 2141 01e5 00000000 		.4byte	0
 2142 01e9 00000000 		.4byte	0
 2143              	.LLST14:
 2144 01ed 34000000 		.4byte	.LVL37
 2145 01f1 4C000000 		.4byte	.LVL42
 2146 01f5 0B00     		.2byte	0xb
 2147 01f7 74       		.byte	0x74
 2148 01f8 00       		.sleb128 0
 2149 01f9 3A       		.byte	0x3a
 2150 01fa 1E       		.byte	0x1e
 2151 01fb 03       		.byte	0x3
 2152 01fc 38000000 		.4byte	cfg_memcpy_list.5019
 2153 0200 22       		.byte	0x22
 2154 0201 9F       		.byte	0x9f
 2155 0202 4C000000 		.4byte	.LVL42
 2156 0206 4E000000 		.4byte	.LVL43
 2157 020a 0B00     		.2byte	0xb
 2158 020c 74       		.byte	0x74
 2159 020d 7F       		.sleb128 -1
 2160 020e 3A       		.byte	0x3a
 2161 020f 1E       		.byte	0x1e
 2162 0210 03       		.byte	0x3
 2163 0211 38000000 		.4byte	cfg_memcpy_list.5019
 2164 0215 22       		.byte	0x22
 2165 0216 9F       		.byte	0x9f
 2166 0217 00000000 		.4byte	0
 2167 021b 00000000 		.4byte	0
 2168              	.LLST15:
 2169 021f 46000000 		.4byte	.LVL40
 2170 0223 49000000 		.4byte	.LVL41-1
 2171 0227 0100     		.2byte	0x1
 2172 0229 50       		.byte	0x50
 2173 022a 00000000 		.4byte	0
ARM GAS  C:\Users\MODELA~1\AppData\Local\Temp\ccR9r8Tv.s 			page 48


 2174 022e 00000000 		.4byte	0
 2175              	.LLST16:
 2176 0232 44000000 		.4byte	.LVL39
 2177 0236 49000000 		.4byte	.LVL41-1
 2178 023a 0100     		.2byte	0x1
 2179 023c 51       		.byte	0x51
 2180 023d 00000000 		.4byte	0
 2181 0241 00000000 		.4byte	0
 2182              	.LLST17:
 2183 0245 3E000000 		.4byte	.LVL38
 2184 0249 49000000 		.4byte	.LVL41-1
 2185 024d 0300     		.2byte	0x3
 2186 024f 73       		.byte	0x73
 2187 0250 C000     		.sleb128 64
 2188 0252 49000000 		.4byte	.LVL41-1
 2189 0256 4C000000 		.4byte	.LVL42
 2190 025a 0F00     		.2byte	0xf
 2191 025c 74       		.byte	0x74
 2192 025d 00       		.sleb128 0
 2193 025e 32       		.byte	0x32
 2194 025f 24       		.byte	0x24
 2195 0260 74       		.byte	0x74
 2196 0261 00       		.sleb128 0
 2197 0262 22       		.byte	0x22
 2198 0263 31       		.byte	0x31
 2199 0264 24       		.byte	0x24
 2200 0265 03       		.byte	0x3
 2201 0266 40000000 		.4byte	.LANCHOR0+64
 2202 026a 22       		.byte	0x22
 2203 026b 4C000000 		.4byte	.LVL42
 2204 026f 4E000000 		.4byte	.LVL43
 2205 0273 0C00     		.2byte	0xc
 2206 0275 74       		.byte	0x74
 2207 0276 7F       		.sleb128 -1
 2208 0277 35       		.byte	0x35
 2209 0278 1E       		.byte	0x1e
 2210 0279 31       		.byte	0x31
 2211 027a 24       		.byte	0x24
 2212 027b 03       		.byte	0x3
 2213 027c 40000000 		.4byte	.LANCHOR0+64
 2214 0280 22       		.byte	0x22
 2215 0281 00000000 		.4byte	0
 2216 0285 00000000 		.4byte	0
 2217              		.section	.debug_aranges,"",%progbits
 2218 0000 54000000 		.4byte	0x54
 2219 0004 0200     		.2byte	0x2
 2220 0006 00000000 		.4byte	.Ldebug_info0
 2221 000a 04       		.byte	0x4
 2222 000b 00       		.byte	0
 2223 000c 0000     		.2byte	0
 2224 000e 0000     		.2byte	0
 2225 0010 00000000 		.4byte	.LFB3
 2226 0014 02000000 		.4byte	.LFE3-.LFB3
 2227 0018 00000000 		.4byte	.LFB4
 2228 001c 34000000 		.4byte	.LFE4-.LFB4
 2229 0020 00000000 		.4byte	.LFB6
 2230 0024 48000000 		.4byte	.LFE6-.LFB6
ARM GAS  C:\Users\MODELA~1\AppData\Local\Temp\ccR9r8Tv.s 			page 49


 2231 0028 00000000 		.4byte	.LFB0
 2232 002c 0C000000 		.4byte	.LFE0-.LFB0
 2233 0030 00000000 		.4byte	.LFB5
 2234 0034 D0000000 		.4byte	.LFE5-.LFB5
 2235 0038 00000000 		.4byte	.LFB1
 2236 003c 08000000 		.4byte	.LFE1-.LFB1
 2237 0040 00000000 		.4byte	.LFB7
 2238 0044 1C000000 		.4byte	.LFE7-.LFB7
 2239 0048 00000000 		.4byte	.LFB8
 2240 004c 44010000 		.4byte	.LFE8-.LFB8
 2241 0050 00000000 		.4byte	0
 2242 0054 00000000 		.4byte	0
 2243              		.section	.debug_ranges,"",%progbits
 2244              	.Ldebug_ranges0:
 2245 0000 00000000 		.4byte	.LFB3
 2246 0004 02000000 		.4byte	.LFE3
 2247 0008 00000000 		.4byte	.LFB4
 2248 000c 34000000 		.4byte	.LFE4
 2249 0010 00000000 		.4byte	.LFB6
 2250 0014 48000000 		.4byte	.LFE6
 2251 0018 00000000 		.4byte	.LFB0
 2252 001c 0C000000 		.4byte	.LFE0
 2253 0020 00000000 		.4byte	.LFB5
 2254 0024 D0000000 		.4byte	.LFE5
 2255 0028 00000000 		.4byte	.LFB1
 2256 002c 08000000 		.4byte	.LFE1
 2257 0030 00000000 		.4byte	.LFB7
 2258 0034 1C000000 		.4byte	.LFE7
 2259 0038 00000000 		.4byte	.LFB8
 2260 003c 44010000 		.4byte	.LFE8
 2261 0040 00000000 		.4byte	0
 2262 0044 00000000 		.4byte	0
 2263              		.section	.debug_line,"",%progbits
 2264              	.Ldebug_line0:
 2265 0000 FD010000 		.section	.debug_str,"MS",%progbits,1
 2265      0200D600 
 2265      00000201 
 2265      FB0E0D00 
 2265      01010101 
 2266              	.LASF27:
 2267 0000 636F756E 		.ascii	"count\000"
 2267      7400
 2268              	.LASF14:
 2269 0006 75696E74 		.ascii	"uint16\000"
 2269      313600
 2270              	.LASF26:
 2271 000d 62617365 		.ascii	"baseAddr\000"
 2271      41646472 
 2271      00
 2272              	.LASF12:
 2273 0016 73697A65 		.ascii	"size_t\000"
 2273      5F7400
 2274              	.LASF55:
 2275 001d 4379436C 		.ascii	"CyClockStartupError\000"
 2275      6F636B53 
 2275      74617274 
 2275      75704572 
ARM GAS  C:\Users\MODELA~1\AppData\Local\Temp\ccR9r8Tv.s 			page 50


 2275      726F7200 
 2276              	.LASF25:
 2277 0031 64617461 		.ascii	"data_table\000"
 2277      5F746162 
 2277      6C6500
 2278              	.LASF9:
 2279 003c 6C6F6E67 		.ascii	"long long unsigned int\000"
 2279      206C6F6E 
 2279      6720756E 
 2279      7369676E 
 2279      65642069 
 2280              	.LASF24:
 2281 0053 61646472 		.ascii	"addr_table\000"
 2281      5F746162 
 2281      6C6500
 2282              	.LASF29:
 2283 005e 416E616C 		.ascii	"AnalogSetDefault\000"
 2283      6F675365 
 2283      74446566 
 2283      61756C74 
 2283      00
 2284              	.LASF1:
 2285 006f 6C6F6E67 		.ascii	"long long int\000"
 2285      206C6F6E 
 2285      6720696E 
 2285      7400
 2286              	.LASF3:
 2287 007d 7369676E 		.ascii	"signed char\000"
 2287      65642063 
 2287      68617200 
 2288              	.LASF28:
 2289 0089 6366675F 		.ascii	"cfg_write_bytes32\000"
 2289      77726974 
 2289      655F6279 
 2289      74657333 
 2289      3200
 2290              	.LASF32:
 2291 009b 436C6F63 		.ascii	"ClockSetup\000"
 2291      6B536574 
 2291      757000
 2292              	.LASF23:
 2293 00a6 6572726F 		.ascii	"errorCode\000"
 2293      72436F64 
 2293      6500
 2294              	.LASF7:
 2295 00b0 6C6F6E67 		.ascii	"long int\000"
 2295      20696E74 
 2295      00
 2296              	.LASF19:
 2297 00b9 72656731 		.ascii	"reg16\000"
 2297      3600
 2298              	.LASF51:
 2299 00bf 6D656D63 		.ascii	"memcpy\000"
 2299      707900
 2300              	.LASF13:
 2301 00c6 75696E74 		.ascii	"uint8\000"
 2301      3800
ARM GAS  C:\Users\MODELA~1\AppData\Local\Temp\ccR9r8Tv.s 			page 51


 2302              	.LASF17:
 2303 00cc 646F7562 		.ascii	"double\000"
 2303      6C6500
 2304              	.LASF31:
 2305 00d3 43594D45 		.ascii	"CYMEMZERO\000"
 2305      4D5A4552 
 2305      4F00
 2306              	.LASF15:
 2307 00dd 75696E74 		.ascii	"uint32\000"
 2307      333200
 2308              	.LASF38:
 2309 00e4 72656756 		.ascii	"regValue\000"
 2309      616C7565 
 2309      00
 2310              	.LASF21:
 2311 00ed 76616C75 		.ascii	"value\000"
 2311      6500
 2312              	.LASF0:
 2313 00f3 756E7369 		.ascii	"unsigned int\000"
 2313      676E6564 
 2313      20696E74 
 2313      00
 2314              	.LASF49:
 2315 0100 6E756D42 		.ascii	"numBytes\000"
 2315      79746573 
 2315      00
 2316              	.LASF8:
 2317 0109 6C6F6E67 		.ascii	"long unsigned int\000"
 2317      20756E73 
 2317      69676E65 
 2317      6420696E 
 2317      7400
 2318              	.LASF33:
 2319 011b 74696D65 		.ascii	"timeout\000"
 2319      6F757400 
 2320              	.LASF44:
 2321 0123 6366675F 		.ascii	"cfg_memcpy_t\000"
 2321      6D656D63 
 2321      70795F74 
 2321      00
 2322              	.LASF42:
 2323 0130 73697A65 		.ascii	"size\000"
 2323      00
 2324              	.LASF6:
 2325 0135 73686F72 		.ascii	"short unsigned int\000"
 2325      7420756E 
 2325      7369676E 
 2325      65642069 
 2325      6E7400
 2326              	.LASF10:
 2327 0148 73697A65 		.ascii	"sizetype\000"
 2327      74797065 
 2327      00
 2328              	.LASF2:
 2329 0151 6C6F6E67 		.ascii	"long double\000"
 2329      20646F75 
 2329      626C6500 
ARM GAS  C:\Users\MODELA~1\AppData\Local\Temp\ccR9r8Tv.s 			page 52


 2330              	.LASF30:
 2331 015d 62675F78 		.ascii	"bg_xover_inl_trim\000"
 2331      6F766572 
 2331      5F696E6C 
 2331      5F747269 
 2331      6D00
 2332              	.LASF43:
 2333 016f 6366675F 		.ascii	"cfg_memset_t\000"
 2333      6D656D73 
 2333      65745F74 
 2333      00
 2334              	.LASF45:
 2335 017c 6366675F 		.ascii	"cfg_memset_list\000"
 2335      6D656D73 
 2335      65745F6C 
 2335      69737400 
 2336              	.LASF36:
 2337 018c 64657374 		.ascii	"dest\000"
 2337      00
 2338              	.LASF16:
 2339 0191 666C6F61 		.ascii	"float\000"
 2339      7400
 2340              	.LASF56:
 2341 0197 43794465 		.ascii	"CyDelayCycles\000"
 2341      6C617943 
 2341      79636C65 
 2341      7300
 2342              	.LASF47:
 2343 01a5 64657374 		.ascii	"destPtr\000"
 2343      50747200 
 2344              	.LASF18:
 2345 01ad 72656738 		.ascii	"reg8\000"
 2345      00
 2346              	.LASF4:
 2347 01b2 756E7369 		.ascii	"unsigned char\000"
 2347      676E6564 
 2347      20636861 
 2347      7200
 2348              	.LASF5:
 2349 01c0 73686F72 		.ascii	"short int\000"
 2349      7420696E 
 2349      7400
 2350              	.LASF54:
 2351 01ca 433A5C55 		.ascii	"C:\\Users\\ModeLabQBI\\LAB\\hardware\\SweepSourceTr"
 2351      73657273 
 2351      5C4D6F64 
 2351      654C6162 
 2351      5142495C 
 2352 01f8 69676765 		.ascii	"igger\\Trigger\\Psoc_creator_project\\Trigger.cydsn"
 2352      725C5472 
 2352      69676765 
 2352      725C5073 
 2352      6F635F63 
 2353 0228 00       		.ascii	"\000"
 2354              	.LASF52:
 2355 0229 474E5520 		.ascii	"GNU C11 5.4.1 20160609 (release) [ARM/embedded-5-br"
 2355      43313120 
ARM GAS  C:\Users\MODELA~1\AppData\Local\Temp\ccR9r8Tv.s 			page 53


 2355      352E342E 
 2355      31203230 
 2355      31363036 
 2356 025c 616E6368 		.ascii	"anch revision 237715] -mcpu=cortex-m3 -mthumb -g -O"
 2356      20726576 
 2356      6973696F 
 2356      6E203233 
 2356      37373135 
 2357 028f 67202D66 		.ascii	"g -ffunction-sections -ffat-lto-objects\000"
 2357      66756E63 
 2357      74696F6E 
 2357      2D736563 
 2357      74696F6E 
 2358              	.LASF34:
 2359 02b7 706C6C4C 		.ascii	"pllLock\000"
 2359      6F636B00 
 2360              	.LASF22:
 2361 02bf 63795F63 		.ascii	"cy_cfg_addrvalue_t\000"
 2361      66675F61 
 2361      64647276 
 2361      616C7565 
 2361      5F7400
 2362              	.LASF11:
 2363 02d2 63686172 		.ascii	"char\000"
 2363      00
 2364              	.LASF48:
 2365 02d7 73726350 		.ascii	"srcPtr\000"
 2365      747200
 2366              	.LASF39:
 2367 02de 53657441 		.ascii	"SetAnalogRoutingPumps\000"
 2367      6E616C6F 
 2367      67526F75 
 2367      74696E67 
 2367      50756D70 
 2368              	.LASF20:
 2369 02f4 6F666673 		.ascii	"offset\000"
 2369      657400
 2370              	.LASF37:
 2371 02fb 656E6162 		.ascii	"enabled\000"
 2371      6C656400 
 2372              	.LASF50:
 2373 0303 6D656D73 		.ascii	"memset\000"
 2373      657400
 2374              	.LASF35:
 2375 030a 4359434F 		.ascii	"CYCONFIGCPY\000"
 2375      4E464947 
 2375      43505900 
 2376              	.LASF53:
 2377 0316 47656E65 		.ascii	"Generated_Source\\PSoC5\\cyfitter_cfg.c\000"
 2377      72617465 
 2377      645F536F 
 2377      75726365 
 2377      5C50536F 
 2378              	.LASF41:
 2379 033c 61646472 		.ascii	"address\000"
 2379      65737300 
 2380              	.LASF46:
ARM GAS  C:\Users\MODELA~1\AppData\Local\Temp\ccR9r8Tv.s 			page 54


 2381 0344 6366675F 		.ascii	"cfg_memcpy_list\000"
 2381      6D656D63 
 2381      70795F6C 
 2381      69737400 
 2382              	.LASF40:
 2383 0354 63796669 		.ascii	"cyfitter_cfg\000"
 2383      74746572 
 2383      5F636667 
 2383      00
 2384              		.ident	"GCC: (GNU Tools for ARM Embedded Processors) 5.4.1 20160609 (release) [ARM/embedded-5-bran
