ARM GAS  C:\Users\MODELA~1\AppData\Local\Temp\ccHhYIfc.s 			page 1


   1              		.syntax unified
   2              		.cpu cortex-m3
   3              		.fpu softvfp
   4              		.eabi_attribute 20, 1
   5              		.eabi_attribute 21, 1
   6              		.eabi_attribute 23, 3
   7              		.eabi_attribute 24, 1
   8              		.eabi_attribute 25, 1
   9              		.eabi_attribute 26, 1
  10              		.eabi_attribute 30, 1
  11              		.eabi_attribute 34, 1
  12              		.eabi_attribute 18, 4
  13              		.thumb
  14              		.syntax unified
  15              		.file	"cyfitter_cfg.c"
  16              		.text
  17              	.Ltext0:
  18              		.cfi_sections	.debug_frame
  19              		.section	.text.CyClockStartupError,"ax",%progbits
  20              		.align	2
  21              		.thumb
  22              		.thumb_func
  23              		.type	CyClockStartupError, %function
  24              	CyClockStartupError:
  25              	.LFB3:
  26              		.file 1 "Generated_Source\\PSoC5\\cyfitter_cfg.c"
   1:Generated_Source\PSoC5/cyfitter_cfg.c **** 
   2:Generated_Source\PSoC5/cyfitter_cfg.c **** /*******************************************************************************
   3:Generated_Source\PSoC5/cyfitter_cfg.c **** * File Name: cyfitter_cfg.c
   4:Generated_Source\PSoC5/cyfitter_cfg.c **** * 
   5:Generated_Source\PSoC5/cyfitter_cfg.c **** * PSoC Creator  4.4
   6:Generated_Source\PSoC5/cyfitter_cfg.c **** *
   7:Generated_Source\PSoC5/cyfitter_cfg.c **** * Description:
   8:Generated_Source\PSoC5/cyfitter_cfg.c **** * This file contains device initialization code.
   9:Generated_Source\PSoC5/cyfitter_cfg.c **** * Except for the user defined sections in CyClockStartupError(), this file should not be modified.
  10:Generated_Source\PSoC5/cyfitter_cfg.c **** * This file is automatically generated by PSoC Creator.
  11:Generated_Source\PSoC5/cyfitter_cfg.c **** *
  12:Generated_Source\PSoC5/cyfitter_cfg.c **** ********************************************************************************
  13:Generated_Source\PSoC5/cyfitter_cfg.c **** * Copyright (c) 2007-2020 Cypress Semiconductor.  All rights reserved.
  14:Generated_Source\PSoC5/cyfitter_cfg.c **** * You may use this file only in accordance with the license, terms, conditions, 
  15:Generated_Source\PSoC5/cyfitter_cfg.c **** * disclaimers, and limitations in the end user license agreement accompanying 
  16:Generated_Source\PSoC5/cyfitter_cfg.c **** * the software package with which this file was provided.
  17:Generated_Source\PSoC5/cyfitter_cfg.c **** ********************************************************************************/
  18:Generated_Source\PSoC5/cyfitter_cfg.c **** 
  19:Generated_Source\PSoC5/cyfitter_cfg.c **** #include <string.h>
  20:Generated_Source\PSoC5/cyfitter_cfg.c **** #include "cytypes.h"
  21:Generated_Source\PSoC5/cyfitter_cfg.c **** #include "cydevice_trm.h"
  22:Generated_Source\PSoC5/cyfitter_cfg.c **** #include "cyfitter.h"
  23:Generated_Source\PSoC5/cyfitter_cfg.c **** #include "CyLib.h"
  24:Generated_Source\PSoC5/cyfitter_cfg.c **** #include "cyfitter_cfg.h"
  25:Generated_Source\PSoC5/cyfitter_cfg.c **** #include "cyapicallbacks.h"
  26:Generated_Source\PSoC5/cyfitter_cfg.c **** 
  27:Generated_Source\PSoC5/cyfitter_cfg.c **** #define CY_NEED_CYCLOCKSTARTUPERROR 1
  28:Generated_Source\PSoC5/cyfitter_cfg.c **** 
  29:Generated_Source\PSoC5/cyfitter_cfg.c **** 
  30:Generated_Source\PSoC5/cyfitter_cfg.c **** #if defined(__GNUC__) || defined(__ARMCC_VERSION)
  31:Generated_Source\PSoC5/cyfitter_cfg.c ****     #define CYPACKED 
ARM GAS  C:\Users\MODELA~1\AppData\Local\Temp\ccHhYIfc.s 			page 2


  32:Generated_Source\PSoC5/cyfitter_cfg.c ****     #define CYPACKED_ATTR __attribute__ ((packed))
  33:Generated_Source\PSoC5/cyfitter_cfg.c ****     #define CYALIGNED __attribute__ ((aligned))
  34:Generated_Source\PSoC5/cyfitter_cfg.c ****     #define CY_CFG_UNUSED __attribute__ ((unused))
  35:Generated_Source\PSoC5/cyfitter_cfg.c ****     #ifndef CY_CFG_SECTION
  36:Generated_Source\PSoC5/cyfitter_cfg.c ****         #define CY_CFG_SECTION __attribute__ ((section(".psocinit")))
  37:Generated_Source\PSoC5/cyfitter_cfg.c ****     #endif
  38:Generated_Source\PSoC5/cyfitter_cfg.c ****     
  39:Generated_Source\PSoC5/cyfitter_cfg.c ****     #if defined(__ARMCC_VERSION)
  40:Generated_Source\PSoC5/cyfitter_cfg.c ****         #define CY_CFG_MEMORY_BARRIER() __memory_changed()
  41:Generated_Source\PSoC5/cyfitter_cfg.c ****     #else
  42:Generated_Source\PSoC5/cyfitter_cfg.c ****         #define CY_CFG_MEMORY_BARRIER() __sync_synchronize()
  43:Generated_Source\PSoC5/cyfitter_cfg.c ****     #endif
  44:Generated_Source\PSoC5/cyfitter_cfg.c ****     
  45:Generated_Source\PSoC5/cyfitter_cfg.c **** #elif defined(__ICCARM__)
  46:Generated_Source\PSoC5/cyfitter_cfg.c ****     #include <intrinsics.h>
  47:Generated_Source\PSoC5/cyfitter_cfg.c **** 
  48:Generated_Source\PSoC5/cyfitter_cfg.c ****     #define CYPACKED __packed
  49:Generated_Source\PSoC5/cyfitter_cfg.c ****     #define CYPACKED_ATTR 
  50:Generated_Source\PSoC5/cyfitter_cfg.c ****     #define CYALIGNED _Pragma("data_alignment=4")
  51:Generated_Source\PSoC5/cyfitter_cfg.c ****     #define CY_CFG_UNUSED _Pragma("diag_suppress=Pe177")
  52:Generated_Source\PSoC5/cyfitter_cfg.c ****     #define CY_CFG_SECTION _Pragma("location=\".psocinit\"")
  53:Generated_Source\PSoC5/cyfitter_cfg.c ****     
  54:Generated_Source\PSoC5/cyfitter_cfg.c ****     #define CY_CFG_MEMORY_BARRIER() __DMB()
  55:Generated_Source\PSoC5/cyfitter_cfg.c ****     
  56:Generated_Source\PSoC5/cyfitter_cfg.c **** #else
  57:Generated_Source\PSoC5/cyfitter_cfg.c ****     #error Unsupported toolchain
  58:Generated_Source\PSoC5/cyfitter_cfg.c **** #endif
  59:Generated_Source\PSoC5/cyfitter_cfg.c **** 
  60:Generated_Source\PSoC5/cyfitter_cfg.c **** #ifndef CYCODE
  61:Generated_Source\PSoC5/cyfitter_cfg.c ****     #define CYCODE
  62:Generated_Source\PSoC5/cyfitter_cfg.c **** #endif
  63:Generated_Source\PSoC5/cyfitter_cfg.c **** #ifndef CYDATA
  64:Generated_Source\PSoC5/cyfitter_cfg.c ****     #define CYDATA
  65:Generated_Source\PSoC5/cyfitter_cfg.c **** #endif
  66:Generated_Source\PSoC5/cyfitter_cfg.c **** #ifndef CYFAR
  67:Generated_Source\PSoC5/cyfitter_cfg.c ****     #define CYFAR
  68:Generated_Source\PSoC5/cyfitter_cfg.c **** #endif
  69:Generated_Source\PSoC5/cyfitter_cfg.c **** #ifndef CYXDATA
  70:Generated_Source\PSoC5/cyfitter_cfg.c ****     #define CYXDATA
  71:Generated_Source\PSoC5/cyfitter_cfg.c **** #endif
  72:Generated_Source\PSoC5/cyfitter_cfg.c **** 
  73:Generated_Source\PSoC5/cyfitter_cfg.c **** 
  74:Generated_Source\PSoC5/cyfitter_cfg.c **** CY_CFG_UNUSED
  75:Generated_Source\PSoC5/cyfitter_cfg.c **** static void CYMEMZERO(void *s, size_t n);
  76:Generated_Source\PSoC5/cyfitter_cfg.c **** CY_CFG_UNUSED
  77:Generated_Source\PSoC5/cyfitter_cfg.c **** static void CYMEMZERO(void *s, size_t n)
  78:Generated_Source\PSoC5/cyfitter_cfg.c **** {
  79:Generated_Source\PSoC5/cyfitter_cfg.c **** 	(void)memset(s, 0, n);
  80:Generated_Source\PSoC5/cyfitter_cfg.c **** }
  81:Generated_Source\PSoC5/cyfitter_cfg.c **** CY_CFG_UNUSED
  82:Generated_Source\PSoC5/cyfitter_cfg.c **** static void CYCONFIGCPY(void *dest, const void *src, size_t n);
  83:Generated_Source\PSoC5/cyfitter_cfg.c **** CY_CFG_UNUSED
  84:Generated_Source\PSoC5/cyfitter_cfg.c **** static void CYCONFIGCPY(void *dest, const void *src, size_t n)
  85:Generated_Source\PSoC5/cyfitter_cfg.c **** {
  86:Generated_Source\PSoC5/cyfitter_cfg.c **** 	(void)memcpy(dest, src, n);
  87:Generated_Source\PSoC5/cyfitter_cfg.c **** }
  88:Generated_Source\PSoC5/cyfitter_cfg.c **** CY_CFG_UNUSED
ARM GAS  C:\Users\MODELA~1\AppData\Local\Temp\ccHhYIfc.s 			page 3


  89:Generated_Source\PSoC5/cyfitter_cfg.c **** static void CYCONFIGCPYCODE(void *dest, const void *src, size_t n);
  90:Generated_Source\PSoC5/cyfitter_cfg.c **** CY_CFG_UNUSED
  91:Generated_Source\PSoC5/cyfitter_cfg.c **** static void CYCONFIGCPYCODE(void *dest, const void *src, size_t n)
  92:Generated_Source\PSoC5/cyfitter_cfg.c **** {
  93:Generated_Source\PSoC5/cyfitter_cfg.c **** 	(void)memcpy(dest, src, n);
  94:Generated_Source\PSoC5/cyfitter_cfg.c **** }
  95:Generated_Source\PSoC5/cyfitter_cfg.c **** 
  96:Generated_Source\PSoC5/cyfitter_cfg.c **** 
  97:Generated_Source\PSoC5/cyfitter_cfg.c **** 
  98:Generated_Source\PSoC5/cyfitter_cfg.c **** 
  99:Generated_Source\PSoC5/cyfitter_cfg.c **** /* Clock startup error codes                                                   */
 100:Generated_Source\PSoC5/cyfitter_cfg.c **** #define CYCLOCKSTART_NO_ERROR    0u
 101:Generated_Source\PSoC5/cyfitter_cfg.c **** #define CYCLOCKSTART_XTAL_ERROR  1u
 102:Generated_Source\PSoC5/cyfitter_cfg.c **** #define CYCLOCKSTART_32KHZ_ERROR 2u
 103:Generated_Source\PSoC5/cyfitter_cfg.c **** #define CYCLOCKSTART_PLL_ERROR   3u
 104:Generated_Source\PSoC5/cyfitter_cfg.c **** #define CYCLOCKSTART_FLL_ERROR   4u
 105:Generated_Source\PSoC5/cyfitter_cfg.c **** #define CYCLOCKSTART_WCO_ERROR   5u
 106:Generated_Source\PSoC5/cyfitter_cfg.c **** 
 107:Generated_Source\PSoC5/cyfitter_cfg.c **** 
 108:Generated_Source\PSoC5/cyfitter_cfg.c **** #ifdef CY_NEED_CYCLOCKSTARTUPERROR
 109:Generated_Source\PSoC5/cyfitter_cfg.c **** /*******************************************************************************
 110:Generated_Source\PSoC5/cyfitter_cfg.c **** * Function Name: CyClockStartupError
 111:Generated_Source\PSoC5/cyfitter_cfg.c **** ********************************************************************************
 112:Generated_Source\PSoC5/cyfitter_cfg.c **** * Summary:
 113:Generated_Source\PSoC5/cyfitter_cfg.c **** *  If an error is encountered during clock configuration (crystal startup error,
 114:Generated_Source\PSoC5/cyfitter_cfg.c **** *  PLL lock error, etc.), the system will end up here.  Unless reimplemented by
 115:Generated_Source\PSoC5/cyfitter_cfg.c **** *  the customer, this function will stop in an infinite loop.
 116:Generated_Source\PSoC5/cyfitter_cfg.c **** *
 117:Generated_Source\PSoC5/cyfitter_cfg.c **** * Parameters:
 118:Generated_Source\PSoC5/cyfitter_cfg.c **** *   void
 119:Generated_Source\PSoC5/cyfitter_cfg.c **** *
 120:Generated_Source\PSoC5/cyfitter_cfg.c **** * Return:
 121:Generated_Source\PSoC5/cyfitter_cfg.c **** *   void
 122:Generated_Source\PSoC5/cyfitter_cfg.c **** *
 123:Generated_Source\PSoC5/cyfitter_cfg.c **** *******************************************************************************/
 124:Generated_Source\PSoC5/cyfitter_cfg.c **** CY_CFG_UNUSED
 125:Generated_Source\PSoC5/cyfitter_cfg.c **** static void CyClockStartupError(uint8 errorCode);
 126:Generated_Source\PSoC5/cyfitter_cfg.c **** CY_CFG_UNUSED
 127:Generated_Source\PSoC5/cyfitter_cfg.c **** static void CyClockStartupError(uint8 errorCode)
 128:Generated_Source\PSoC5/cyfitter_cfg.c **** {
  27              		.loc 1 128 0
  28              		.cfi_startproc
  29              		@ Volatile: function does not return.
  30              		@ args = 0, pretend = 0, frame = 0
  31              		@ frame_needed = 0, uses_anonymous_args = 0
  32              		@ link register save eliminated.
  33              	.LVL0:
  34              	.L2:
  35 0000 FEE7     		b	.L2
  36              		.cfi_endproc
  37              	.LFE3:
  38              		.size	CyClockStartupError, .-CyClockStartupError
  39 0002 00BF     		.section	.text.cfg_write_bytes32,"ax",%progbits
  40              		.align	2
  41              		.thumb
  42              		.thumb_func
  43              		.type	cfg_write_bytes32, %function
ARM GAS  C:\Users\MODELA~1\AppData\Local\Temp\ccHhYIfc.s 			page 4


  44              	cfg_write_bytes32:
  45              	.LFB4:
 129:Generated_Source\PSoC5/cyfitter_cfg.c ****     /* To remove the compiler warning if errorCode not used.                */
 130:Generated_Source\PSoC5/cyfitter_cfg.c ****     errorCode = errorCode;
 131:Generated_Source\PSoC5/cyfitter_cfg.c **** 
 132:Generated_Source\PSoC5/cyfitter_cfg.c ****     /* If we have a clock startup error (bad MHz crystal, PLL lock, etc.),  */
 133:Generated_Source\PSoC5/cyfitter_cfg.c ****     /* we will end up here to allow the customer to implement something to  */
 134:Generated_Source\PSoC5/cyfitter_cfg.c ****     /* deal with the clock condition.                                       */
 135:Generated_Source\PSoC5/cyfitter_cfg.c **** 
 136:Generated_Source\PSoC5/cyfitter_cfg.c **** #ifdef CY_CFG_CLOCK_STARTUP_ERROR_CALLBACK
 137:Generated_Source\PSoC5/cyfitter_cfg.c ****     CY_CFG_Clock_Startup_ErrorCallback();
 138:Generated_Source\PSoC5/cyfitter_cfg.c **** #else
 139:Generated_Source\PSoC5/cyfitter_cfg.c ****     /*  If not using CY_CFG_CLOCK_STARTUP_ERROR_CALLBACK, place your clock startup code here. */
 140:Generated_Source\PSoC5/cyfitter_cfg.c ****     /* `#START CyClockStartupError` */
 141:Generated_Source\PSoC5/cyfitter_cfg.c **** 
 142:Generated_Source\PSoC5/cyfitter_cfg.c **** 
 143:Generated_Source\PSoC5/cyfitter_cfg.c **** 
 144:Generated_Source\PSoC5/cyfitter_cfg.c ****     /* `#END` */
 145:Generated_Source\PSoC5/cyfitter_cfg.c **** 
 146:Generated_Source\PSoC5/cyfitter_cfg.c ****     while(1) {}
 147:Generated_Source\PSoC5/cyfitter_cfg.c **** #endif /* CY_CFG_CLOCK_STARTUP_ERROR_CALLBACK */
 148:Generated_Source\PSoC5/cyfitter_cfg.c **** }
 149:Generated_Source\PSoC5/cyfitter_cfg.c **** #endif
 150:Generated_Source\PSoC5/cyfitter_cfg.c **** 
 151:Generated_Source\PSoC5/cyfitter_cfg.c **** #define CY_CFG_BASE_ADDR_COUNT 33u
 152:Generated_Source\PSoC5/cyfitter_cfg.c **** CYPACKED typedef struct
 153:Generated_Source\PSoC5/cyfitter_cfg.c **** {
 154:Generated_Source\PSoC5/cyfitter_cfg.c **** 	uint8 offset;
 155:Generated_Source\PSoC5/cyfitter_cfg.c **** 	uint8 value;
 156:Generated_Source\PSoC5/cyfitter_cfg.c **** } CYPACKED_ATTR cy_cfg_addrvalue_t;
 157:Generated_Source\PSoC5/cyfitter_cfg.c **** 
 158:Generated_Source\PSoC5/cyfitter_cfg.c **** #define cy_cfg_addr_table ((const uint32 CYFAR *)0x48000000u)
 159:Generated_Source\PSoC5/cyfitter_cfg.c **** #define cy_cfg_data_table ((const cy_cfg_addrvalue_t CYFAR *)0x48000084u)
 160:Generated_Source\PSoC5/cyfitter_cfg.c **** 
 161:Generated_Source\PSoC5/cyfitter_cfg.c **** /* IOPORT_7 Address: CYDEV_PRTDSI_PRT12_BASE Size (bytes): 6 */
 162:Generated_Source\PSoC5/cyfitter_cfg.c **** #define BS_IOPORT_7_VAL ((const uint8 CYFAR *)0x48000768u)
 163:Generated_Source\PSoC5/cyfitter_cfg.c **** 
 164:Generated_Source\PSoC5/cyfitter_cfg.c **** /* UDB_0_0_0_CONFIG Address: CYDEV_UCFG_B1_P5_U0_BASE Size (bytes): 128 */
 165:Generated_Source\PSoC5/cyfitter_cfg.c **** #define BS_UDB_0_0_0_CONFIG_VAL ((const uint8 CYFAR *)0x48000770u)
 166:Generated_Source\PSoC5/cyfitter_cfg.c **** 
 167:Generated_Source\PSoC5/cyfitter_cfg.c **** /* IOPINS0_0 Address: CYREG_PRT0_DM0 Size (bytes): 8 */
 168:Generated_Source\PSoC5/cyfitter_cfg.c **** #define BS_IOPINS0_0_VAL ((const uint8 CYFAR *)0x480007F0u)
 169:Generated_Source\PSoC5/cyfitter_cfg.c **** 
 170:Generated_Source\PSoC5/cyfitter_cfg.c **** /* IOPINS0_7 Address: CYREG_PRT12_DR Size (bytes): 10 */
 171:Generated_Source\PSoC5/cyfitter_cfg.c **** #define BS_IOPINS0_7_VAL ((const uint8 CYFAR *)0x480007F8u)
 172:Generated_Source\PSoC5/cyfitter_cfg.c **** 
 173:Generated_Source\PSoC5/cyfitter_cfg.c **** /* IOPINS0_1 Address: CYREG_PRT1_DM0 Size (bytes): 8 */
 174:Generated_Source\PSoC5/cyfitter_cfg.c **** #define BS_IOPINS0_1_VAL ((const uint8 CYFAR *)0x48000804u)
 175:Generated_Source\PSoC5/cyfitter_cfg.c **** 
 176:Generated_Source\PSoC5/cyfitter_cfg.c **** /* IOPINS0_2 Address: CYREG_PRT2_DR Size (bytes): 10 */
 177:Generated_Source\PSoC5/cyfitter_cfg.c **** #define BS_IOPINS0_2_VAL ((const uint8 CYFAR *)0x4800080Cu)
 178:Generated_Source\PSoC5/cyfitter_cfg.c **** 
 179:Generated_Source\PSoC5/cyfitter_cfg.c **** /* IOPINS0_3 Address: CYREG_PRT3_DM0 Size (bytes): 8 */
 180:Generated_Source\PSoC5/cyfitter_cfg.c **** #define BS_IOPINS0_3_VAL ((const uint8 CYFAR *)0x48000818u)
 181:Generated_Source\PSoC5/cyfitter_cfg.c **** 
 182:Generated_Source\PSoC5/cyfitter_cfg.c **** 
 183:Generated_Source\PSoC5/cyfitter_cfg.c **** /*******************************************************************************
ARM GAS  C:\Users\MODELA~1\AppData\Local\Temp\ccHhYIfc.s 			page 5


 184:Generated_Source\PSoC5/cyfitter_cfg.c **** * Function Name: cfg_write_bytes32
 185:Generated_Source\PSoC5/cyfitter_cfg.c **** ********************************************************************************
 186:Generated_Source\PSoC5/cyfitter_cfg.c **** * Summary:
 187:Generated_Source\PSoC5/cyfitter_cfg.c **** *  This function is used for setting up the chip configuration areas that
 188:Generated_Source\PSoC5/cyfitter_cfg.c **** *  contain relatively sparse data.
 189:Generated_Source\PSoC5/cyfitter_cfg.c **** *
 190:Generated_Source\PSoC5/cyfitter_cfg.c **** * Parameters:
 191:Generated_Source\PSoC5/cyfitter_cfg.c **** *   void
 192:Generated_Source\PSoC5/cyfitter_cfg.c **** *
 193:Generated_Source\PSoC5/cyfitter_cfg.c **** * Return:
 194:Generated_Source\PSoC5/cyfitter_cfg.c **** *   void
 195:Generated_Source\PSoC5/cyfitter_cfg.c **** *
 196:Generated_Source\PSoC5/cyfitter_cfg.c **** *******************************************************************************/
 197:Generated_Source\PSoC5/cyfitter_cfg.c **** static void cfg_write_bytes32(const uint32 addr_table[], const cy_cfg_addrvalue_t data_table[]);
 198:Generated_Source\PSoC5/cyfitter_cfg.c **** static void cfg_write_bytes32(const uint32 addr_table[], const cy_cfg_addrvalue_t data_table[])
 199:Generated_Source\PSoC5/cyfitter_cfg.c **** {
  46              		.loc 1 199 0
  47              		.cfi_startproc
  48              		@ args = 0, pretend = 0, frame = 0
  49              		@ frame_needed = 0, uses_anonymous_args = 0
  50              		@ link register save eliminated.
  51              	.LVL1:
  52              		.loc 1 199 0
  53 0000 F0B4     		push	{r4, r5, r6, r7}
  54              		.cfi_def_cfa_offset 16
  55              		.cfi_offset 4, -16
  56              		.cfi_offset 5, -12
  57              		.cfi_offset 6, -8
  58              		.cfi_offset 7, -4
  59              	.LVL2:
 200:Generated_Source\PSoC5/cyfitter_cfg.c **** 	/* For 32-bit little-endian architectures */
 201:Generated_Source\PSoC5/cyfitter_cfg.c **** 	uint32 i, j = 0u;
  60              		.loc 1 201 0
  61 0002 0022     		movs	r2, #0
 202:Generated_Source\PSoC5/cyfitter_cfg.c **** 	for (i = 0u; i < CY_CFG_BASE_ADDR_COUNT; i++)
  62              		.loc 1 202 0
  63 0004 1746     		mov	r7, r2
  64 0006 11E0     		b	.L4
  65              	.LVL3:
  66              	.L7:
  67              	.LBB2:
 203:Generated_Source\PSoC5/cyfitter_cfg.c **** 	{
 204:Generated_Source\PSoC5/cyfitter_cfg.c **** 		uint32 baseAddr = addr_table[i];
  68              		.loc 1 204 0
  69 0008 50F82760 		ldr	r6, [r0, r7, lsl #2]
  70              	.LVL4:
 205:Generated_Source\PSoC5/cyfitter_cfg.c **** 		uint8 count = (uint8)baseAddr;
  71              		.loc 1 205 0
  72 000c F3B2     		uxtb	r3, r6
  73              	.LVL5:
 206:Generated_Source\PSoC5/cyfitter_cfg.c **** 		baseAddr &= 0xFFFFFF00u;
  74              		.loc 1 206 0
  75 000e 26F0FF06 		bic	r6, r6, #255
  76              	.LVL6:
 207:Generated_Source\PSoC5/cyfitter_cfg.c **** 		while (count != 0u)
  77              		.loc 1 207 0
  78 0012 08E0     		b	.L5
ARM GAS  C:\Users\MODELA~1\AppData\Local\Temp\ccHhYIfc.s 			page 6


  79              	.L6:
 208:Generated_Source\PSoC5/cyfitter_cfg.c **** 		{
 209:Generated_Source\PSoC5/cyfitter_cfg.c **** 			CY_SET_REG8((void *)(baseAddr + data_table[j].offset), data_table[j].value);
  80              		.loc 1 209 0
  81 0014 01EB4205 		add	r5, r1, r2, lsl #1
  82 0018 11F81240 		ldrb	r4, [r1, r2, lsl #1]	@ zero_extendqisi2
  83 001c 6D78     		ldrb	r5, [r5, #1]	@ zero_extendqisi2
  84 001e A555     		strb	r5, [r4, r6]
 210:Generated_Source\PSoC5/cyfitter_cfg.c **** 			j++;
  85              		.loc 1 210 0
  86 0020 0132     		adds	r2, r2, #1
  87              	.LVL7:
 211:Generated_Source\PSoC5/cyfitter_cfg.c **** 			count--;
  88              		.loc 1 211 0
  89 0022 013B     		subs	r3, r3, #1
  90              	.LVL8:
  91 0024 DBB2     		uxtb	r3, r3
  92              	.LVL9:
  93              	.L5:
 207:Generated_Source\PSoC5/cyfitter_cfg.c **** 		{
  94              		.loc 1 207 0
  95 0026 002B     		cmp	r3, #0
  96 0028 F4D1     		bne	.L6
  97              	.LBE2:
 202:Generated_Source\PSoC5/cyfitter_cfg.c **** 	{
  98              		.loc 1 202 0 discriminator 2
  99 002a 0137     		adds	r7, r7, #1
 100              	.LVL10:
 101              	.L4:
 202:Generated_Source\PSoC5/cyfitter_cfg.c **** 	{
 102              		.loc 1 202 0 is_stmt 0 discriminator 1
 103 002c 202F     		cmp	r7, #32
 104 002e EBD9     		bls	.L7
 212:Generated_Source\PSoC5/cyfitter_cfg.c **** 		}
 213:Generated_Source\PSoC5/cyfitter_cfg.c **** 	}
 214:Generated_Source\PSoC5/cyfitter_cfg.c **** }
 105              		.loc 1 214 0 is_stmt 1
 106 0030 F0BC     		pop	{r4, r5, r6, r7}
 107              		.cfi_restore 7
 108              		.cfi_restore 6
 109              		.cfi_restore 5
 110              		.cfi_restore 4
 111              		.cfi_def_cfa_offset 0
 112              	.LVL11:
 113 0032 7047     		bx	lr
 114              		.cfi_endproc
 115              	.LFE4:
 116              		.size	cfg_write_bytes32, .-cfg_write_bytes32
 117              		.section	.text.AnalogSetDefault,"ax",%progbits
 118              		.align	2
 119              		.thumb
 120              		.thumb_func
 121              		.type	AnalogSetDefault, %function
 122              	AnalogSetDefault:
 123              	.LFB6:
 215:Generated_Source\PSoC5/cyfitter_cfg.c **** 
 216:Generated_Source\PSoC5/cyfitter_cfg.c **** /*******************************************************************************
ARM GAS  C:\Users\MODELA~1\AppData\Local\Temp\ccHhYIfc.s 			page 7


 217:Generated_Source\PSoC5/cyfitter_cfg.c **** * Function Name: ClockSetup
 218:Generated_Source\PSoC5/cyfitter_cfg.c **** ********************************************************************************
 219:Generated_Source\PSoC5/cyfitter_cfg.c **** *
 220:Generated_Source\PSoC5/cyfitter_cfg.c **** * Summary:
 221:Generated_Source\PSoC5/cyfitter_cfg.c **** *  Performs the initialization of all of the clocks in the device based on the
 222:Generated_Source\PSoC5/cyfitter_cfg.c **** *  settings in the Clock tab of the DWR.  This includes enabling the requested
 223:Generated_Source\PSoC5/cyfitter_cfg.c **** *  clocks and setting the necessary dividers to produce the desired frequency. 
 224:Generated_Source\PSoC5/cyfitter_cfg.c **** *
 225:Generated_Source\PSoC5/cyfitter_cfg.c **** * Parameters:
 226:Generated_Source\PSoC5/cyfitter_cfg.c **** *  void
 227:Generated_Source\PSoC5/cyfitter_cfg.c **** *
 228:Generated_Source\PSoC5/cyfitter_cfg.c **** * Return:
 229:Generated_Source\PSoC5/cyfitter_cfg.c **** *  void
 230:Generated_Source\PSoC5/cyfitter_cfg.c **** *
 231:Generated_Source\PSoC5/cyfitter_cfg.c **** *******************************************************************************/
 232:Generated_Source\PSoC5/cyfitter_cfg.c **** static void ClockSetup(void);
 233:Generated_Source\PSoC5/cyfitter_cfg.c **** static void ClockSetup(void)
 234:Generated_Source\PSoC5/cyfitter_cfg.c **** {
 235:Generated_Source\PSoC5/cyfitter_cfg.c **** 	uint32 timeout;
 236:Generated_Source\PSoC5/cyfitter_cfg.c **** 	uint8 pllLock;
 237:Generated_Source\PSoC5/cyfitter_cfg.c **** 
 238:Generated_Source\PSoC5/cyfitter_cfg.c **** 
 239:Generated_Source\PSoC5/cyfitter_cfg.c **** 	/* Configure Digital Clocks based on settings from Clock DWR */
 240:Generated_Source\PSoC5/cyfitter_cfg.c **** 	CY_SET_XTND_REG16((void CYFAR *)(CYREG_CLKDIST_DCFG0_CFG0), 0x0001u);
 241:Generated_Source\PSoC5/cyfitter_cfg.c **** 	CY_SET_XTND_REG8((void CYFAR *)(CYREG_CLKDIST_DCFG0_CFG0 + 0x2u), 0x18u);
 242:Generated_Source\PSoC5/cyfitter_cfg.c **** 	CY_SET_XTND_REG16((void CYFAR *)(CYREG_CLKDIST_DCFG1_CFG0), 0x0017u);
 243:Generated_Source\PSoC5/cyfitter_cfg.c **** 	CY_SET_XTND_REG8((void CYFAR *)(CYREG_CLKDIST_DCFG1_CFG0 + 0x2u), 0x18u);
 244:Generated_Source\PSoC5/cyfitter_cfg.c **** 	CY_SET_XTND_REG16((void CYFAR *)(CYREG_CLKDIST_DCFG2_CFG0), 0x0019u);
 245:Generated_Source\PSoC5/cyfitter_cfg.c **** 	CY_SET_XTND_REG8((void CYFAR *)(CYREG_CLKDIST_DCFG2_CFG0 + 0x2u), 0x18u);
 246:Generated_Source\PSoC5/cyfitter_cfg.c **** 
 247:Generated_Source\PSoC5/cyfitter_cfg.c **** 	/* Configure ILO based on settings from Clock DWR */
 248:Generated_Source\PSoC5/cyfitter_cfg.c **** 	CY_SET_XTND_REG8((void CYFAR *)(CYREG_SLOWCLK_ILO_CR0), 0x02u);
 249:Generated_Source\PSoC5/cyfitter_cfg.c **** 	CY_SET_XTND_REG8((void CYFAR *)(CYREG_CLKDIST_CR), 0x08u);
 250:Generated_Source\PSoC5/cyfitter_cfg.c **** 
 251:Generated_Source\PSoC5/cyfitter_cfg.c **** 	/* Configure IMO based on settings from Clock DWR */
 252:Generated_Source\PSoC5/cyfitter_cfg.c **** 	CY_SET_XTND_REG8((void CYFAR *)(CYREG_FASTCLK_IMO_CR), 0x03u);
 253:Generated_Source\PSoC5/cyfitter_cfg.c **** 	CY_SET_XTND_REG8((void CYFAR *)(CYREG_IMO_TR1), (CY_GET_XTND_REG8((void CYFAR *)CYREG_FLSHID_CUST_
 254:Generated_Source\PSoC5/cyfitter_cfg.c **** 
 255:Generated_Source\PSoC5/cyfitter_cfg.c **** 	/* Configure PLL based on settings from Clock DWR */
 256:Generated_Source\PSoC5/cyfitter_cfg.c **** 	CY_SET_XTND_REG16((void CYFAR *)(CYREG_FASTCLK_PLL_P), 0x0008u);
 257:Generated_Source\PSoC5/cyfitter_cfg.c **** 	CY_SET_XTND_REG16((void CYFAR *)(CYREG_FASTCLK_PLL_CFG0), 0x1251u);
 258:Generated_Source\PSoC5/cyfitter_cfg.c **** 	/* Wait up to 250us for the PLL to lock */
 259:Generated_Source\PSoC5/cyfitter_cfg.c **** 	pllLock = 0u;
 260:Generated_Source\PSoC5/cyfitter_cfg.c **** 	for (timeout = 250u / 10u; (timeout > 0u) && (pllLock != 0x03u); timeout--)
 261:Generated_Source\PSoC5/cyfitter_cfg.c **** 	{ 
 262:Generated_Source\PSoC5/cyfitter_cfg.c **** 		pllLock = 0x03u & ((uint8)((uint8)pllLock << 1) | ((CY_GET_XTND_REG8((void CYFAR *)CYREG_FASTCLK_
 263:Generated_Source\PSoC5/cyfitter_cfg.c **** 		CyDelayCycles(10u * 48u); /* Delay 10us based on 48MHz clock */
 264:Generated_Source\PSoC5/cyfitter_cfg.c **** 	}
 265:Generated_Source\PSoC5/cyfitter_cfg.c **** 	/* If we ran out of time the PLL didn't lock so go to the error function */
 266:Generated_Source\PSoC5/cyfitter_cfg.c **** 	if (timeout == 0u)
 267:Generated_Source\PSoC5/cyfitter_cfg.c **** 	{
 268:Generated_Source\PSoC5/cyfitter_cfg.c **** 		CyClockStartupError(CYCLOCKSTART_PLL_ERROR);
 269:Generated_Source\PSoC5/cyfitter_cfg.c **** 	}
 270:Generated_Source\PSoC5/cyfitter_cfg.c **** 
 271:Generated_Source\PSoC5/cyfitter_cfg.c **** 	/* Configure Bus/Master Clock based on settings from Clock DWR */
 272:Generated_Source\PSoC5/cyfitter_cfg.c **** 	CY_SET_XTND_REG16((void CYFAR *)(CYREG_CLKDIST_MSTR0), 0x0100u);
 273:Generated_Source\PSoC5/cyfitter_cfg.c **** 	CY_SET_XTND_REG8((void CYFAR *)(CYREG_CLKDIST_MSTR0), 0x07u);
ARM GAS  C:\Users\MODELA~1\AppData\Local\Temp\ccHhYIfc.s 			page 8


 274:Generated_Source\PSoC5/cyfitter_cfg.c **** 	CY_SET_XTND_REG8((void CYFAR *)(CYREG_CLKDIST_BCFG0), 0x00u);
 275:Generated_Source\PSoC5/cyfitter_cfg.c **** 	CY_SET_XTND_REG8((void CYFAR *)(CYREG_CLKDIST_BCFG2), 0x48u);
 276:Generated_Source\PSoC5/cyfitter_cfg.c **** 	CY_SET_XTND_REG8((void CYFAR *)(CYREG_CLKDIST_MSTR0), 0x00u);
 277:Generated_Source\PSoC5/cyfitter_cfg.c **** 	CY_SET_XTND_REG8((void CYFAR *)(CYREG_CLKDIST_LD), 0x02u);
 278:Generated_Source\PSoC5/cyfitter_cfg.c **** 
 279:Generated_Source\PSoC5/cyfitter_cfg.c **** 	CY_SET_XTND_REG8((void CYFAR *)(CYREG_PM_ACT_CFG2), ((CY_GET_XTND_REG8((void CYFAR *)CYREG_PM_ACT_
 280:Generated_Source\PSoC5/cyfitter_cfg.c **** }
 281:Generated_Source\PSoC5/cyfitter_cfg.c **** 
 282:Generated_Source\PSoC5/cyfitter_cfg.c **** 
 283:Generated_Source\PSoC5/cyfitter_cfg.c **** /* Analog API Functions */
 284:Generated_Source\PSoC5/cyfitter_cfg.c **** 
 285:Generated_Source\PSoC5/cyfitter_cfg.c **** 
 286:Generated_Source\PSoC5/cyfitter_cfg.c **** /*******************************************************************************
 287:Generated_Source\PSoC5/cyfitter_cfg.c **** * Function Name: AnalogSetDefault
 288:Generated_Source\PSoC5/cyfitter_cfg.c **** ********************************************************************************
 289:Generated_Source\PSoC5/cyfitter_cfg.c **** *
 290:Generated_Source\PSoC5/cyfitter_cfg.c **** * Summary:
 291:Generated_Source\PSoC5/cyfitter_cfg.c **** *  Sets up the analog portions of the chip to default values based on chip
 292:Generated_Source\PSoC5/cyfitter_cfg.c **** *  configuration options from the project.
 293:Generated_Source\PSoC5/cyfitter_cfg.c **** *
 294:Generated_Source\PSoC5/cyfitter_cfg.c **** * Parameters:
 295:Generated_Source\PSoC5/cyfitter_cfg.c **** *  void
 296:Generated_Source\PSoC5/cyfitter_cfg.c **** *
 297:Generated_Source\PSoC5/cyfitter_cfg.c **** * Return:
 298:Generated_Source\PSoC5/cyfitter_cfg.c **** *  void
 299:Generated_Source\PSoC5/cyfitter_cfg.c **** *
 300:Generated_Source\PSoC5/cyfitter_cfg.c **** *******************************************************************************/
 301:Generated_Source\PSoC5/cyfitter_cfg.c **** static void AnalogSetDefault(void);
 302:Generated_Source\PSoC5/cyfitter_cfg.c **** static void AnalogSetDefault(void)
 303:Generated_Source\PSoC5/cyfitter_cfg.c **** {
 124              		.loc 1 303 0
 125              		.cfi_startproc
 126              		@ args = 0, pretend = 0, frame = 0
 127              		@ frame_needed = 0, uses_anonymous_args = 0
 128              		@ link register save eliminated.
 304:Generated_Source\PSoC5/cyfitter_cfg.c **** 	uint8 bg_xover_inl_trim = CY_GET_XTND_REG8((void CYFAR *)(CYREG_FLSHID_MFG_CFG_BG_XOVER_INL_TRIM +
 129              		.loc 1 304 0
 130 0000 0E4B     		ldr	r3, .L10
 131 0002 1B78     		ldrb	r3, [r3]	@ zero_extendqisi2
 132 0004 DBB2     		uxtb	r3, r3
 133              	.LVL12:
 305:Generated_Source\PSoC5/cyfitter_cfg.c **** 	CY_SET_XTND_REG8((void CYFAR *)(CYREG_BG_DFT0), (bg_xover_inl_trim & 0x07u));
 134              		.loc 1 305 0
 135 0006 03F00701 		and	r1, r3, #7
 136 000a 0D4A     		ldr	r2, .L10+4
 137 000c 1170     		strb	r1, [r2]
 306:Generated_Source\PSoC5/cyfitter_cfg.c **** 	CY_SET_XTND_REG8((void CYFAR *)(CYREG_BG_DFT1), ((bg_xover_inl_trim >> 4) & 0x0Fu));
 138              		.loc 1 306 0
 139 000e 1B09     		lsrs	r3, r3, #4
 140              	.LVL13:
 141 0010 0132     		adds	r2, r2, #1
 142 0012 1370     		strb	r3, [r2]
 307:Generated_Source\PSoC5/cyfitter_cfg.c **** 	CY_SET_XTND_REG8((void CYFAR *)CYREG_PRT0_AG, 0x40u);
 143              		.loc 1 307 0
 144 0014 4023     		movs	r3, #64
 145 0016 A2F26272 		subw	r2, r2, #1890
 146 001a 1370     		strb	r3, [r2]
ARM GAS  C:\Users\MODELA~1\AppData\Local\Temp\ccHhYIfc.s 			page 9


 308:Generated_Source\PSoC5/cyfitter_cfg.c **** 	CY_SET_XTND_REG8((void CYFAR *)CYREG_PRT3_AG, 0x40u);
 147              		.loc 1 308 0
 148 001c 3032     		adds	r2, r2, #48
 149 001e 1370     		strb	r3, [r2]
 309:Generated_Source\PSoC5/cyfitter_cfg.c **** 	CY_SET_XTND_REG8((void CYFAR *)CYREG_CMP1_SW3, 0x40u);
 150              		.loc 1 309 0
 151 0020 02F68E12 		addw	r2, r2, #2446
 152 0024 1370     		strb	r3, [r2]
 310:Generated_Source\PSoC5/cyfitter_cfg.c **** 	CY_SET_XTND_REG8((void CYFAR *)CYREG_CMP1_SW4, 0x40u);
 153              		.loc 1 310 0
 154 0026 0132     		adds	r2, r2, #1
 155 0028 1370     		strb	r3, [r2]
 311:Generated_Source\PSoC5/cyfitter_cfg.c **** 	CY_SET_XTND_REG8((void CYFAR *)CYREG_CMP2_SW0, 0x40u);
 156              		.loc 1 311 0
 157 002a 0432     		adds	r2, r2, #4
 158 002c 1370     		strb	r3, [r2]
 312:Generated_Source\PSoC5/cyfitter_cfg.c **** 	CY_SET_XTND_REG8((void CYFAR *)CYREG_CMP2_SW3, 0x40u);
 159              		.loc 1 312 0
 160 002e 0332     		adds	r2, r2, #3
 161 0030 1370     		strb	r3, [r2]
 313:Generated_Source\PSoC5/cyfitter_cfg.c **** 	CY_SET_XTND_REG8((void CYFAR *)CYREG_PUMP_CR0, 0x44u);
 162              		.loc 1 313 0
 163 0032 4422     		movs	r2, #68
 164 0034 034B     		ldr	r3, .L10+8
 165 0036 1A70     		strb	r2, [r3]
 166 0038 7047     		bx	lr
 167              	.L11:
 168 003a 00BF     		.align	2
 169              	.L10:
 170 003c CF010049 		.word	1224737231
 171 0040 6E580040 		.word	1073764462
 172 0044 76580040 		.word	1073764470
 173              		.cfi_endproc
 174              	.LFE6:
 175              		.size	AnalogSetDefault, .-AnalogSetDefault
 176              		.section	.text.CYMEMZERO,"ax",%progbits
 177              		.align	2
 178              		.thumb
 179              		.thumb_func
 180              		.type	CYMEMZERO, %function
 181              	CYMEMZERO:
 182              	.LFB0:
  78:Generated_Source\PSoC5/cyfitter_cfg.c **** 	(void)memset(s, 0, n);
 183              		.loc 1 78 0
 184              		.cfi_startproc
 185              		@ args = 0, pretend = 0, frame = 0
 186              		@ frame_needed = 0, uses_anonymous_args = 0
 187              	.LVL14:
 188 0000 08B5     		push	{r3, lr}
 189              		.cfi_def_cfa_offset 8
 190              		.cfi_offset 3, -8
 191              		.cfi_offset 14, -4
  79:Generated_Source\PSoC5/cyfitter_cfg.c **** }
 192              		.loc 1 79 0
 193 0002 0A46     		mov	r2, r1
 194 0004 0021     		movs	r1, #0
 195              	.LVL15:
ARM GAS  C:\Users\MODELA~1\AppData\Local\Temp\ccHhYIfc.s 			page 10


 196 0006 FFF7FEFF 		bl	memset
 197              	.LVL16:
 198 000a 08BD     		pop	{r3, pc}
 199              		.cfi_endproc
 200              	.LFE0:
 201              		.size	CYMEMZERO, .-CYMEMZERO
 202              		.section	.text.ClockSetup,"ax",%progbits
 203              		.align	2
 204              		.thumb
 205              		.thumb_func
 206              		.type	ClockSetup, %function
 207              	ClockSetup:
 208              	.LFB5:
 234:Generated_Source\PSoC5/cyfitter_cfg.c **** 	uint32 timeout;
 209              		.loc 1 234 0
 210              		.cfi_startproc
 211              		@ args = 0, pretend = 0, frame = 0
 212              		@ frame_needed = 0, uses_anonymous_args = 0
 213 0000 38B5     		push	{r3, r4, r5, lr}
 214              		.cfi_def_cfa_offset 16
 215              		.cfi_offset 3, -16
 216              		.cfi_offset 4, -12
 217              		.cfi_offset 5, -8
 218              		.cfi_offset 14, -4
 240:Generated_Source\PSoC5/cyfitter_cfg.c **** 	CY_SET_XTND_REG8((void CYFAR *)(CYREG_CLKDIST_DCFG0_CFG0 + 0x2u), 0x18u);
 219              		.loc 1 240 0
 220 0002 0122     		movs	r2, #1
 221 0004 284B     		ldr	r3, .L20
 222 0006 1A80     		strh	r2, [r3]	@ movhi
 241:Generated_Source\PSoC5/cyfitter_cfg.c **** 	CY_SET_XTND_REG16((void CYFAR *)(CYREG_CLKDIST_DCFG1_CFG0), 0x0017u);
 223              		.loc 1 241 0
 224 0008 1823     		movs	r3, #24
 225 000a 284A     		ldr	r2, .L20+4
 226 000c 1370     		strb	r3, [r2]
 242:Generated_Source\PSoC5/cyfitter_cfg.c **** 	CY_SET_XTND_REG8((void CYFAR *)(CYREG_CLKDIST_DCFG1_CFG0 + 0x2u), 0x18u);
 227              		.loc 1 242 0
 228 000e 1721     		movs	r1, #23
 229 0010 0232     		adds	r2, r2, #2
 230 0012 1180     		strh	r1, [r2]	@ movhi
 243:Generated_Source\PSoC5/cyfitter_cfg.c **** 	CY_SET_XTND_REG16((void CYFAR *)(CYREG_CLKDIST_DCFG2_CFG0), 0x0019u);
 231              		.loc 1 243 0
 232 0014 0232     		adds	r2, r2, #2
 233 0016 1370     		strb	r3, [r2]
 244:Generated_Source\PSoC5/cyfitter_cfg.c **** 	CY_SET_XTND_REG8((void CYFAR *)(CYREG_CLKDIST_DCFG2_CFG0 + 0x2u), 0x18u);
 234              		.loc 1 244 0
 235 0018 1925     		movs	r5, #25
 236 001a 0232     		adds	r2, r2, #2
 237 001c 1580     		strh	r5, [r2]	@ movhi
 245:Generated_Source\PSoC5/cyfitter_cfg.c **** 
 238              		.loc 1 245 0
 239 001e 0232     		adds	r2, r2, #2
 240 0020 1370     		strb	r3, [r2]
 248:Generated_Source\PSoC5/cyfitter_cfg.c **** 	CY_SET_XTND_REG8((void CYFAR *)(CYREG_CLKDIST_CR), 0x08u);
 241              		.loc 1 248 0
 242 0022 0222     		movs	r2, #2
 243 0024 224B     		ldr	r3, .L20+8
 244 0026 1A70     		strb	r2, [r3]
ARM GAS  C:\Users\MODELA~1\AppData\Local\Temp\ccHhYIfc.s 			page 11


 249:Generated_Source\PSoC5/cyfitter_cfg.c **** 
 245              		.loc 1 249 0
 246 0028 0822     		movs	r2, #8
 247 002a 4FF04023 		mov	r3, #1073758208
 248 002e 1A70     		strb	r2, [r3]
 252:Generated_Source\PSoC5/cyfitter_cfg.c **** 	CY_SET_XTND_REG8((void CYFAR *)(CYREG_IMO_TR1), (CY_GET_XTND_REG8((void CYFAR *)CYREG_FLSHID_CUST_
 249              		.loc 1 252 0
 250 0030 0321     		movs	r1, #3
 251 0032 03F50073 		add	r3, r3, #512
 252 0036 1970     		strb	r1, [r3]
 253:Generated_Source\PSoC5/cyfitter_cfg.c **** 
 253              		.loc 1 253 0
 254 0038 1E4B     		ldr	r3, .L20+12
 255 003a 1B78     		ldrb	r3, [r3]	@ zero_extendqisi2
 256 003c DBB2     		uxtb	r3, r3
 257 003e 1E49     		ldr	r1, .L20+16
 258 0040 0B70     		strb	r3, [r1]
 256:Generated_Source\PSoC5/cyfitter_cfg.c **** 	CY_SET_XTND_REG16((void CYFAR *)(CYREG_FASTCLK_PLL_CFG0), 0x1251u);
 259              		.loc 1 256 0
 260 0042 1E4B     		ldr	r3, .L20+20
 261 0044 1A80     		strh	r2, [r3]	@ movhi
 257:Generated_Source\PSoC5/cyfitter_cfg.c **** 	/* Wait up to 250us for the PLL to lock */
 262              		.loc 1 257 0
 263 0046 41F25122 		movw	r2, #4689
 264 004a 023B     		subs	r3, r3, #2
 265 004c 1A80     		strh	r2, [r3]	@ movhi
 266              	.LVL17:
 259:Generated_Source\PSoC5/cyfitter_cfg.c **** 	for (timeout = 250u / 10u; (timeout > 0u) && (pllLock != 0x03u); timeout--)
 267              		.loc 1 259 0
 268 004e 0024     		movs	r4, #0
 260:Generated_Source\PSoC5/cyfitter_cfg.c **** 	{ 
 269              		.loc 1 260 0
 270 0050 0CE0     		b	.L15
 271              	.LVL18:
 272              	.L17:
 262:Generated_Source\PSoC5/cyfitter_cfg.c **** 		CyDelayCycles(10u * 48u); /* Delay 10us based on 48MHz clock */
 273              		.loc 1 262 0 discriminator 4
 274 0052 1B4B     		ldr	r3, .L20+24
 275 0054 1B78     		ldrb	r3, [r3]	@ zero_extendqisi2
 276 0056 03F00103 		and	r3, r3, #1
 277 005a 43EA4404 		orr	r4, r3, r4, lsl #1
 278              	.LVL19:
 279 005e 04F00304 		and	r4, r4, #3
 280              	.LVL20:
 263:Generated_Source\PSoC5/cyfitter_cfg.c **** 	}
 281              		.loc 1 263 0 discriminator 4
 282 0062 4FF4F070 		mov	r0, #480
 283 0066 FFF7FEFF 		bl	CyDelayCycles
 284              	.LVL21:
 260:Generated_Source\PSoC5/cyfitter_cfg.c **** 	{ 
 285              		.loc 1 260 0 discriminator 4
 286 006a 013D     		subs	r5, r5, #1
 287              	.LVL22:
 288              	.L15:
 260:Generated_Source\PSoC5/cyfitter_cfg.c **** 	{ 
 289              		.loc 1 260 0 is_stmt 0 discriminator 1
 290 006c 0DB1     		cbz	r5, .L16
ARM GAS  C:\Users\MODELA~1\AppData\Local\Temp\ccHhYIfc.s 			page 12


 260:Generated_Source\PSoC5/cyfitter_cfg.c **** 	{ 
 291              		.loc 1 260 0 discriminator 3
 292 006e 032C     		cmp	r4, #3
 293 0070 EFD1     		bne	.L17
 294              	.L16:
 266:Generated_Source\PSoC5/cyfitter_cfg.c **** 	{
 295              		.loc 1 266 0 is_stmt 1
 296 0072 15B9     		cbnz	r5, .L18
 268:Generated_Source\PSoC5/cyfitter_cfg.c **** 	}
 297              		.loc 1 268 0
 298 0074 0320     		movs	r0, #3
 299 0076 FFF7FEFF 		bl	CyClockStartupError
 300              	.LVL23:
 301              	.L18:
 272:Generated_Source\PSoC5/cyfitter_cfg.c **** 	CY_SET_XTND_REG8((void CYFAR *)(CYREG_CLKDIST_MSTR0), 0x07u);
 302              		.loc 1 272 0
 303 007a 124B     		ldr	r3, .L20+28
 304 007c 4FF48072 		mov	r2, #256
 305 0080 1A80     		strh	r2, [r3]	@ movhi
 273:Generated_Source\PSoC5/cyfitter_cfg.c **** 	CY_SET_XTND_REG8((void CYFAR *)(CYREG_CLKDIST_BCFG0), 0x00u);
 306              		.loc 1 273 0
 307 0082 0722     		movs	r2, #7
 308 0084 1A70     		strb	r2, [r3]
 274:Generated_Source\PSoC5/cyfitter_cfg.c **** 	CY_SET_XTND_REG8((void CYFAR *)(CYREG_CLKDIST_BCFG2), 0x48u);
 309              		.loc 1 274 0
 310 0086 0022     		movs	r2, #0
 311 0088 0F49     		ldr	r1, .L20+32
 312 008a 0A70     		strb	r2, [r1]
 275:Generated_Source\PSoC5/cyfitter_cfg.c **** 	CY_SET_XTND_REG8((void CYFAR *)(CYREG_CLKDIST_MSTR0), 0x00u);
 313              		.loc 1 275 0
 314 008c 4820     		movs	r0, #72
 315 008e 0231     		adds	r1, r1, #2
 316 0090 0870     		strb	r0, [r1]
 276:Generated_Source\PSoC5/cyfitter_cfg.c **** 	CY_SET_XTND_REG8((void CYFAR *)(CYREG_CLKDIST_LD), 0x02u);
 317              		.loc 1 276 0
 318 0092 1A70     		strb	r2, [r3]
 277:Generated_Source\PSoC5/cyfitter_cfg.c **** 
 319              		.loc 1 277 0
 320 0094 0222     		movs	r2, #2
 321 0096 033B     		subs	r3, r3, #3
 322 0098 1A70     		strb	r2, [r3]
 279:Generated_Source\PSoC5/cyfitter_cfg.c **** }
 323              		.loc 1 279 0
 324 009a 0C4A     		ldr	r2, .L20+36
 325 009c 1378     		ldrb	r3, [r2]	@ zero_extendqisi2
 326 009e 43F00703 		orr	r3, r3, #7
 327 00a2 1370     		strb	r3, [r2]
 328 00a4 38BD     		pop	{r3, r4, r5, pc}
 329              	.LVL24:
 330              	.L21:
 331 00a6 00BF     		.align	2
 332              	.L20:
 333 00a8 80400040 		.word	1073758336
 334 00ac 82400040 		.word	1073758338
 335 00b0 00430040 		.word	1073758976
 336 00b4 08010049 		.word	1224737032
 337 00b8 A1460040 		.word	1073759905
ARM GAS  C:\Users\MODELA~1\AppData\Local\Temp\ccHhYIfc.s 			page 13


 338 00bc 22420040 		.word	1073758754
 339 00c0 25420040 		.word	1073758757
 340 00c4 04400040 		.word	1073758212
 341 00c8 06400040 		.word	1073758214
 342 00cc A2430040 		.word	1073759138
 343              		.cfi_endproc
 344              	.LFE5:
 345              		.size	ClockSetup, .-ClockSetup
 346              		.section	.text.CYCONFIGCPY,"ax",%progbits
 347              		.align	2
 348              		.thumb
 349              		.thumb_func
 350              		.type	CYCONFIGCPY, %function
 351              	CYCONFIGCPY:
 352              	.LFB1:
  85:Generated_Source\PSoC5/cyfitter_cfg.c **** 	(void)memcpy(dest, src, n);
 353              		.loc 1 85 0
 354              		.cfi_startproc
 355              		@ args = 0, pretend = 0, frame = 0
 356              		@ frame_needed = 0, uses_anonymous_args = 0
 357              	.LVL25:
 358 0000 08B5     		push	{r3, lr}
 359              		.cfi_def_cfa_offset 8
 360              		.cfi_offset 3, -8
 361              		.cfi_offset 14, -4
  86:Generated_Source\PSoC5/cyfitter_cfg.c **** }
 362              		.loc 1 86 0
 363 0002 FFF7FEFF 		bl	memcpy
 364              	.LVL26:
 365 0006 08BD     		pop	{r3, pc}
 366              		.cfi_endproc
 367              	.LFE1:
 368              		.size	CYCONFIGCPY, .-CYCONFIGCPY
 369              		.section	.text.SetAnalogRoutingPumps,"ax",%progbits
 370              		.align	2
 371              		.global	SetAnalogRoutingPumps
 372              		.thumb
 373              		.thumb_func
 374              		.type	SetAnalogRoutingPumps, %function
 375              	SetAnalogRoutingPumps:
 376              	.LFB7:
 314:Generated_Source\PSoC5/cyfitter_cfg.c **** }
 315:Generated_Source\PSoC5/cyfitter_cfg.c **** 
 316:Generated_Source\PSoC5/cyfitter_cfg.c **** 
 317:Generated_Source\PSoC5/cyfitter_cfg.c **** /*******************************************************************************
 318:Generated_Source\PSoC5/cyfitter_cfg.c **** * Function Name: SetAnalogRoutingPumps
 319:Generated_Source\PSoC5/cyfitter_cfg.c **** ********************************************************************************
 320:Generated_Source\PSoC5/cyfitter_cfg.c **** *
 321:Generated_Source\PSoC5/cyfitter_cfg.c **** * Summary:
 322:Generated_Source\PSoC5/cyfitter_cfg.c **** * Enables or disables the analog pumps feeding analog routing switches.
 323:Generated_Source\PSoC5/cyfitter_cfg.c **** * Intended to be called at startup, based on the Vdda system configuration;
 324:Generated_Source\PSoC5/cyfitter_cfg.c **** * may be called during operation when the user informs us that the Vdda voltage
 325:Generated_Source\PSoC5/cyfitter_cfg.c **** * crossed the pump threshold.
 326:Generated_Source\PSoC5/cyfitter_cfg.c **** *
 327:Generated_Source\PSoC5/cyfitter_cfg.c **** * Parameters:
 328:Generated_Source\PSoC5/cyfitter_cfg.c **** *  enabled - 1 to enable the pumps, 0 to disable the pumps
 329:Generated_Source\PSoC5/cyfitter_cfg.c **** *
ARM GAS  C:\Users\MODELA~1\AppData\Local\Temp\ccHhYIfc.s 			page 14


 330:Generated_Source\PSoC5/cyfitter_cfg.c **** * Return:
 331:Generated_Source\PSoC5/cyfitter_cfg.c **** *  void
 332:Generated_Source\PSoC5/cyfitter_cfg.c **** *
 333:Generated_Source\PSoC5/cyfitter_cfg.c **** *******************************************************************************/
 334:Generated_Source\PSoC5/cyfitter_cfg.c **** void SetAnalogRoutingPumps(uint8 enabled)
 335:Generated_Source\PSoC5/cyfitter_cfg.c **** {
 377              		.loc 1 335 0
 378              		.cfi_startproc
 379              		@ args = 0, pretend = 0, frame = 0
 380              		@ frame_needed = 0, uses_anonymous_args = 0
 381              		@ link register save eliminated.
 382              	.LVL27:
 336:Generated_Source\PSoC5/cyfitter_cfg.c **** 	uint8 regValue = CY_GET_XTND_REG8((void CYFAR *)CYREG_PUMP_CR0);
 383              		.loc 1 336 0
 384 0000 054B     		ldr	r3, .L27
 385 0002 1B78     		ldrb	r3, [r3]	@ zero_extendqisi2
 386 0004 DBB2     		uxtb	r3, r3
 387              	.LVL28:
 337:Generated_Source\PSoC5/cyfitter_cfg.c **** 	if (enabled != 0u)
 388              		.loc 1 337 0
 389 0006 10B1     		cbz	r0, .L25
 338:Generated_Source\PSoC5/cyfitter_cfg.c **** 	{
 339:Generated_Source\PSoC5/cyfitter_cfg.c **** 		regValue |= 0x22u;
 390              		.loc 1 339 0
 391 0008 43F02203 		orr	r3, r3, #34
 392              	.LVL29:
 393 000c 01E0     		b	.L26
 394              	.L25:
 340:Generated_Source\PSoC5/cyfitter_cfg.c **** 	}
 341:Generated_Source\PSoC5/cyfitter_cfg.c **** 	else
 342:Generated_Source\PSoC5/cyfitter_cfg.c **** 	{
 343:Generated_Source\PSoC5/cyfitter_cfg.c **** 		regValue &= (uint8)~0x22u;
 395              		.loc 1 343 0
 396 000e 03F0DD03 		and	r3, r3, #221
 397              	.LVL30:
 398              	.L26:
 344:Generated_Source\PSoC5/cyfitter_cfg.c **** 	}
 345:Generated_Source\PSoC5/cyfitter_cfg.c **** 	CY_SET_XTND_REG8((void CYFAR *)CYREG_PUMP_CR0, regValue);
 399              		.loc 1 345 0
 400 0012 014A     		ldr	r2, .L27
 401 0014 1370     		strb	r3, [r2]
 402 0016 7047     		bx	lr
 403              	.L28:
 404              		.align	2
 405              	.L27:
 406 0018 76580040 		.word	1073764470
 407              		.cfi_endproc
 408              	.LFE7:
 409              		.size	SetAnalogRoutingPumps, .-SetAnalogRoutingPumps
 410              		.section	.text.cyfitter_cfg,"ax",%progbits
 411              		.align	2
 412              		.global	cyfitter_cfg
 413              		.thumb
 414              		.thumb_func
 415              		.type	cyfitter_cfg, %function
 416              	cyfitter_cfg:
 417              	.LFB8:
ARM GAS  C:\Users\MODELA~1\AppData\Local\Temp\ccHhYIfc.s 			page 15


 346:Generated_Source\PSoC5/cyfitter_cfg.c **** }
 347:Generated_Source\PSoC5/cyfitter_cfg.c **** 
 348:Generated_Source\PSoC5/cyfitter_cfg.c **** 
 349:Generated_Source\PSoC5/cyfitter_cfg.c **** 
 350:Generated_Source\PSoC5/cyfitter_cfg.c **** 
 351:Generated_Source\PSoC5/cyfitter_cfg.c **** /*******************************************************************************
 352:Generated_Source\PSoC5/cyfitter_cfg.c **** * Function Name: cyfitter_cfg
 353:Generated_Source\PSoC5/cyfitter_cfg.c **** ********************************************************************************
 354:Generated_Source\PSoC5/cyfitter_cfg.c **** * Summary:
 355:Generated_Source\PSoC5/cyfitter_cfg.c **** *  This function is called by the start-up code for the selected device. It
 356:Generated_Source\PSoC5/cyfitter_cfg.c **** *  performs all of the necessary device configuration based on the design
 357:Generated_Source\PSoC5/cyfitter_cfg.c **** *  settings.  This includes settings from the Design Wide Resources (DWR) such
 358:Generated_Source\PSoC5/cyfitter_cfg.c **** *  as Clocks and Pins as well as any component configuration that is necessary.
 359:Generated_Source\PSoC5/cyfitter_cfg.c **** *
 360:Generated_Source\PSoC5/cyfitter_cfg.c **** * Parameters:
 361:Generated_Source\PSoC5/cyfitter_cfg.c **** *   void
 362:Generated_Source\PSoC5/cyfitter_cfg.c **** *
 363:Generated_Source\PSoC5/cyfitter_cfg.c **** * Return:
 364:Generated_Source\PSoC5/cyfitter_cfg.c **** *   void
 365:Generated_Source\PSoC5/cyfitter_cfg.c **** *
 366:Generated_Source\PSoC5/cyfitter_cfg.c **** *******************************************************************************/
 367:Generated_Source\PSoC5/cyfitter_cfg.c **** 
 368:Generated_Source\PSoC5/cyfitter_cfg.c **** void cyfitter_cfg(void)
 369:Generated_Source\PSoC5/cyfitter_cfg.c **** {
 418              		.loc 1 369 0
 419              		.cfi_startproc
 420              		@ args = 0, pretend = 0, frame = 0
 421              		@ frame_needed = 0, uses_anonymous_args = 0
 422 0000 38B5     		push	{r3, r4, r5, lr}
 423              		.cfi_def_cfa_offset 16
 424              		.cfi_offset 3, -16
 425              		.cfi_offset 4, -12
 426              		.cfi_offset 5, -8
 427              		.cfi_offset 14, -4
 370:Generated_Source\PSoC5/cyfitter_cfg.c **** #ifdef CYGlobalIntDisable
 371:Generated_Source\PSoC5/cyfitter_cfg.c **** 	/* Disable interrupts by default. Let user enable if/when they want. */
 372:Generated_Source\PSoC5/cyfitter_cfg.c **** 	CYGlobalIntDisable
 428              		.loc 1 372 0
 429              		.syntax unified
 430              	@ 372 "Generated_Source\PSoC5\cyfitter_cfg.c" 1
 431 0002 72B6     		CPSID   i
 432              	@ 0 "" 2
 373:Generated_Source\PSoC5/cyfitter_cfg.c **** #endif
 374:Generated_Source\PSoC5/cyfitter_cfg.c **** 
 375:Generated_Source\PSoC5/cyfitter_cfg.c **** 	/* Enable/Disable Debug functionality based on settings from System DWR */
 376:Generated_Source\PSoC5/cyfitter_cfg.c **** 	CY_SET_XTND_REG8((void CYFAR *)CYREG_MLOGIC_DEBUG, (CY_GET_XTND_REG8((void CYFAR *)CYREG_MLOGIC_DE
 433              		.loc 1 376 0
 434              		.thumb
 435              		.syntax unified
 436 0004 3C4A     		ldr	r2, .L35
 437 0006 1378     		ldrb	r3, [r2]	@ zero_extendqisi2
 438 0008 43F00403 		orr	r3, r3, #4
 439 000c 1370     		strb	r3, [r2]
 440              	.LVL31:
 441              	.LBB3:
 377:Generated_Source\PSoC5/cyfitter_cfg.c **** 
 378:Generated_Source\PSoC5/cyfitter_cfg.c **** 	{
ARM GAS  C:\Users\MODELA~1\AppData\Local\Temp\ccHhYIfc.s 			page 16


 379:Generated_Source\PSoC5/cyfitter_cfg.c **** 
 380:Generated_Source\PSoC5/cyfitter_cfg.c **** 		CYPACKED typedef struct {
 381:Generated_Source\PSoC5/cyfitter_cfg.c **** 			void CYFAR *address;
 382:Generated_Source\PSoC5/cyfitter_cfg.c **** 			uint16 size;
 383:Generated_Source\PSoC5/cyfitter_cfg.c **** 		} CYPACKED_ATTR cfg_memset_t;
 384:Generated_Source\PSoC5/cyfitter_cfg.c **** 
 385:Generated_Source\PSoC5/cyfitter_cfg.c **** 
 386:Generated_Source\PSoC5/cyfitter_cfg.c **** 		CYPACKED typedef struct {
 387:Generated_Source\PSoC5/cyfitter_cfg.c **** 			void CYFAR *dest;
 388:Generated_Source\PSoC5/cyfitter_cfg.c **** 			const void CYFAR *src;
 389:Generated_Source\PSoC5/cyfitter_cfg.c **** 			uint16 size;
 390:Generated_Source\PSoC5/cyfitter_cfg.c **** 		} CYPACKED_ATTR cfg_memcpy_t;
 391:Generated_Source\PSoC5/cyfitter_cfg.c **** 
 392:Generated_Source\PSoC5/cyfitter_cfg.c **** 		static const cfg_memset_t CYCODE cfg_memset_list[] = {
 393:Generated_Source\PSoC5/cyfitter_cfg.c **** 			/* address, size */
 394:Generated_Source\PSoC5/cyfitter_cfg.c **** 			{(void CYFAR *)(CYREG_PRT4_DR), 48u},
 395:Generated_Source\PSoC5/cyfitter_cfg.c **** 			{(void CYFAR *)(CYREG_PRT15_DR), 16u},
 396:Generated_Source\PSoC5/cyfitter_cfg.c **** 			{(void CYFAR *)(CYDEV_UCFG_B0_P0_U0_BASE), 4096u},
 397:Generated_Source\PSoC5/cyfitter_cfg.c **** 			{(void CYFAR *)(CYDEV_UCFG_B1_P2_U0_BASE), 1536u},
 398:Generated_Source\PSoC5/cyfitter_cfg.c **** 			{(void CYFAR *)(CYDEV_UCFG_B1_P5_U1_BASE), 384u},
 399:Generated_Source\PSoC5/cyfitter_cfg.c **** 			{(void CYFAR *)(CYDEV_UCFG_DSI0_BASE), 2560u},
 400:Generated_Source\PSoC5/cyfitter_cfg.c **** 			{(void CYFAR *)(CYDEV_UCFG_DSI12_BASE), 512u},
 401:Generated_Source\PSoC5/cyfitter_cfg.c **** 			{(void CYFAR *)(CYREG_BCTL0_MDCLK_EN), 32u},
 402:Generated_Source\PSoC5/cyfitter_cfg.c **** 		};
 403:Generated_Source\PSoC5/cyfitter_cfg.c **** 
 404:Generated_Source\PSoC5/cyfitter_cfg.c **** 		static const cfg_memcpy_t CYCODE cfg_memcpy_list [] = {
 405:Generated_Source\PSoC5/cyfitter_cfg.c **** 			/* dest, src, size */
 406:Generated_Source\PSoC5/cyfitter_cfg.c **** 			{(void CYFAR *)(CYDEV_PRTDSI_PRT12_BASE), BS_IOPORT_7_VAL, 6u},
 407:Generated_Source\PSoC5/cyfitter_cfg.c **** 			{(void CYFAR *)(CYDEV_UCFG_B1_P5_U0_BASE), BS_UDB_0_0_0_CONFIG_VAL, 128u},
 408:Generated_Source\PSoC5/cyfitter_cfg.c **** 		};
 409:Generated_Source\PSoC5/cyfitter_cfg.c **** 
 410:Generated_Source\PSoC5/cyfitter_cfg.c **** 		uint8 CYDATA i;
 411:Generated_Source\PSoC5/cyfitter_cfg.c **** 
 412:Generated_Source\PSoC5/cyfitter_cfg.c **** 		/* Zero out critical memory blocks before beginning configuration */
 413:Generated_Source\PSoC5/cyfitter_cfg.c **** 		for (i = 0u; i < (sizeof(cfg_memset_list)/sizeof(cfg_memset_list[0])); i++)
 442              		.loc 1 413 0
 443 000e 0024     		movs	r4, #0
 444 0010 0CE0     		b	.L30
 445              	.LVL32:
 446              	.L31:
 447              	.LBB4:
 414:Generated_Source\PSoC5/cyfitter_cfg.c **** 		{
 415:Generated_Source\PSoC5/cyfitter_cfg.c **** 			const cfg_memset_t CYCODE * CYDATA ms = &cfg_memset_list[i];
 416:Generated_Source\PSoC5/cyfitter_cfg.c **** 			CYMEMZERO(ms->address, (size_t)(uint32)(ms->size));
 448              		.loc 1 416 0 discriminator 3
 449 0012 3A4D     		ldr	r5, .L35+4
 450 0014 6300     		lsls	r3, r4, #1
 451 0016 1919     		adds	r1, r3, r4
 452 0018 4A00     		lsls	r2, r1, #1
 453 001a 1146     		mov	r1, r2
 454 001c 2A44     		add	r2, r2, r5
 455 001e 0846     		mov	r0, r1
 456 0020 9188     		ldrh	r1, [r2, #4]
 457 0022 2858     		ldr	r0, [r5, r0]	@ unaligned
 458 0024 FFF7FEFF 		bl	CYMEMZERO
 459              	.LVL33:
 460              	.LBE4:
ARM GAS  C:\Users\MODELA~1\AppData\Local\Temp\ccHhYIfc.s 			page 17


 413:Generated_Source\PSoC5/cyfitter_cfg.c **** 		{
 461              		.loc 1 413 0 discriminator 3
 462 0028 0134     		adds	r4, r4, #1
 463              	.LVL34:
 464 002a E4B2     		uxtb	r4, r4
 465              	.LVL35:
 466              	.L30:
 413:Generated_Source\PSoC5/cyfitter_cfg.c **** 		{
 467              		.loc 1 413 0 is_stmt 0 discriminator 1
 468 002c 072C     		cmp	r4, #7
 469 002e F0D9     		bls	.L31
 470 0030 0024     		movs	r4, #0
 471              	.LVL36:
 472 0032 0BE0     		b	.L32
 473              	.LVL37:
 474              	.L33:
 475              	.LBB5:
 417:Generated_Source\PSoC5/cyfitter_cfg.c **** 		}
 418:Generated_Source\PSoC5/cyfitter_cfg.c **** 
 419:Generated_Source\PSoC5/cyfitter_cfg.c **** 		/* Copy device configuration data into registers */
 420:Generated_Source\PSoC5/cyfitter_cfg.c **** 		for (i = 0u; i < (sizeof(cfg_memcpy_list)/sizeof(cfg_memcpy_list[0])); i++)
 421:Generated_Source\PSoC5/cyfitter_cfg.c **** 		{
 422:Generated_Source\PSoC5/cyfitter_cfg.c **** 			const cfg_memcpy_t CYCODE * CYDATA mc = &cfg_memcpy_list[i];
 423:Generated_Source\PSoC5/cyfitter_cfg.c **** 			void * CYDATA destPtr = mc->dest;
 476              		.loc 1 423 0 is_stmt 1 discriminator 3
 477 0034 3148     		ldr	r0, .L35+4
 478 0036 A200     		lsls	r2, r4, #2
 479 0038 1119     		adds	r1, r2, r4
 480 003a 4B00     		lsls	r3, r1, #1
 481 003c 0344     		add	r3, r3, r0
 482              	.LVL38:
 424:Generated_Source\PSoC5/cyfitter_cfg.c **** 			const void * CYDATA srcPtr = mc->src;
 425:Generated_Source\PSoC5/cyfitter_cfg.c **** 			uint16 CYDATA numBytes = mc->size;
 426:Generated_Source\PSoC5/cyfitter_cfg.c **** 			CYCONFIGCPY(destPtr, srcPtr, numBytes);
 483              		.loc 1 426 0 discriminator 3
 484 003e 1A8F     		ldrh	r2, [r3, #56]
 485 0040 596B     		ldr	r1, [r3, #52]	@ unaligned
 486              	.LVL39:
 487 0042 186B     		ldr	r0, [r3, #48]	@ unaligned
 488              	.LVL40:
 489 0044 FFF7FEFF 		bl	CYCONFIGCPY
 490              	.LVL41:
 491              	.LBE5:
 420:Generated_Source\PSoC5/cyfitter_cfg.c **** 		{
 492              		.loc 1 420 0 discriminator 3
 493 0048 0134     		adds	r4, r4, #1
 494              	.LVL42:
 495 004a E4B2     		uxtb	r4, r4
 496              	.LVL43:
 497              	.L32:
 420:Generated_Source\PSoC5/cyfitter_cfg.c **** 		{
 498              		.loc 1 420 0 is_stmt 0 discriminator 1
 499 004c 012C     		cmp	r4, #1
 500 004e F1D9     		bls	.L33
 427:Generated_Source\PSoC5/cyfitter_cfg.c **** 		}
 428:Generated_Source\PSoC5/cyfitter_cfg.c **** 
 429:Generated_Source\PSoC5/cyfitter_cfg.c **** 		cfg_write_bytes32(cy_cfg_addr_table, cy_cfg_data_table);
ARM GAS  C:\Users\MODELA~1\AppData\Local\Temp\ccHhYIfc.s 			page 18


 501              		.loc 1 429 0 is_stmt 1
 502 0050 2B49     		ldr	r1, .L35+8
 503 0052 4FF09040 		mov	r0, #1207959552
 504 0056 FFF7FEFF 		bl	cfg_write_bytes32
 505              	.LVL44:
 430:Generated_Source\PSoC5/cyfitter_cfg.c **** 
 431:Generated_Source\PSoC5/cyfitter_cfg.c **** 		/* Perform normal device configuration. Order is not critical for these items. */
 432:Generated_Source\PSoC5/cyfitter_cfg.c **** 		CY_SET_XTND_REG16((void CYFAR *)(CYREG_LUT2_CR), 0x0203u);
 506              		.loc 1 432 0
 507 005a 40F20322 		movw	r2, #515
 508 005e 294B     		ldr	r3, .L35+12
 509 0060 1A80     		strh	r2, [r3]	@ movhi
 433:Generated_Source\PSoC5/cyfitter_cfg.c **** 
 434:Generated_Source\PSoC5/cyfitter_cfg.c **** 		/* B0_P1_U1_CFG24 Starting address: CYDEV_UCFG_B0_P1_U1_CFG24 */
 435:Generated_Source\PSoC5/cyfitter_cfg.c **** 		CY_SET_XTND_REG32((void CYFAR *)(CYREG_B0_P1_U1_CFG24), 0x44040404u);
 510              		.loc 1 435 0
 511 0062 294A     		ldr	r2, .L35+16
 512 0064 03F52A43 		add	r3, r3, #43520
 513 0068 8C33     		adds	r3, r3, #140
 514 006a 1A60     		str	r2, [r3]
 436:Generated_Source\PSoC5/cyfitter_cfg.c **** 
 437:Generated_Source\PSoC5/cyfitter_cfg.c **** 		/* Enable digital routing */
 438:Generated_Source\PSoC5/cyfitter_cfg.c **** 		CY_SET_XTND_REG8((void CYFAR *)CYREG_BCTL0_BANK_CTL, CY_GET_XTND_REG8((void CYFAR *)CYREG_BCTL0_B
 515              		.loc 1 438 0
 516 006c 274A     		ldr	r2, .L35+20
 517 006e 1378     		ldrb	r3, [r2]	@ zero_extendqisi2
 518 0070 43F00203 		orr	r3, r3, #2
 519 0074 1370     		strb	r3, [r2]
 439:Generated_Source\PSoC5/cyfitter_cfg.c **** 		CY_SET_XTND_REG8((void CYFAR *)CYREG_BCTL1_BANK_CTL, CY_GET_XTND_REG8((void CYFAR *)CYREG_BCTL1_B
 520              		.loc 1 439 0
 521 0076 1032     		adds	r2, r2, #16
 522 0078 1378     		ldrb	r3, [r2]	@ zero_extendqisi2
 523 007a 43F00203 		orr	r3, r3, #2
 524 007e 1370     		strb	r3, [r2]
 440:Generated_Source\PSoC5/cyfitter_cfg.c **** 
 441:Generated_Source\PSoC5/cyfitter_cfg.c **** 		/* Enable UDB array */
 442:Generated_Source\PSoC5/cyfitter_cfg.c **** 		CY_SET_XTND_REG8((void CYFAR *)CYREG_PM_ACT_CFG0, CY_GET_XTND_REG8((void CYFAR *)CYREG_PM_ACT_CFG
 525              		.loc 1 442 0
 526 0080 234C     		ldr	r4, .L35+24
 527              	.LVL45:
 528 0082 2378     		ldrb	r3, [r4]	@ zero_extendqisi2
 529 0084 43F04003 		orr	r3, r3, #64
 530 0088 2370     		strb	r3, [r4]
 443:Generated_Source\PSoC5/cyfitter_cfg.c **** 		CY_SET_XTND_REG8((void CYFAR *)CYREG_PM_AVAIL_CR2, CY_GET_XTND_REG8((void CYFAR *)CYREG_PM_AVAIL_
 531              		.loc 1 443 0
 532 008a A2F58632 		sub	r2, r2, #68608
 533 008e 513A     		subs	r2, r2, #81
 534 0090 1378     		ldrb	r3, [r2]	@ zero_extendqisi2
 535 0092 43F01003 		orr	r3, r3, #16
 536 0096 1370     		strb	r3, [r2]
 537              	.LBE3:
 444:Generated_Source\PSoC5/cyfitter_cfg.c **** 	}
 445:Generated_Source\PSoC5/cyfitter_cfg.c **** 
 446:Generated_Source\PSoC5/cyfitter_cfg.c **** 
 447:Generated_Source\PSoC5/cyfitter_cfg.c **** 	/* Perform second pass device configuration. These items must be configured in specific order afte
 448:Generated_Source\PSoC5/cyfitter_cfg.c **** 	CYCONFIGCPY((void CYFAR *)(CYREG_PRT0_DM0), (const void CYFAR *)(BS_IOPINS0_0_VAL), 8u);
 538              		.loc 1 448 0
ARM GAS  C:\Users\MODELA~1\AppData\Local\Temp\ccHhYIfc.s 			page 19


 539 0098 0822     		movs	r2, #8
 540 009a 1E49     		ldr	r1, .L35+28
 541 009c 1E48     		ldr	r0, .L35+32
 542 009e FFF7FEFF 		bl	CYCONFIGCPY
 543              	.LVL46:
 449:Generated_Source\PSoC5/cyfitter_cfg.c **** 	CYCONFIGCPY((void CYFAR *)(CYREG_PRT12_DR), (const void CYFAR *)(BS_IOPINS0_7_VAL), 10u);
 544              		.loc 1 449 0
 545 00a2 0A22     		movs	r2, #10
 546 00a4 1D49     		ldr	r1, .L35+36
 547 00a6 1E48     		ldr	r0, .L35+40
 548 00a8 FFF7FEFF 		bl	CYCONFIGCPY
 549              	.LVL47:
 450:Generated_Source\PSoC5/cyfitter_cfg.c **** 	CYCONFIGCPY((void CYFAR *)(CYREG_PRT1_DM0), (const void CYFAR *)(BS_IOPINS0_1_VAL), 8u);
 550              		.loc 1 450 0
 551 00ac 0822     		movs	r2, #8
 552 00ae 1D49     		ldr	r1, .L35+44
 553 00b0 1D48     		ldr	r0, .L35+48
 554 00b2 FFF7FEFF 		bl	CYCONFIGCPY
 555              	.LVL48:
 451:Generated_Source\PSoC5/cyfitter_cfg.c **** 	CYCONFIGCPY((void CYFAR *)(CYREG_PRT2_DR), (const void CYFAR *)(BS_IOPINS0_2_VAL), 10u);
 556              		.loc 1 451 0
 557 00b6 0A22     		movs	r2, #10
 558 00b8 1C49     		ldr	r1, .L35+52
 559 00ba 1D48     		ldr	r0, .L35+56
 560 00bc FFF7FEFF 		bl	CYCONFIGCPY
 561              	.LVL49:
 452:Generated_Source\PSoC5/cyfitter_cfg.c **** 	CYCONFIGCPY((void CYFAR *)(CYREG_PRT3_DM0), (const void CYFAR *)(BS_IOPINS0_3_VAL), 8u);
 562              		.loc 1 452 0
 563 00c0 0822     		movs	r2, #8
 564 00c2 1C49     		ldr	r1, .L35+60
 565 00c4 1C48     		ldr	r0, .L35+64
 566 00c6 FFF7FEFF 		bl	CYCONFIGCPY
 567              	.LVL50:
 453:Generated_Source\PSoC5/cyfitter_cfg.c **** 	/* Switch Boost to the precision bandgap reference from its internal reference */
 454:Generated_Source\PSoC5/cyfitter_cfg.c **** 	CY_SET_REG8((void CYXDATA *)CYREG_BOOST_CR2, (CY_GET_REG8((void CYXDATA *)CYREG_BOOST_CR2) | 0x08u
 568              		.loc 1 454 0
 569 00ca 1C4A     		ldr	r2, .L35+68
 570 00cc 1378     		ldrb	r3, [r2]	@ zero_extendqisi2
 571 00ce 43F00803 		orr	r3, r3, #8
 572 00d2 1370     		strb	r3, [r2]
 455:Generated_Source\PSoC5/cyfitter_cfg.c **** 
 456:Generated_Source\PSoC5/cyfitter_cfg.c **** 	/* Set Flash Cycles based on max possible frequency in case a glitch occurs during ClockSetup(). *
 457:Generated_Source\PSoC5/cyfitter_cfg.c **** 	CY_SET_XTND_REG8((void CYFAR *)(CYREG_CACHE_CC_CTL), (((CYDEV_INSTRUCT_CACHE_ENABLED) != 0) ? 0x61
 573              		.loc 1 457 0
 574 00d4 1A4D     		ldr	r5, .L35+72
 575 00d6 6123     		movs	r3, #97
 576 00d8 2B70     		strb	r3, [r5]
 458:Generated_Source\PSoC5/cyfitter_cfg.c **** 	/* Setup clocks based on selections from Clock DWR */
 459:Generated_Source\PSoC5/cyfitter_cfg.c **** 	ClockSetup();
 577              		.loc 1 459 0
 578 00da FFF7FEFF 		bl	ClockSetup
 579              	.LVL51:
 460:Generated_Source\PSoC5/cyfitter_cfg.c **** 	/* Set Flash Cycles based on newly configured 24.00MHz Bus Clock. */
 461:Generated_Source\PSoC5/cyfitter_cfg.c **** 	CY_SET_XTND_REG8((void CYFAR *)(CYREG_CACHE_CC_CTL), (((CYDEV_INSTRUCT_CACHE_ENABLED) != 0) ? 0x81
 580              		.loc 1 461 0
 581 00de 8123     		movs	r3, #129
 582 00e0 2B70     		strb	r3, [r5]
ARM GAS  C:\Users\MODELA~1\AppData\Local\Temp\ccHhYIfc.s 			page 20


 462:Generated_Source\PSoC5/cyfitter_cfg.c **** 	CY_SET_XTND_REG8((void CYFAR *)(CYREG_PANTHER_WAITPIPE), 0x01u);
 583              		.loc 1 462 0
 584 00e2 0122     		movs	r2, #1
 585 00e4 174B     		ldr	r3, .L35+76
 586 00e6 1A70     		strb	r2, [r3]
 463:Generated_Source\PSoC5/cyfitter_cfg.c **** 
 464:Generated_Source\PSoC5/cyfitter_cfg.c **** 	/* Perform basic analog initialization to defaults */
 465:Generated_Source\PSoC5/cyfitter_cfg.c **** 	AnalogSetDefault();
 587              		.loc 1 465 0
 588 00e8 FFF7FEFF 		bl	AnalogSetDefault
 589              	.LVL52:
 466:Generated_Source\PSoC5/cyfitter_cfg.c **** 
 467:Generated_Source\PSoC5/cyfitter_cfg.c **** 	/* Configure alternate active mode */
 468:Generated_Source\PSoC5/cyfitter_cfg.c **** 	CYCONFIGCPY((void CYFAR *)CYDEV_PM_STBY_BASE, (const void CYFAR *)CYDEV_PM_ACT_BASE, 14u);
 590              		.loc 1 468 0
 591 00ec 0E22     		movs	r2, #14
 592 00ee 2146     		mov	r1, r4
 593 00f0 1548     		ldr	r0, .L35+80
 594 00f2 FFF7FEFF 		bl	CYCONFIGCPY
 595              	.LVL53:
 596 00f6 38BD     		pop	{r3, r4, r5, pc}
 597              	.L36:
 598              		.align	2
 599              	.L35:
 600 00f8 E8460040 		.word	1073759976
 601 00fc 00000000 		.word	.LANCHOR0
 602 0100 84000048 		.word	1207959684
 603 0104 4C580040 		.word	1073764428
 604 0108 04040444 		.word	1141113860
 605 010c 03500140 		.word	1073827843
 606 0110 A0430040 		.word	1073759136
 607 0114 F0070048 		.word	1207961584
 608 0118 02510040 		.word	1073762562
 609 011c F8070048 		.word	1207961592
 610 0120 C0510040 		.word	1073762752
 611 0124 04080048 		.word	1207961604
 612 0128 12510040 		.word	1073762578
 613 012c 0C080048 		.word	1207961612
 614 0130 20510040 		.word	1073762592
 615 0134 18080048 		.word	1207961624
 616 0138 32510040 		.word	1073762610
 617 013c 22430040 		.word	1073759010
 618 0140 00480040 		.word	1073760256
 619 0144 04000840 		.word	1074266116
 620 0148 B0430040 		.word	1073759152
 621              		.cfi_endproc
 622              	.LFE8:
 623              		.size	cyfitter_cfg, .-cyfitter_cfg
 624              		.section	.rodata
 625              		.align	2
 626              		.set	.LANCHOR0,. + 0
 627              		.type	cfg_memset_list.5018, %object
 628              		.size	cfg_memset_list.5018, 48
 629              	cfg_memset_list.5018:
 630 0000 40510040 		.word	1073762624
 631 0004 3000     		.short	48
 632 0006 F0510040 		.4byte	1073762800
ARM GAS  C:\Users\MODELA~1\AppData\Local\Temp\ccHhYIfc.s 			page 21


 633 000a 1000     		.short	16
 634 000c 00000140 		.word	1073807360
 635 0010 0010     		.short	4096
 636 0012 00140140 		.4byte	1073812480
 637 0016 0006     		.short	1536
 638 0018 801A0140 		.word	1073814144
 639 001c 8001     		.short	384
 640 001e 00400140 		.4byte	1073823744
 641 0022 000A     		.short	2560
 642 0024 004C0140 		.word	1073826816
 643 0028 0002     		.short	512
 644 002a 00500140 		.4byte	1073827840
 645 002e 2000     		.short	32
 646              		.type	cfg_memcpy_list.5019, %object
 647              		.size	cfg_memcpy_list.5019, 20
 648              	cfg_memcpy_list.5019:
 649 0030 60520040 		.word	1073762912
 650 0034 68070048 		.word	1207961448
 651 0038 0600     		.short	6
 652 003a 001A0140 		.4byte	1073814016
 653 003e 70070048 		.4byte	1207961456
 654 0042 8000     		.short	128
 655              		.text
 656              	.Letext0:
 657              		.file 2 "c:\\program files (x86)\\cypress\\psoc creator\\4.4\\psoc creator\\import\\gnu\\arm\\5.4.
 658              		.file 3 "Generated_Source\\PSoC5\\cytypes.h"
 659              		.file 4 "Generated_Source\\PSoC5\\CyLib.h"
 660              		.section	.debug_info,"",%progbits
 661              	.Ldebug_info0:
 662 0000 FF050000 		.4byte	0x5ff
 663 0004 0400     		.2byte	0x4
 664 0006 00000000 		.4byte	.Ldebug_abbrev0
 665 000a 04       		.byte	0x4
 666 000b 01       		.uleb128 0x1
 667 000c 4C020000 		.4byte	.LASF53
 668 0010 0C       		.byte	0xc
 669 0011 39030000 		.4byte	.LASF54
 670 0015 B8010000 		.4byte	.LASF55
 671 0019 00000000 		.4byte	.Ldebug_ranges0+0
 672 001d 00000000 		.4byte	0
 673 0021 00000000 		.4byte	.Ldebug_line0
 674 0025 02       		.uleb128 0x2
 675 0026 04       		.byte	0x4
 676 0027 05       		.byte	0x5
 677 0028 696E7400 		.ascii	"int\000"
 678 002c 03       		.uleb128 0x3
 679 002d 16000000 		.4byte	.LASF12
 680 0031 02       		.byte	0x2
 681 0032 D8       		.byte	0xd8
 682 0033 37000000 		.4byte	0x37
 683 0037 04       		.uleb128 0x4
 684 0038 04       		.byte	0x4
 685 0039 07       		.byte	0x7
 686 003a F3000000 		.4byte	.LASF0
 687 003e 04       		.uleb128 0x4
 688 003f 08       		.byte	0x8
 689 0040 05       		.byte	0x5
ARM GAS  C:\Users\MODELA~1\AppData\Local\Temp\ccHhYIfc.s 			page 22


 690 0041 6F000000 		.4byte	.LASF1
 691 0045 04       		.uleb128 0x4
 692 0046 08       		.byte	0x8
 693 0047 04       		.byte	0x4
 694 0048 57010000 		.4byte	.LASF2
 695 004c 04       		.uleb128 0x4
 696 004d 01       		.byte	0x1
 697 004e 06       		.byte	0x6
 698 004f 7D000000 		.4byte	.LASF3
 699 0053 04       		.uleb128 0x4
 700 0054 01       		.byte	0x1
 701 0055 08       		.byte	0x8
 702 0056 34020000 		.4byte	.LASF4
 703 005a 04       		.uleb128 0x4
 704 005b 02       		.byte	0x2
 705 005c 05       		.byte	0x5
 706 005d 42020000 		.4byte	.LASF5
 707 0061 04       		.uleb128 0x4
 708 0062 02       		.byte	0x2
 709 0063 07       		.byte	0x7
 710 0064 35010000 		.4byte	.LASF6
 711 0068 04       		.uleb128 0x4
 712 0069 04       		.byte	0x4
 713 006a 05       		.byte	0x5
 714 006b B0000000 		.4byte	.LASF7
 715 006f 04       		.uleb128 0x4
 716 0070 04       		.byte	0x4
 717 0071 07       		.byte	0x7
 718 0072 09010000 		.4byte	.LASF8
 719 0076 04       		.uleb128 0x4
 720 0077 08       		.byte	0x8
 721 0078 07       		.byte	0x7
 722 0079 3C000000 		.4byte	.LASF9
 723 007d 04       		.uleb128 0x4
 724 007e 04       		.byte	0x4
 725 007f 07       		.byte	0x7
 726 0080 4E010000 		.4byte	.LASF10
 727 0084 05       		.uleb128 0x5
 728 0085 04       		.byte	0x4
 729 0086 04       		.uleb128 0x4
 730 0087 01       		.byte	0x1
 731 0088 08       		.byte	0x8
 732 0089 F5020000 		.4byte	.LASF11
 733 008d 06       		.uleb128 0x6
 734 008e C6000000 		.4byte	.LASF13
 735 0092 03       		.byte	0x3
 736 0093 E401     		.2byte	0x1e4
 737 0095 53000000 		.4byte	0x53
 738 0099 06       		.uleb128 0x6
 739 009a 06000000 		.4byte	.LASF14
 740 009e 03       		.byte	0x3
 741 009f E501     		.2byte	0x1e5
 742 00a1 61000000 		.4byte	0x61
 743 00a5 06       		.uleb128 0x6
 744 00a6 DD000000 		.4byte	.LASF15
 745 00aa 03       		.byte	0x3
 746 00ab E601     		.2byte	0x1e6
ARM GAS  C:\Users\MODELA~1\AppData\Local\Temp\ccHhYIfc.s 			page 23


 747 00ad 6F000000 		.4byte	0x6f
 748 00b1 04       		.uleb128 0x4
 749 00b2 04       		.byte	0x4
 750 00b3 04       		.byte	0x4
 751 00b4 97010000 		.4byte	.LASF16
 752 00b8 04       		.uleb128 0x4
 753 00b9 08       		.byte	0x8
 754 00ba 04       		.byte	0x4
 755 00bb CC000000 		.4byte	.LASF17
 756 00bf 06       		.uleb128 0x6
 757 00c0 B3010000 		.4byte	.LASF18
 758 00c4 03       		.byte	0x3
 759 00c5 8E02     		.2byte	0x28e
 760 00c7 CB000000 		.4byte	0xcb
 761 00cb 07       		.uleb128 0x7
 762 00cc 8D000000 		.4byte	0x8d
 763 00d0 06       		.uleb128 0x6
 764 00d1 B9000000 		.4byte	.LASF19
 765 00d5 03       		.byte	0x3
 766 00d6 8F02     		.2byte	0x28f
 767 00d8 DC000000 		.4byte	0xdc
 768 00dc 07       		.uleb128 0x7
 769 00dd 99000000 		.4byte	0x99
 770 00e1 06       		.uleb128 0x6
 771 00e2 48010000 		.4byte	.LASF20
 772 00e6 03       		.byte	0x3
 773 00e7 9002     		.2byte	0x290
 774 00e9 ED000000 		.4byte	0xed
 775 00ed 07       		.uleb128 0x7
 776 00ee A5000000 		.4byte	0xa5
 777 00f2 08       		.uleb128 0x8
 778 00f3 02       		.byte	0x2
 779 00f4 01       		.byte	0x1
 780 00f5 98       		.byte	0x98
 781 00f6 13010000 		.4byte	0x113
 782 00fa 09       		.uleb128 0x9
 783 00fb 17030000 		.4byte	.LASF21
 784 00ff 01       		.byte	0x1
 785 0100 9A       		.byte	0x9a
 786 0101 8D000000 		.4byte	0x8d
 787 0105 00       		.byte	0
 788 0106 09       		.uleb128 0x9
 789 0107 ED000000 		.4byte	.LASF22
 790 010b 01       		.byte	0x1
 791 010c 9B       		.byte	0x9b
 792 010d 8D000000 		.4byte	0x8d
 793 0111 01       		.byte	0x1
 794 0112 00       		.byte	0
 795 0113 03       		.uleb128 0x3
 796 0114 E2020000 		.4byte	.LASF23
 797 0118 01       		.byte	0x1
 798 0119 9C       		.byte	0x9c
 799 011a F2000000 		.4byte	0xf2
 800 011e 0A       		.uleb128 0xa
 801 011f 1D000000 		.4byte	.LASF56
 802 0123 01       		.byte	0x1
 803 0124 7F       		.byte	0x7f
ARM GAS  C:\Users\MODELA~1\AppData\Local\Temp\ccHhYIfc.s 			page 24


 804 0125 00000000 		.4byte	.LFB3
 805 0129 02000000 		.4byte	.LFE3-.LFB3
 806 012d 01       		.uleb128 0x1
 807 012e 9C       		.byte	0x9c
 808 012f 41010000 		.4byte	0x141
 809 0133 0B       		.uleb128 0xb
 810 0134 A6000000 		.4byte	.LASF24
 811 0138 01       		.byte	0x1
 812 0139 7F       		.byte	0x7f
 813 013a 8D000000 		.4byte	0x8d
 814 013e 01       		.uleb128 0x1
 815 013f 50       		.byte	0x50
 816 0140 00       		.byte	0
 817 0141 0C       		.uleb128 0xc
 818 0142 89000000 		.4byte	.LASF29
 819 0146 01       		.byte	0x1
 820 0147 C6       		.byte	0xc6
 821 0148 00000000 		.4byte	.LFB4
 822 014c 34000000 		.4byte	.LFE4-.LFB4
 823 0150 01       		.uleb128 0x1
 824 0151 9C       		.byte	0x9c
 825 0152 B3010000 		.4byte	0x1b3
 826 0156 0B       		.uleb128 0xb
 827 0157 53000000 		.4byte	.LASF25
 828 015b 01       		.byte	0x1
 829 015c C6       		.byte	0xc6
 830 015d B3010000 		.4byte	0x1b3
 831 0161 01       		.uleb128 0x1
 832 0162 50       		.byte	0x50
 833 0163 0B       		.uleb128 0xb
 834 0164 31000000 		.4byte	.LASF26
 835 0168 01       		.byte	0x1
 836 0169 C6       		.byte	0xc6
 837 016a BE010000 		.4byte	0x1be
 838 016e 01       		.uleb128 0x1
 839 016f 51       		.byte	0x51
 840 0170 0D       		.uleb128 0xd
 841 0171 6900     		.ascii	"i\000"
 842 0173 01       		.byte	0x1
 843 0174 C9       		.byte	0xc9
 844 0175 A5000000 		.4byte	0xa5
 845 0179 00000000 		.4byte	.LLST0
 846 017d 0D       		.uleb128 0xd
 847 017e 6A00     		.ascii	"j\000"
 848 0180 01       		.byte	0x1
 849 0181 C9       		.byte	0xc9
 850 0182 A5000000 		.4byte	0xa5
 851 0186 1F000000 		.4byte	.LLST1
 852 018a 0E       		.uleb128 0xe
 853 018b 08000000 		.4byte	.LBB2
 854 018f 22000000 		.4byte	.LBE2-.LBB2
 855 0193 0F       		.uleb128 0xf
 856 0194 0D000000 		.4byte	.LASF27
 857 0198 01       		.byte	0x1
 858 0199 CC       		.byte	0xcc
 859 019a A5000000 		.4byte	0xa5
 860 019e 3E000000 		.4byte	.LLST2
ARM GAS  C:\Users\MODELA~1\AppData\Local\Temp\ccHhYIfc.s 			page 25


 861 01a2 0F       		.uleb128 0xf
 862 01a3 00000000 		.4byte	.LASF28
 863 01a7 01       		.byte	0x1
 864 01a8 CD       		.byte	0xcd
 865 01a9 8D000000 		.4byte	0x8d
 866 01ad 51000000 		.4byte	.LLST3
 867 01b1 00       		.byte	0
 868 01b2 00       		.byte	0
 869 01b3 10       		.uleb128 0x10
 870 01b4 04       		.byte	0x4
 871 01b5 B9010000 		.4byte	0x1b9
 872 01b9 11       		.uleb128 0x11
 873 01ba A5000000 		.4byte	0xa5
 874 01be 10       		.uleb128 0x10
 875 01bf 04       		.byte	0x4
 876 01c0 C4010000 		.4byte	0x1c4
 877 01c4 11       		.uleb128 0x11
 878 01c5 13010000 		.4byte	0x113
 879 01c9 12       		.uleb128 0x12
 880 01ca 5E000000 		.4byte	.LASF30
 881 01ce 01       		.byte	0x1
 882 01cf 2E01     		.2byte	0x12e
 883 01d1 00000000 		.4byte	.LFB6
 884 01d5 48000000 		.4byte	.LFE6-.LFB6
 885 01d9 01       		.uleb128 0x1
 886 01da 9C       		.byte	0x9c
 887 01db F0010000 		.4byte	0x1f0
 888 01df 13       		.uleb128 0x13
 889 01e0 63010000 		.4byte	.LASF31
 890 01e4 01       		.byte	0x1
 891 01e5 3001     		.2byte	0x130
 892 01e7 8D000000 		.4byte	0x8d
 893 01eb 6F000000 		.4byte	.LLST4
 894 01ef 00       		.byte	0
 895 01f0 0C       		.uleb128 0xc
 896 01f1 D3000000 		.4byte	.LASF32
 897 01f5 01       		.byte	0x1
 898 01f6 4D       		.byte	0x4d
 899 01f7 00000000 		.4byte	.LFB0
 900 01fb 0C000000 		.4byte	.LFE0-.LFB0
 901 01ff 01       		.uleb128 0x1
 902 0200 9C       		.byte	0x9c
 903 0201 3D020000 		.4byte	0x23d
 904 0205 14       		.uleb128 0x14
 905 0206 7300     		.ascii	"s\000"
 906 0208 01       		.byte	0x1
 907 0209 4D       		.byte	0x4d
 908 020a 84000000 		.4byte	0x84
 909 020e 82000000 		.4byte	.LLST5
 910 0212 14       		.uleb128 0x14
 911 0213 6E00     		.ascii	"n\000"
 912 0215 01       		.byte	0x1
 913 0216 4D       		.byte	0x4d
 914 0217 2C000000 		.4byte	0x2c
 915 021b A3000000 		.4byte	.LLST6
 916 021f 15       		.uleb128 0x15
 917 0220 0A000000 		.4byte	.LVL16
ARM GAS  C:\Users\MODELA~1\AppData\Local\Temp\ccHhYIfc.s 			page 26


 918 0224 E5050000 		.4byte	0x5e5
 919 0228 16       		.uleb128 0x16
 920 0229 01       		.uleb128 0x1
 921 022a 50       		.byte	0x50
 922 022b 03       		.uleb128 0x3
 923 022c F3       		.byte	0xf3
 924 022d 01       		.uleb128 0x1
 925 022e 50       		.byte	0x50
 926 022f 16       		.uleb128 0x16
 927 0230 01       		.uleb128 0x1
 928 0231 51       		.byte	0x51
 929 0232 01       		.uleb128 0x1
 930 0233 30       		.byte	0x30
 931 0234 16       		.uleb128 0x16
 932 0235 01       		.uleb128 0x1
 933 0236 52       		.byte	0x52
 934 0237 03       		.uleb128 0x3
 935 0238 F3       		.byte	0xf3
 936 0239 01       		.uleb128 0x1
 937 023a 51       		.byte	0x51
 938 023b 00       		.byte	0
 939 023c 00       		.byte	0
 940 023d 0C       		.uleb128 0xc
 941 023e 9B000000 		.4byte	.LASF33
 942 0242 01       		.byte	0x1
 943 0243 E9       		.byte	0xe9
 944 0244 00000000 		.4byte	.LFB5
 945 0248 D0000000 		.4byte	.LFE5-.LFB5
 946 024c 01       		.uleb128 0x1
 947 024d 9C       		.byte	0x9c
 948 024e 95020000 		.4byte	0x295
 949 0252 0F       		.uleb128 0xf
 950 0253 1B010000 		.4byte	.LASF34
 951 0257 01       		.byte	0x1
 952 0258 EB       		.byte	0xeb
 953 0259 A5000000 		.4byte	0xa5
 954 025d CF000000 		.4byte	.LLST7
 955 0261 0F       		.uleb128 0xf
 956 0262 DA020000 		.4byte	.LASF35
 957 0266 01       		.byte	0x1
 958 0267 EC       		.byte	0xec
 959 0268 8D000000 		.4byte	0x8d
 960 026c EE000000 		.4byte	.LLST8
 961 0270 17       		.uleb128 0x17
 962 0271 6A000000 		.4byte	.LVL21
 963 0275 EE050000 		.4byte	0x5ee
 964 0279 85020000 		.4byte	0x285
 965 027d 16       		.uleb128 0x16
 966 027e 01       		.uleb128 0x1
 967 027f 50       		.byte	0x50
 968 0280 03       		.uleb128 0x3
 969 0281 0A       		.byte	0xa
 970 0282 E001     		.2byte	0x1e0
 971 0284 00       		.byte	0
 972 0285 15       		.uleb128 0x15
 973 0286 7A000000 		.4byte	.LVL23
 974 028a 1E010000 		.4byte	0x11e
ARM GAS  C:\Users\MODELA~1\AppData\Local\Temp\ccHhYIfc.s 			page 27


 975 028e 16       		.uleb128 0x16
 976 028f 01       		.uleb128 0x1
 977 0290 50       		.byte	0x50
 978 0291 01       		.uleb128 0x1
 979 0292 33       		.byte	0x33
 980 0293 00       		.byte	0
 981 0294 00       		.byte	0
 982 0295 0C       		.uleb128 0xc
 983 0296 2D030000 		.4byte	.LASF36
 984 029a 01       		.byte	0x1
 985 029b 54       		.byte	0x54
 986 029c 00000000 		.4byte	.LFB1
 987 02a0 08000000 		.4byte	.LFE1-.LFB1
 988 02a4 01       		.uleb128 0x1
 989 02a5 9C       		.byte	0x9c
 990 02a6 F5020000 		.4byte	0x2f5
 991 02aa 18       		.uleb128 0x18
 992 02ab 92010000 		.4byte	.LASF37
 993 02af 01       		.byte	0x1
 994 02b0 54       		.byte	0x54
 995 02b1 84000000 		.4byte	0x84
 996 02b5 18010000 		.4byte	.LLST9
 997 02b9 14       		.uleb128 0x14
 998 02ba 73726300 		.ascii	"src\000"
 999 02be 01       		.byte	0x1
 1000 02bf 54       		.byte	0x54
 1001 02c0 F5020000 		.4byte	0x2f5
 1002 02c4 39010000 		.4byte	.LLST10
 1003 02c8 14       		.uleb128 0x14
 1004 02c9 6E00     		.ascii	"n\000"
 1005 02cb 01       		.byte	0x1
 1006 02cc 54       		.byte	0x54
 1007 02cd 2C000000 		.4byte	0x2c
 1008 02d1 5A010000 		.4byte	.LLST11
 1009 02d5 15       		.uleb128 0x15
 1010 02d6 06000000 		.4byte	.LVL26
 1011 02da F9050000 		.4byte	0x5f9
 1012 02de 16       		.uleb128 0x16
 1013 02df 01       		.uleb128 0x1
 1014 02e0 50       		.byte	0x50
 1015 02e1 03       		.uleb128 0x3
 1016 02e2 F3       		.byte	0xf3
 1017 02e3 01       		.uleb128 0x1
 1018 02e4 50       		.byte	0x50
 1019 02e5 16       		.uleb128 0x16
 1020 02e6 01       		.uleb128 0x1
 1021 02e7 51       		.byte	0x51
 1022 02e8 03       		.uleb128 0x3
 1023 02e9 F3       		.byte	0xf3
 1024 02ea 01       		.uleb128 0x1
 1025 02eb 51       		.byte	0x51
 1026 02ec 16       		.uleb128 0x16
 1027 02ed 01       		.uleb128 0x1
 1028 02ee 52       		.byte	0x52
 1029 02ef 03       		.uleb128 0x3
 1030 02f0 F3       		.byte	0xf3
 1031 02f1 01       		.uleb128 0x1
ARM GAS  C:\Users\MODELA~1\AppData\Local\Temp\ccHhYIfc.s 			page 28


 1032 02f2 52       		.byte	0x52
 1033 02f3 00       		.byte	0
 1034 02f4 00       		.byte	0
 1035 02f5 10       		.uleb128 0x10
 1036 02f6 04       		.byte	0x4
 1037 02f7 FB020000 		.4byte	0x2fb
 1038 02fb 19       		.uleb128 0x19
 1039 02fc 1A       		.uleb128 0x1a
 1040 02fd 01030000 		.4byte	.LASF40
 1041 0301 01       		.byte	0x1
 1042 0302 4E01     		.2byte	0x14e
 1043 0304 00000000 		.4byte	.LFB7
 1044 0308 1C000000 		.4byte	.LFE7-.LFB7
 1045 030c 01       		.uleb128 0x1
 1046 030d 9C       		.byte	0x9c
 1047 030e 2F030000 		.4byte	0x32f
 1048 0312 1B       		.uleb128 0x1b
 1049 0313 1E030000 		.4byte	.LASF38
 1050 0317 01       		.byte	0x1
 1051 0318 4E01     		.2byte	0x14e
 1052 031a 8D000000 		.4byte	0x8d
 1053 031e 01       		.uleb128 0x1
 1054 031f 50       		.byte	0x50
 1055 0320 1C       		.uleb128 0x1c
 1056 0321 E4000000 		.4byte	.LASF39
 1057 0325 01       		.byte	0x1
 1058 0326 5001     		.2byte	0x150
 1059 0328 8D000000 		.4byte	0x8d
 1060 032c 01       		.uleb128 0x1
 1061 032d 53       		.byte	0x53
 1062 032e 00       		.byte	0
 1063 032f 1A       		.uleb128 0x1a
 1064 0330 77030000 		.4byte	.LASF41
 1065 0334 01       		.byte	0x1
 1066 0335 7001     		.2byte	0x170
 1067 0337 00000000 		.4byte	.LFB8
 1068 033b 4C010000 		.4byte	.LFE8-.LFB8
 1069 033f 01       		.uleb128 0x1
 1070 0340 9C       		.byte	0x9c
 1071 0341 E5050000 		.4byte	0x5e5
 1072 0345 1D       		.uleb128 0x1d
 1073 0346 0E000000 		.4byte	.LBB3
 1074 034a 8A000000 		.4byte	.LBE3-.LBB3
 1075 034e FB040000 		.4byte	0x4fb
 1076 0352 1E       		.uleb128 0x1e
 1077 0353 06       		.byte	0x6
 1078 0354 01       		.byte	0x1
 1079 0355 7C01     		.2byte	0x17c
 1080 0357 76030000 		.4byte	0x376
 1081 035b 1F       		.uleb128 0x1f
 1082 035c 5F030000 		.4byte	.LASF42
 1083 0360 01       		.byte	0x1
 1084 0361 7D01     		.2byte	0x17d
 1085 0363 84000000 		.4byte	0x84
 1086 0367 00       		.byte	0
 1087 0368 1F       		.uleb128 0x1f
 1088 0369 30010000 		.4byte	.LASF43
ARM GAS  C:\Users\MODELA~1\AppData\Local\Temp\ccHhYIfc.s 			page 29


 1089 036d 01       		.byte	0x1
 1090 036e 7E01     		.2byte	0x17e
 1091 0370 99000000 		.4byte	0x99
 1092 0374 04       		.byte	0x4
 1093 0375 00       		.byte	0
 1094 0376 06       		.uleb128 0x6
 1095 0377 75010000 		.4byte	.LASF44
 1096 037b 01       		.byte	0x1
 1097 037c 7F01     		.2byte	0x17f
 1098 037e 52030000 		.4byte	0x352
 1099 0382 1E       		.uleb128 0x1e
 1100 0383 0A       		.byte	0xa
 1101 0384 01       		.byte	0x1
 1102 0385 8201     		.2byte	0x182
 1103 0387 B3030000 		.4byte	0x3b3
 1104 038b 1F       		.uleb128 0x1f
 1105 038c 92010000 		.4byte	.LASF37
 1106 0390 01       		.byte	0x1
 1107 0391 8301     		.2byte	0x183
 1108 0393 84000000 		.4byte	0x84
 1109 0397 00       		.byte	0
 1110 0398 20       		.uleb128 0x20
 1111 0399 73726300 		.ascii	"src\000"
 1112 039d 01       		.byte	0x1
 1113 039e 8401     		.2byte	0x184
 1114 03a0 F5020000 		.4byte	0x2f5
 1115 03a4 04       		.byte	0x4
 1116 03a5 1F       		.uleb128 0x1f
 1117 03a6 30010000 		.4byte	.LASF43
 1118 03aa 01       		.byte	0x1
 1119 03ab 8501     		.2byte	0x185
 1120 03ad 99000000 		.4byte	0x99
 1121 03b1 08       		.byte	0x8
 1122 03b2 00       		.byte	0
 1123 03b3 06       		.uleb128 0x6
 1124 03b4 23010000 		.4byte	.LASF45
 1125 03b8 01       		.byte	0x1
 1126 03b9 8601     		.2byte	0x186
 1127 03bb 82030000 		.4byte	0x382
 1128 03bf 21       		.uleb128 0x21
 1129 03c0 CF030000 		.4byte	0x3cf
 1130 03c4 CF030000 		.4byte	0x3cf
 1131 03c8 22       		.uleb128 0x22
 1132 03c9 7D000000 		.4byte	0x7d
 1133 03cd 07       		.byte	0x7
 1134 03ce 00       		.byte	0
 1135 03cf 11       		.uleb128 0x11
 1136 03d0 76030000 		.4byte	0x376
 1137 03d4 1C       		.uleb128 0x1c
 1138 03d5 82010000 		.4byte	.LASF46
 1139 03d9 01       		.byte	0x1
 1140 03da 8801     		.2byte	0x188
 1141 03dc E6030000 		.4byte	0x3e6
 1142 03e0 05       		.uleb128 0x5
 1143 03e1 03       		.byte	0x3
 1144 03e2 00000000 		.4byte	cfg_memset_list.5018
 1145 03e6 11       		.uleb128 0x11
ARM GAS  C:\Users\MODELA~1\AppData\Local\Temp\ccHhYIfc.s 			page 30


 1146 03e7 BF030000 		.4byte	0x3bf
 1147 03eb 21       		.uleb128 0x21
 1148 03ec FB030000 		.4byte	0x3fb
 1149 03f0 FB030000 		.4byte	0x3fb
 1150 03f4 22       		.uleb128 0x22
 1151 03f5 7D000000 		.4byte	0x7d
 1152 03f9 01       		.byte	0x1
 1153 03fa 00       		.byte	0
 1154 03fb 11       		.uleb128 0x11
 1155 03fc B3030000 		.4byte	0x3b3
 1156 0400 1C       		.uleb128 0x1c
 1157 0401 67030000 		.4byte	.LASF47
 1158 0405 01       		.byte	0x1
 1159 0406 9401     		.2byte	0x194
 1160 0408 12040000 		.4byte	0x412
 1161 040c 05       		.uleb128 0x5
 1162 040d 03       		.byte	0x3
 1163 040e 30000000 		.4byte	cfg_memcpy_list.5019
 1164 0412 11       		.uleb128 0x11
 1165 0413 EB030000 		.4byte	0x3eb
 1166 0417 23       		.uleb128 0x23
 1167 0418 6900     		.ascii	"i\000"
 1168 041a 01       		.byte	0x1
 1169 041b 9A01     		.2byte	0x19a
 1170 041d 8D000000 		.4byte	0x8d
 1171 0421 7B010000 		.4byte	.LLST12
 1172 0425 1D       		.uleb128 0x1d
 1173 0426 12000000 		.4byte	.LBB4
 1174 042a 16000000 		.4byte	.LBE4-.LBB4
 1175 042e 6A040000 		.4byte	0x46a
 1176 0432 23       		.uleb128 0x23
 1177 0433 6D7300   		.ascii	"ms\000"
 1178 0436 01       		.byte	0x1
 1179 0437 9F01     		.2byte	0x19f
 1180 0439 41040000 		.4byte	0x441
 1181 043d BB010000 		.4byte	.LLST13
 1182 0441 10       		.uleb128 0x10
 1183 0442 04       		.byte	0x4
 1184 0443 CF030000 		.4byte	0x3cf
 1185 0447 15       		.uleb128 0x15
 1186 0448 28000000 		.4byte	.LVL33
 1187 044c F0010000 		.4byte	0x1f0
 1188 0450 16       		.uleb128 0x16
 1189 0451 01       		.uleb128 0x1
 1190 0452 51       		.byte	0x51
 1191 0453 14       		.uleb128 0x14
 1192 0454 74       		.byte	0x74
 1193 0455 00       		.sleb128 0
 1194 0456 31       		.byte	0x31
 1195 0457 24       		.byte	0x24
 1196 0458 74       		.byte	0x74
 1197 0459 00       		.sleb128 0
 1198 045a 22       		.byte	0x22
 1199 045b 31       		.byte	0x31
 1200 045c 24       		.byte	0x24
 1201 045d 75       		.byte	0x75
 1202 045e 00       		.sleb128 0
ARM GAS  C:\Users\MODELA~1\AppData\Local\Temp\ccHhYIfc.s 			page 31


 1203 045f 22       		.byte	0x22
 1204 0460 23       		.byte	0x23
 1205 0461 04       		.uleb128 0x4
 1206 0462 94       		.byte	0x94
 1207 0463 02       		.byte	0x2
 1208 0464 0A       		.byte	0xa
 1209 0465 FFFF     		.2byte	0xffff
 1210 0467 1A       		.byte	0x1a
 1211 0468 00       		.byte	0
 1212 0469 00       		.byte	0
 1213 046a 1D       		.uleb128 0x1d
 1214 046b 34000000 		.4byte	.LBB5
 1215 046f 14000000 		.4byte	.LBE5-.LBB5
 1216 0473 E0040000 		.4byte	0x4e0
 1217 0477 23       		.uleb128 0x23
 1218 0478 6D6300   		.ascii	"mc\000"
 1219 047b 01       		.byte	0x1
 1220 047c A601     		.2byte	0x1a6
 1221 047e 86040000 		.4byte	0x486
 1222 0482 ED010000 		.4byte	.LLST14
 1223 0486 10       		.uleb128 0x10
 1224 0487 04       		.byte	0x4
 1225 0488 FB030000 		.4byte	0x3fb
 1226 048c 13       		.uleb128 0x13
 1227 048d AB010000 		.4byte	.LASF48
 1228 0491 01       		.byte	0x1
 1229 0492 A701     		.2byte	0x1a7
 1230 0494 84000000 		.4byte	0x84
 1231 0498 1F020000 		.4byte	.LLST15
 1232 049c 13       		.uleb128 0x13
 1233 049d FA020000 		.4byte	.LASF49
 1234 04a1 01       		.byte	0x1
 1235 04a2 A801     		.2byte	0x1a8
 1236 04a4 F5020000 		.4byte	0x2f5
 1237 04a8 32020000 		.4byte	.LLST16
 1238 04ac 13       		.uleb128 0x13
 1239 04ad 00010000 		.4byte	.LASF50
 1240 04b1 01       		.byte	0x1
 1241 04b2 A901     		.2byte	0x1a9
 1242 04b4 99000000 		.4byte	0x99
 1243 04b8 45020000 		.4byte	.LLST17
 1244 04bc 15       		.uleb128 0x15
 1245 04bd 48000000 		.4byte	.LVL41
 1246 04c1 95020000 		.4byte	0x295
 1247 04c5 16       		.uleb128 0x16
 1248 04c6 01       		.uleb128 0x1
 1249 04c7 52       		.byte	0x52
 1250 04c8 15       		.uleb128 0x15
 1251 04c9 74       		.byte	0x74
 1252 04ca 00       		.sleb128 0
 1253 04cb 32       		.byte	0x32
 1254 04cc 24       		.byte	0x24
 1255 04cd 74       		.byte	0x74
 1256 04ce 00       		.sleb128 0
 1257 04cf 22       		.byte	0x22
 1258 04d0 31       		.byte	0x31
 1259 04d1 24       		.byte	0x24
ARM GAS  C:\Users\MODELA~1\AppData\Local\Temp\ccHhYIfc.s 			page 32


 1260 04d2 03       		.byte	0x3
 1261 04d3 38000000 		.4byte	.LANCHOR0+56
 1262 04d7 22       		.byte	0x22
 1263 04d8 94       		.byte	0x94
 1264 04d9 02       		.byte	0x2
 1265 04da 0A       		.byte	0xa
 1266 04db FFFF     		.2byte	0xffff
 1267 04dd 1A       		.byte	0x1a
 1268 04de 00       		.byte	0
 1269 04df 00       		.byte	0
 1270 04e0 15       		.uleb128 0x15
 1271 04e1 5A000000 		.4byte	.LVL44
 1272 04e5 41010000 		.4byte	0x141
 1273 04e9 16       		.uleb128 0x16
 1274 04ea 01       		.uleb128 0x1
 1275 04eb 50       		.byte	0x50
 1276 04ec 03       		.uleb128 0x3
 1277 04ed 42       		.byte	0x42
 1278 04ee 4A       		.byte	0x4a
 1279 04ef 24       		.byte	0x24
 1280 04f0 16       		.uleb128 0x16
 1281 04f1 01       		.uleb128 0x1
 1282 04f2 51       		.byte	0x51
 1283 04f3 05       		.uleb128 0x5
 1284 04f4 0C       		.byte	0xc
 1285 04f5 84000048 		.4byte	0x48000084
 1286 04f9 00       		.byte	0
 1287 04fa 00       		.byte	0
 1288 04fb 17       		.uleb128 0x17
 1289 04fc A2000000 		.4byte	.LVL46
 1290 0500 95020000 		.4byte	0x295
 1291 0504 20050000 		.4byte	0x520
 1292 0508 16       		.uleb128 0x16
 1293 0509 01       		.uleb128 0x1
 1294 050a 50       		.byte	0x50
 1295 050b 05       		.uleb128 0x5
 1296 050c 0C       		.byte	0xc
 1297 050d 02510040 		.4byte	0x40005102
 1298 0511 16       		.uleb128 0x16
 1299 0512 01       		.uleb128 0x1
 1300 0513 51       		.byte	0x51
 1301 0514 05       		.uleb128 0x5
 1302 0515 0C       		.byte	0xc
 1303 0516 F0070048 		.4byte	0x480007f0
 1304 051a 16       		.uleb128 0x16
 1305 051b 01       		.uleb128 0x1
 1306 051c 52       		.byte	0x52
 1307 051d 01       		.uleb128 0x1
 1308 051e 38       		.byte	0x38
 1309 051f 00       		.byte	0
 1310 0520 17       		.uleb128 0x17
 1311 0521 AC000000 		.4byte	.LVL47
 1312 0525 95020000 		.4byte	0x295
 1313 0529 45050000 		.4byte	0x545
 1314 052d 16       		.uleb128 0x16
 1315 052e 01       		.uleb128 0x1
 1316 052f 50       		.byte	0x50
ARM GAS  C:\Users\MODELA~1\AppData\Local\Temp\ccHhYIfc.s 			page 33


 1317 0530 05       		.uleb128 0x5
 1318 0531 0C       		.byte	0xc
 1319 0532 C0510040 		.4byte	0x400051c0
 1320 0536 16       		.uleb128 0x16
 1321 0537 01       		.uleb128 0x1
 1322 0538 51       		.byte	0x51
 1323 0539 05       		.uleb128 0x5
 1324 053a 0C       		.byte	0xc
 1325 053b F8070048 		.4byte	0x480007f8
 1326 053f 16       		.uleb128 0x16
 1327 0540 01       		.uleb128 0x1
 1328 0541 52       		.byte	0x52
 1329 0542 01       		.uleb128 0x1
 1330 0543 3A       		.byte	0x3a
 1331 0544 00       		.byte	0
 1332 0545 17       		.uleb128 0x17
 1333 0546 B6000000 		.4byte	.LVL48
 1334 054a 95020000 		.4byte	0x295
 1335 054e 6A050000 		.4byte	0x56a
 1336 0552 16       		.uleb128 0x16
 1337 0553 01       		.uleb128 0x1
 1338 0554 50       		.byte	0x50
 1339 0555 05       		.uleb128 0x5
 1340 0556 0C       		.byte	0xc
 1341 0557 12510040 		.4byte	0x40005112
 1342 055b 16       		.uleb128 0x16
 1343 055c 01       		.uleb128 0x1
 1344 055d 51       		.byte	0x51
 1345 055e 05       		.uleb128 0x5
 1346 055f 0C       		.byte	0xc
 1347 0560 04080048 		.4byte	0x48000804
 1348 0564 16       		.uleb128 0x16
 1349 0565 01       		.uleb128 0x1
 1350 0566 52       		.byte	0x52
 1351 0567 01       		.uleb128 0x1
 1352 0568 38       		.byte	0x38
 1353 0569 00       		.byte	0
 1354 056a 17       		.uleb128 0x17
 1355 056b C0000000 		.4byte	.LVL49
 1356 056f 95020000 		.4byte	0x295
 1357 0573 8F050000 		.4byte	0x58f
 1358 0577 16       		.uleb128 0x16
 1359 0578 01       		.uleb128 0x1
 1360 0579 50       		.byte	0x50
 1361 057a 05       		.uleb128 0x5
 1362 057b 0C       		.byte	0xc
 1363 057c 20510040 		.4byte	0x40005120
 1364 0580 16       		.uleb128 0x16
 1365 0581 01       		.uleb128 0x1
 1366 0582 51       		.byte	0x51
 1367 0583 05       		.uleb128 0x5
 1368 0584 0C       		.byte	0xc
 1369 0585 0C080048 		.4byte	0x4800080c
 1370 0589 16       		.uleb128 0x16
 1371 058a 01       		.uleb128 0x1
 1372 058b 52       		.byte	0x52
 1373 058c 01       		.uleb128 0x1
ARM GAS  C:\Users\MODELA~1\AppData\Local\Temp\ccHhYIfc.s 			page 34


 1374 058d 3A       		.byte	0x3a
 1375 058e 00       		.byte	0
 1376 058f 17       		.uleb128 0x17
 1377 0590 CA000000 		.4byte	.LVL50
 1378 0594 95020000 		.4byte	0x295
 1379 0598 B4050000 		.4byte	0x5b4
 1380 059c 16       		.uleb128 0x16
 1381 059d 01       		.uleb128 0x1
 1382 059e 50       		.byte	0x50
 1383 059f 05       		.uleb128 0x5
 1384 05a0 0C       		.byte	0xc
 1385 05a1 32510040 		.4byte	0x40005132
 1386 05a5 16       		.uleb128 0x16
 1387 05a6 01       		.uleb128 0x1
 1388 05a7 51       		.byte	0x51
 1389 05a8 05       		.uleb128 0x5
 1390 05a9 0C       		.byte	0xc
 1391 05aa 18080048 		.4byte	0x48000818
 1392 05ae 16       		.uleb128 0x16
 1393 05af 01       		.uleb128 0x1
 1394 05b0 52       		.byte	0x52
 1395 05b1 01       		.uleb128 0x1
 1396 05b2 38       		.byte	0x38
 1397 05b3 00       		.byte	0
 1398 05b4 24       		.uleb128 0x24
 1399 05b5 DE000000 		.4byte	.LVL51
 1400 05b9 3D020000 		.4byte	0x23d
 1401 05bd 24       		.uleb128 0x24
 1402 05be EC000000 		.4byte	.LVL52
 1403 05c2 C9010000 		.4byte	0x1c9
 1404 05c6 15       		.uleb128 0x15
 1405 05c7 F6000000 		.4byte	.LVL53
 1406 05cb 95020000 		.4byte	0x295
 1407 05cf 16       		.uleb128 0x16
 1408 05d0 01       		.uleb128 0x1
 1409 05d1 50       		.byte	0x50
 1410 05d2 05       		.uleb128 0x5
 1411 05d3 0C       		.byte	0xc
 1412 05d4 B0430040 		.4byte	0x400043b0
 1413 05d8 16       		.uleb128 0x16
 1414 05d9 01       		.uleb128 0x1
 1415 05da 51       		.byte	0x51
 1416 05db 02       		.uleb128 0x2
 1417 05dc 74       		.byte	0x74
 1418 05dd 00       		.sleb128 0
 1419 05de 16       		.uleb128 0x16
 1420 05df 01       		.uleb128 0x1
 1421 05e0 52       		.byte	0x52
 1422 05e1 01       		.uleb128 0x1
 1423 05e2 3E       		.byte	0x3e
 1424 05e3 00       		.byte	0
 1425 05e4 00       		.byte	0
 1426 05e5 25       		.uleb128 0x25
 1427 05e6 26030000 		.4byte	.LASF51
 1428 05ea 26030000 		.4byte	.LASF51
 1429 05ee 26       		.uleb128 0x26
 1430 05ef 9D010000 		.4byte	.LASF57
ARM GAS  C:\Users\MODELA~1\AppData\Local\Temp\ccHhYIfc.s 			page 35


 1431 05f3 9D010000 		.4byte	.LASF57
 1432 05f7 04       		.byte	0x4
 1433 05f8 79       		.byte	0x79
 1434 05f9 25       		.uleb128 0x25
 1435 05fa BF000000 		.4byte	.LASF52
 1436 05fe BF000000 		.4byte	.LASF52
 1437 0602 00       		.byte	0
 1438              		.section	.debug_abbrev,"",%progbits
 1439              	.Ldebug_abbrev0:
 1440 0000 01       		.uleb128 0x1
 1441 0001 11       		.uleb128 0x11
 1442 0002 01       		.byte	0x1
 1443 0003 25       		.uleb128 0x25
 1444 0004 0E       		.uleb128 0xe
 1445 0005 13       		.uleb128 0x13
 1446 0006 0B       		.uleb128 0xb
 1447 0007 03       		.uleb128 0x3
 1448 0008 0E       		.uleb128 0xe
 1449 0009 1B       		.uleb128 0x1b
 1450 000a 0E       		.uleb128 0xe
 1451 000b 55       		.uleb128 0x55
 1452 000c 17       		.uleb128 0x17
 1453 000d 11       		.uleb128 0x11
 1454 000e 01       		.uleb128 0x1
 1455 000f 10       		.uleb128 0x10
 1456 0010 17       		.uleb128 0x17
 1457 0011 00       		.byte	0
 1458 0012 00       		.byte	0
 1459 0013 02       		.uleb128 0x2
 1460 0014 24       		.uleb128 0x24
 1461 0015 00       		.byte	0
 1462 0016 0B       		.uleb128 0xb
 1463 0017 0B       		.uleb128 0xb
 1464 0018 3E       		.uleb128 0x3e
 1465 0019 0B       		.uleb128 0xb
 1466 001a 03       		.uleb128 0x3
 1467 001b 08       		.uleb128 0x8
 1468 001c 00       		.byte	0
 1469 001d 00       		.byte	0
 1470 001e 03       		.uleb128 0x3
 1471 001f 16       		.uleb128 0x16
 1472 0020 00       		.byte	0
 1473 0021 03       		.uleb128 0x3
 1474 0022 0E       		.uleb128 0xe
 1475 0023 3A       		.uleb128 0x3a
 1476 0024 0B       		.uleb128 0xb
 1477 0025 3B       		.uleb128 0x3b
 1478 0026 0B       		.uleb128 0xb
 1479 0027 49       		.uleb128 0x49
 1480 0028 13       		.uleb128 0x13
 1481 0029 00       		.byte	0
 1482 002a 00       		.byte	0
 1483 002b 04       		.uleb128 0x4
 1484 002c 24       		.uleb128 0x24
 1485 002d 00       		.byte	0
 1486 002e 0B       		.uleb128 0xb
 1487 002f 0B       		.uleb128 0xb
ARM GAS  C:\Users\MODELA~1\AppData\Local\Temp\ccHhYIfc.s 			page 36


 1488 0030 3E       		.uleb128 0x3e
 1489 0031 0B       		.uleb128 0xb
 1490 0032 03       		.uleb128 0x3
 1491 0033 0E       		.uleb128 0xe
 1492 0034 00       		.byte	0
 1493 0035 00       		.byte	0
 1494 0036 05       		.uleb128 0x5
 1495 0037 0F       		.uleb128 0xf
 1496 0038 00       		.byte	0
 1497 0039 0B       		.uleb128 0xb
 1498 003a 0B       		.uleb128 0xb
 1499 003b 00       		.byte	0
 1500 003c 00       		.byte	0
 1501 003d 06       		.uleb128 0x6
 1502 003e 16       		.uleb128 0x16
 1503 003f 00       		.byte	0
 1504 0040 03       		.uleb128 0x3
 1505 0041 0E       		.uleb128 0xe
 1506 0042 3A       		.uleb128 0x3a
 1507 0043 0B       		.uleb128 0xb
 1508 0044 3B       		.uleb128 0x3b
 1509 0045 05       		.uleb128 0x5
 1510 0046 49       		.uleb128 0x49
 1511 0047 13       		.uleb128 0x13
 1512 0048 00       		.byte	0
 1513 0049 00       		.byte	0
 1514 004a 07       		.uleb128 0x7
 1515 004b 35       		.uleb128 0x35
 1516 004c 00       		.byte	0
 1517 004d 49       		.uleb128 0x49
 1518 004e 13       		.uleb128 0x13
 1519 004f 00       		.byte	0
 1520 0050 00       		.byte	0
 1521 0051 08       		.uleb128 0x8
 1522 0052 13       		.uleb128 0x13
 1523 0053 01       		.byte	0x1
 1524 0054 0B       		.uleb128 0xb
 1525 0055 0B       		.uleb128 0xb
 1526 0056 3A       		.uleb128 0x3a
 1527 0057 0B       		.uleb128 0xb
 1528 0058 3B       		.uleb128 0x3b
 1529 0059 0B       		.uleb128 0xb
 1530 005a 01       		.uleb128 0x1
 1531 005b 13       		.uleb128 0x13
 1532 005c 00       		.byte	0
 1533 005d 00       		.byte	0
 1534 005e 09       		.uleb128 0x9
 1535 005f 0D       		.uleb128 0xd
 1536 0060 00       		.byte	0
 1537 0061 03       		.uleb128 0x3
 1538 0062 0E       		.uleb128 0xe
 1539 0063 3A       		.uleb128 0x3a
 1540 0064 0B       		.uleb128 0xb
 1541 0065 3B       		.uleb128 0x3b
 1542 0066 0B       		.uleb128 0xb
 1543 0067 49       		.uleb128 0x49
 1544 0068 13       		.uleb128 0x13
ARM GAS  C:\Users\MODELA~1\AppData\Local\Temp\ccHhYIfc.s 			page 37


 1545 0069 38       		.uleb128 0x38
 1546 006a 0B       		.uleb128 0xb
 1547 006b 00       		.byte	0
 1548 006c 00       		.byte	0
 1549 006d 0A       		.uleb128 0xa
 1550 006e 2E       		.uleb128 0x2e
 1551 006f 01       		.byte	0x1
 1552 0070 03       		.uleb128 0x3
 1553 0071 0E       		.uleb128 0xe
 1554 0072 3A       		.uleb128 0x3a
 1555 0073 0B       		.uleb128 0xb
 1556 0074 3B       		.uleb128 0x3b
 1557 0075 0B       		.uleb128 0xb
 1558 0076 27       		.uleb128 0x27
 1559 0077 19       		.uleb128 0x19
 1560 0078 8701     		.uleb128 0x87
 1561 007a 19       		.uleb128 0x19
 1562 007b 11       		.uleb128 0x11
 1563 007c 01       		.uleb128 0x1
 1564 007d 12       		.uleb128 0x12
 1565 007e 06       		.uleb128 0x6
 1566 007f 40       		.uleb128 0x40
 1567 0080 18       		.uleb128 0x18
 1568 0081 9742     		.uleb128 0x2117
 1569 0083 19       		.uleb128 0x19
 1570 0084 01       		.uleb128 0x1
 1571 0085 13       		.uleb128 0x13
 1572 0086 00       		.byte	0
 1573 0087 00       		.byte	0
 1574 0088 0B       		.uleb128 0xb
 1575 0089 05       		.uleb128 0x5
 1576 008a 00       		.byte	0
 1577 008b 03       		.uleb128 0x3
 1578 008c 0E       		.uleb128 0xe
 1579 008d 3A       		.uleb128 0x3a
 1580 008e 0B       		.uleb128 0xb
 1581 008f 3B       		.uleb128 0x3b
 1582 0090 0B       		.uleb128 0xb
 1583 0091 49       		.uleb128 0x49
 1584 0092 13       		.uleb128 0x13
 1585 0093 02       		.uleb128 0x2
 1586 0094 18       		.uleb128 0x18
 1587 0095 00       		.byte	0
 1588 0096 00       		.byte	0
 1589 0097 0C       		.uleb128 0xc
 1590 0098 2E       		.uleb128 0x2e
 1591 0099 01       		.byte	0x1
 1592 009a 03       		.uleb128 0x3
 1593 009b 0E       		.uleb128 0xe
 1594 009c 3A       		.uleb128 0x3a
 1595 009d 0B       		.uleb128 0xb
 1596 009e 3B       		.uleb128 0x3b
 1597 009f 0B       		.uleb128 0xb
 1598 00a0 27       		.uleb128 0x27
 1599 00a1 19       		.uleb128 0x19
 1600 00a2 11       		.uleb128 0x11
 1601 00a3 01       		.uleb128 0x1
ARM GAS  C:\Users\MODELA~1\AppData\Local\Temp\ccHhYIfc.s 			page 38


 1602 00a4 12       		.uleb128 0x12
 1603 00a5 06       		.uleb128 0x6
 1604 00a6 40       		.uleb128 0x40
 1605 00a7 18       		.uleb128 0x18
 1606 00a8 9742     		.uleb128 0x2117
 1607 00aa 19       		.uleb128 0x19
 1608 00ab 01       		.uleb128 0x1
 1609 00ac 13       		.uleb128 0x13
 1610 00ad 00       		.byte	0
 1611 00ae 00       		.byte	0
 1612 00af 0D       		.uleb128 0xd
 1613 00b0 34       		.uleb128 0x34
 1614 00b1 00       		.byte	0
 1615 00b2 03       		.uleb128 0x3
 1616 00b3 08       		.uleb128 0x8
 1617 00b4 3A       		.uleb128 0x3a
 1618 00b5 0B       		.uleb128 0xb
 1619 00b6 3B       		.uleb128 0x3b
 1620 00b7 0B       		.uleb128 0xb
 1621 00b8 49       		.uleb128 0x49
 1622 00b9 13       		.uleb128 0x13
 1623 00ba 02       		.uleb128 0x2
 1624 00bb 17       		.uleb128 0x17
 1625 00bc 00       		.byte	0
 1626 00bd 00       		.byte	0
 1627 00be 0E       		.uleb128 0xe
 1628 00bf 0B       		.uleb128 0xb
 1629 00c0 01       		.byte	0x1
 1630 00c1 11       		.uleb128 0x11
 1631 00c2 01       		.uleb128 0x1
 1632 00c3 12       		.uleb128 0x12
 1633 00c4 06       		.uleb128 0x6
 1634 00c5 00       		.byte	0
 1635 00c6 00       		.byte	0
 1636 00c7 0F       		.uleb128 0xf
 1637 00c8 34       		.uleb128 0x34
 1638 00c9 00       		.byte	0
 1639 00ca 03       		.uleb128 0x3
 1640 00cb 0E       		.uleb128 0xe
 1641 00cc 3A       		.uleb128 0x3a
 1642 00cd 0B       		.uleb128 0xb
 1643 00ce 3B       		.uleb128 0x3b
 1644 00cf 0B       		.uleb128 0xb
 1645 00d0 49       		.uleb128 0x49
 1646 00d1 13       		.uleb128 0x13
 1647 00d2 02       		.uleb128 0x2
 1648 00d3 17       		.uleb128 0x17
 1649 00d4 00       		.byte	0
 1650 00d5 00       		.byte	0
 1651 00d6 10       		.uleb128 0x10
 1652 00d7 0F       		.uleb128 0xf
 1653 00d8 00       		.byte	0
 1654 00d9 0B       		.uleb128 0xb
 1655 00da 0B       		.uleb128 0xb
 1656 00db 49       		.uleb128 0x49
 1657 00dc 13       		.uleb128 0x13
 1658 00dd 00       		.byte	0
ARM GAS  C:\Users\MODELA~1\AppData\Local\Temp\ccHhYIfc.s 			page 39


 1659 00de 00       		.byte	0
 1660 00df 11       		.uleb128 0x11
 1661 00e0 26       		.uleb128 0x26
 1662 00e1 00       		.byte	0
 1663 00e2 49       		.uleb128 0x49
 1664 00e3 13       		.uleb128 0x13
 1665 00e4 00       		.byte	0
 1666 00e5 00       		.byte	0
 1667 00e6 12       		.uleb128 0x12
 1668 00e7 2E       		.uleb128 0x2e
 1669 00e8 01       		.byte	0x1
 1670 00e9 03       		.uleb128 0x3
 1671 00ea 0E       		.uleb128 0xe
 1672 00eb 3A       		.uleb128 0x3a
 1673 00ec 0B       		.uleb128 0xb
 1674 00ed 3B       		.uleb128 0x3b
 1675 00ee 05       		.uleb128 0x5
 1676 00ef 27       		.uleb128 0x27
 1677 00f0 19       		.uleb128 0x19
 1678 00f1 11       		.uleb128 0x11
 1679 00f2 01       		.uleb128 0x1
 1680 00f3 12       		.uleb128 0x12
 1681 00f4 06       		.uleb128 0x6
 1682 00f5 40       		.uleb128 0x40
 1683 00f6 18       		.uleb128 0x18
 1684 00f7 9742     		.uleb128 0x2117
 1685 00f9 19       		.uleb128 0x19
 1686 00fa 01       		.uleb128 0x1
 1687 00fb 13       		.uleb128 0x13
 1688 00fc 00       		.byte	0
 1689 00fd 00       		.byte	0
 1690 00fe 13       		.uleb128 0x13
 1691 00ff 34       		.uleb128 0x34
 1692 0100 00       		.byte	0
 1693 0101 03       		.uleb128 0x3
 1694 0102 0E       		.uleb128 0xe
 1695 0103 3A       		.uleb128 0x3a
 1696 0104 0B       		.uleb128 0xb
 1697 0105 3B       		.uleb128 0x3b
 1698 0106 05       		.uleb128 0x5
 1699 0107 49       		.uleb128 0x49
 1700 0108 13       		.uleb128 0x13
 1701 0109 02       		.uleb128 0x2
 1702 010a 17       		.uleb128 0x17
 1703 010b 00       		.byte	0
 1704 010c 00       		.byte	0
 1705 010d 14       		.uleb128 0x14
 1706 010e 05       		.uleb128 0x5
 1707 010f 00       		.byte	0
 1708 0110 03       		.uleb128 0x3
 1709 0111 08       		.uleb128 0x8
 1710 0112 3A       		.uleb128 0x3a
 1711 0113 0B       		.uleb128 0xb
 1712 0114 3B       		.uleb128 0x3b
 1713 0115 0B       		.uleb128 0xb
 1714 0116 49       		.uleb128 0x49
 1715 0117 13       		.uleb128 0x13
ARM GAS  C:\Users\MODELA~1\AppData\Local\Temp\ccHhYIfc.s 			page 40


 1716 0118 02       		.uleb128 0x2
 1717 0119 17       		.uleb128 0x17
 1718 011a 00       		.byte	0
 1719 011b 00       		.byte	0
 1720 011c 15       		.uleb128 0x15
 1721 011d 898201   		.uleb128 0x4109
 1722 0120 01       		.byte	0x1
 1723 0121 11       		.uleb128 0x11
 1724 0122 01       		.uleb128 0x1
 1725 0123 31       		.uleb128 0x31
 1726 0124 13       		.uleb128 0x13
 1727 0125 00       		.byte	0
 1728 0126 00       		.byte	0
 1729 0127 16       		.uleb128 0x16
 1730 0128 8A8201   		.uleb128 0x410a
 1731 012b 00       		.byte	0
 1732 012c 02       		.uleb128 0x2
 1733 012d 18       		.uleb128 0x18
 1734 012e 9142     		.uleb128 0x2111
 1735 0130 18       		.uleb128 0x18
 1736 0131 00       		.byte	0
 1737 0132 00       		.byte	0
 1738 0133 17       		.uleb128 0x17
 1739 0134 898201   		.uleb128 0x4109
 1740 0137 01       		.byte	0x1
 1741 0138 11       		.uleb128 0x11
 1742 0139 01       		.uleb128 0x1
 1743 013a 31       		.uleb128 0x31
 1744 013b 13       		.uleb128 0x13
 1745 013c 01       		.uleb128 0x1
 1746 013d 13       		.uleb128 0x13
 1747 013e 00       		.byte	0
 1748 013f 00       		.byte	0
 1749 0140 18       		.uleb128 0x18
 1750 0141 05       		.uleb128 0x5
 1751 0142 00       		.byte	0
 1752 0143 03       		.uleb128 0x3
 1753 0144 0E       		.uleb128 0xe
 1754 0145 3A       		.uleb128 0x3a
 1755 0146 0B       		.uleb128 0xb
 1756 0147 3B       		.uleb128 0x3b
 1757 0148 0B       		.uleb128 0xb
 1758 0149 49       		.uleb128 0x49
 1759 014a 13       		.uleb128 0x13
 1760 014b 02       		.uleb128 0x2
 1761 014c 17       		.uleb128 0x17
 1762 014d 00       		.byte	0
 1763 014e 00       		.byte	0
 1764 014f 19       		.uleb128 0x19
 1765 0150 26       		.uleb128 0x26
 1766 0151 00       		.byte	0
 1767 0152 00       		.byte	0
 1768 0153 00       		.byte	0
 1769 0154 1A       		.uleb128 0x1a
 1770 0155 2E       		.uleb128 0x2e
 1771 0156 01       		.byte	0x1
 1772 0157 3F       		.uleb128 0x3f
ARM GAS  C:\Users\MODELA~1\AppData\Local\Temp\ccHhYIfc.s 			page 41


 1773 0158 19       		.uleb128 0x19
 1774 0159 03       		.uleb128 0x3
 1775 015a 0E       		.uleb128 0xe
 1776 015b 3A       		.uleb128 0x3a
 1777 015c 0B       		.uleb128 0xb
 1778 015d 3B       		.uleb128 0x3b
 1779 015e 05       		.uleb128 0x5
 1780 015f 27       		.uleb128 0x27
 1781 0160 19       		.uleb128 0x19
 1782 0161 11       		.uleb128 0x11
 1783 0162 01       		.uleb128 0x1
 1784 0163 12       		.uleb128 0x12
 1785 0164 06       		.uleb128 0x6
 1786 0165 40       		.uleb128 0x40
 1787 0166 18       		.uleb128 0x18
 1788 0167 9742     		.uleb128 0x2117
 1789 0169 19       		.uleb128 0x19
 1790 016a 01       		.uleb128 0x1
 1791 016b 13       		.uleb128 0x13
 1792 016c 00       		.byte	0
 1793 016d 00       		.byte	0
 1794 016e 1B       		.uleb128 0x1b
 1795 016f 05       		.uleb128 0x5
 1796 0170 00       		.byte	0
 1797 0171 03       		.uleb128 0x3
 1798 0172 0E       		.uleb128 0xe
 1799 0173 3A       		.uleb128 0x3a
 1800 0174 0B       		.uleb128 0xb
 1801 0175 3B       		.uleb128 0x3b
 1802 0176 05       		.uleb128 0x5
 1803 0177 49       		.uleb128 0x49
 1804 0178 13       		.uleb128 0x13
 1805 0179 02       		.uleb128 0x2
 1806 017a 18       		.uleb128 0x18
 1807 017b 00       		.byte	0
 1808 017c 00       		.byte	0
 1809 017d 1C       		.uleb128 0x1c
 1810 017e 34       		.uleb128 0x34
 1811 017f 00       		.byte	0
 1812 0180 03       		.uleb128 0x3
 1813 0181 0E       		.uleb128 0xe
 1814 0182 3A       		.uleb128 0x3a
 1815 0183 0B       		.uleb128 0xb
 1816 0184 3B       		.uleb128 0x3b
 1817 0185 05       		.uleb128 0x5
 1818 0186 49       		.uleb128 0x49
 1819 0187 13       		.uleb128 0x13
 1820 0188 02       		.uleb128 0x2
 1821 0189 18       		.uleb128 0x18
 1822 018a 00       		.byte	0
 1823 018b 00       		.byte	0
 1824 018c 1D       		.uleb128 0x1d
 1825 018d 0B       		.uleb128 0xb
 1826 018e 01       		.byte	0x1
 1827 018f 11       		.uleb128 0x11
 1828 0190 01       		.uleb128 0x1
 1829 0191 12       		.uleb128 0x12
ARM GAS  C:\Users\MODELA~1\AppData\Local\Temp\ccHhYIfc.s 			page 42


 1830 0192 06       		.uleb128 0x6
 1831 0193 01       		.uleb128 0x1
 1832 0194 13       		.uleb128 0x13
 1833 0195 00       		.byte	0
 1834 0196 00       		.byte	0
 1835 0197 1E       		.uleb128 0x1e
 1836 0198 13       		.uleb128 0x13
 1837 0199 01       		.byte	0x1
 1838 019a 0B       		.uleb128 0xb
 1839 019b 0B       		.uleb128 0xb
 1840 019c 3A       		.uleb128 0x3a
 1841 019d 0B       		.uleb128 0xb
 1842 019e 3B       		.uleb128 0x3b
 1843 019f 05       		.uleb128 0x5
 1844 01a0 01       		.uleb128 0x1
 1845 01a1 13       		.uleb128 0x13
 1846 01a2 00       		.byte	0
 1847 01a3 00       		.byte	0
 1848 01a4 1F       		.uleb128 0x1f
 1849 01a5 0D       		.uleb128 0xd
 1850 01a6 00       		.byte	0
 1851 01a7 03       		.uleb128 0x3
 1852 01a8 0E       		.uleb128 0xe
 1853 01a9 3A       		.uleb128 0x3a
 1854 01aa 0B       		.uleb128 0xb
 1855 01ab 3B       		.uleb128 0x3b
 1856 01ac 05       		.uleb128 0x5
 1857 01ad 49       		.uleb128 0x49
 1858 01ae 13       		.uleb128 0x13
 1859 01af 38       		.uleb128 0x38
 1860 01b0 0B       		.uleb128 0xb
 1861 01b1 00       		.byte	0
 1862 01b2 00       		.byte	0
 1863 01b3 20       		.uleb128 0x20
 1864 01b4 0D       		.uleb128 0xd
 1865 01b5 00       		.byte	0
 1866 01b6 03       		.uleb128 0x3
 1867 01b7 08       		.uleb128 0x8
 1868 01b8 3A       		.uleb128 0x3a
 1869 01b9 0B       		.uleb128 0xb
 1870 01ba 3B       		.uleb128 0x3b
 1871 01bb 05       		.uleb128 0x5
 1872 01bc 49       		.uleb128 0x49
 1873 01bd 13       		.uleb128 0x13
 1874 01be 38       		.uleb128 0x38
 1875 01bf 0B       		.uleb128 0xb
 1876 01c0 00       		.byte	0
 1877 01c1 00       		.byte	0
 1878 01c2 21       		.uleb128 0x21
 1879 01c3 01       		.uleb128 0x1
 1880 01c4 01       		.byte	0x1
 1881 01c5 49       		.uleb128 0x49
 1882 01c6 13       		.uleb128 0x13
 1883 01c7 01       		.uleb128 0x1
 1884 01c8 13       		.uleb128 0x13
 1885 01c9 00       		.byte	0
 1886 01ca 00       		.byte	0
ARM GAS  C:\Users\MODELA~1\AppData\Local\Temp\ccHhYIfc.s 			page 43


 1887 01cb 22       		.uleb128 0x22
 1888 01cc 21       		.uleb128 0x21
 1889 01cd 00       		.byte	0
 1890 01ce 49       		.uleb128 0x49
 1891 01cf 13       		.uleb128 0x13
 1892 01d0 2F       		.uleb128 0x2f
 1893 01d1 0B       		.uleb128 0xb
 1894 01d2 00       		.byte	0
 1895 01d3 00       		.byte	0
 1896 01d4 23       		.uleb128 0x23
 1897 01d5 34       		.uleb128 0x34
 1898 01d6 00       		.byte	0
 1899 01d7 03       		.uleb128 0x3
 1900 01d8 08       		.uleb128 0x8
 1901 01d9 3A       		.uleb128 0x3a
 1902 01da 0B       		.uleb128 0xb
 1903 01db 3B       		.uleb128 0x3b
 1904 01dc 05       		.uleb128 0x5
 1905 01dd 49       		.uleb128 0x49
 1906 01de 13       		.uleb128 0x13
 1907 01df 02       		.uleb128 0x2
 1908 01e0 17       		.uleb128 0x17
 1909 01e1 00       		.byte	0
 1910 01e2 00       		.byte	0
 1911 01e3 24       		.uleb128 0x24
 1912 01e4 898201   		.uleb128 0x4109
 1913 01e7 00       		.byte	0
 1914 01e8 11       		.uleb128 0x11
 1915 01e9 01       		.uleb128 0x1
 1916 01ea 31       		.uleb128 0x31
 1917 01eb 13       		.uleb128 0x13
 1918 01ec 00       		.byte	0
 1919 01ed 00       		.byte	0
 1920 01ee 25       		.uleb128 0x25
 1921 01ef 2E       		.uleb128 0x2e
 1922 01f0 00       		.byte	0
 1923 01f1 3F       		.uleb128 0x3f
 1924 01f2 19       		.uleb128 0x19
 1925 01f3 3C       		.uleb128 0x3c
 1926 01f4 19       		.uleb128 0x19
 1927 01f5 6E       		.uleb128 0x6e
 1928 01f6 0E       		.uleb128 0xe
 1929 01f7 03       		.uleb128 0x3
 1930 01f8 0E       		.uleb128 0xe
 1931 01f9 00       		.byte	0
 1932 01fa 00       		.byte	0
 1933 01fb 26       		.uleb128 0x26
 1934 01fc 2E       		.uleb128 0x2e
 1935 01fd 00       		.byte	0
 1936 01fe 3F       		.uleb128 0x3f
 1937 01ff 19       		.uleb128 0x19
 1938 0200 3C       		.uleb128 0x3c
 1939 0201 19       		.uleb128 0x19
 1940 0202 6E       		.uleb128 0x6e
 1941 0203 0E       		.uleb128 0xe
 1942 0204 03       		.uleb128 0x3
 1943 0205 0E       		.uleb128 0xe
ARM GAS  C:\Users\MODELA~1\AppData\Local\Temp\ccHhYIfc.s 			page 44


 1944 0206 3A       		.uleb128 0x3a
 1945 0207 0B       		.uleb128 0xb
 1946 0208 3B       		.uleb128 0x3b
 1947 0209 0B       		.uleb128 0xb
 1948 020a 00       		.byte	0
 1949 020b 00       		.byte	0
 1950 020c 00       		.byte	0
 1951              		.section	.debug_loc,"",%progbits
 1952              	.Ldebug_loc0:
 1953              	.LLST0:
 1954 0000 02000000 		.4byte	.LVL2
 1955 0004 08000000 		.4byte	.LVL3
 1956 0008 0200     		.2byte	0x2
 1957 000a 30       		.byte	0x30
 1958 000b 9F       		.byte	0x9f
 1959 000c 08000000 		.4byte	.LVL3
 1960 0010 32000000 		.4byte	.LVL11
 1961 0014 0100     		.2byte	0x1
 1962 0016 57       		.byte	0x57
 1963 0017 00000000 		.4byte	0
 1964 001b 00000000 		.4byte	0
 1965              	.LLST1:
 1966 001f 02000000 		.4byte	.LVL2
 1967 0023 08000000 		.4byte	.LVL3
 1968 0027 0200     		.2byte	0x2
 1969 0029 30       		.byte	0x30
 1970 002a 9F       		.byte	0x9f
 1971 002b 08000000 		.4byte	.LVL3
 1972 002f 34000000 		.4byte	.LFE4
 1973 0033 0100     		.2byte	0x1
 1974 0035 52       		.byte	0x52
 1975 0036 00000000 		.4byte	0
 1976 003a 00000000 		.4byte	0
 1977              	.LLST2:
 1978 003e 0C000000 		.4byte	.LVL4
 1979 0042 2C000000 		.4byte	.LVL10
 1980 0046 0100     		.2byte	0x1
 1981 0048 56       		.byte	0x56
 1982 0049 00000000 		.4byte	0
 1983 004d 00000000 		.4byte	0
 1984              	.LLST3:
 1985 0051 0E000000 		.4byte	.LVL5
 1986 0055 24000000 		.4byte	.LVL8
 1987 0059 0100     		.2byte	0x1
 1988 005b 53       		.byte	0x53
 1989 005c 26000000 		.4byte	.LVL9
 1990 0060 2C000000 		.4byte	.LVL10
 1991 0064 0100     		.2byte	0x1
 1992 0066 53       		.byte	0x53
 1993 0067 00000000 		.4byte	0
 1994 006b 00000000 		.4byte	0
 1995              	.LLST4:
 1996 006f 06000000 		.4byte	.LVL12
 1997 0073 10000000 		.4byte	.LVL13
 1998 0077 0100     		.2byte	0x1
 1999 0079 53       		.byte	0x53
 2000 007a 00000000 		.4byte	0
ARM GAS  C:\Users\MODELA~1\AppData\Local\Temp\ccHhYIfc.s 			page 45


 2001 007e 00000000 		.4byte	0
 2002              	.LLST5:
 2003 0082 00000000 		.4byte	.LVL14
 2004 0086 09000000 		.4byte	.LVL16-1
 2005 008a 0100     		.2byte	0x1
 2006 008c 50       		.byte	0x50
 2007 008d 09000000 		.4byte	.LVL16-1
 2008 0091 0C000000 		.4byte	.LFE0
 2009 0095 0400     		.2byte	0x4
 2010 0097 F3       		.byte	0xf3
 2011 0098 01       		.uleb128 0x1
 2012 0099 50       		.byte	0x50
 2013 009a 9F       		.byte	0x9f
 2014 009b 00000000 		.4byte	0
 2015 009f 00000000 		.4byte	0
 2016              	.LLST6:
 2017 00a3 00000000 		.4byte	.LVL14
 2018 00a7 06000000 		.4byte	.LVL15
 2019 00ab 0100     		.2byte	0x1
 2020 00ad 51       		.byte	0x51
 2021 00ae 06000000 		.4byte	.LVL15
 2022 00b2 09000000 		.4byte	.LVL16-1
 2023 00b6 0100     		.2byte	0x1
 2024 00b8 52       		.byte	0x52
 2025 00b9 09000000 		.4byte	.LVL16-1
 2026 00bd 0C000000 		.4byte	.LFE0
 2027 00c1 0400     		.2byte	0x4
 2028 00c3 F3       		.byte	0xf3
 2029 00c4 01       		.uleb128 0x1
 2030 00c5 51       		.byte	0x51
 2031 00c6 9F       		.byte	0x9f
 2032 00c7 00000000 		.4byte	0
 2033 00cb 00000000 		.4byte	0
 2034              	.LLST7:
 2035 00cf 4E000000 		.4byte	.LVL17
 2036 00d3 52000000 		.4byte	.LVL18
 2037 00d7 0200     		.2byte	0x2
 2038 00d9 49       		.byte	0x49
 2039 00da 9F       		.byte	0x9f
 2040 00db 52000000 		.4byte	.LVL18
 2041 00df A6000000 		.4byte	.LVL24
 2042 00e3 0100     		.2byte	0x1
 2043 00e5 55       		.byte	0x55
 2044 00e6 00000000 		.4byte	0
 2045 00ea 00000000 		.4byte	0
 2046              	.LLST8:
 2047 00ee 4E000000 		.4byte	.LVL17
 2048 00f2 52000000 		.4byte	.LVL18
 2049 00f6 0200     		.2byte	0x2
 2050 00f8 30       		.byte	0x30
 2051 00f9 9F       		.byte	0x9f
 2052 00fa 52000000 		.4byte	.LVL18
 2053 00fe 5E000000 		.4byte	.LVL19
 2054 0102 0100     		.2byte	0x1
 2055 0104 54       		.byte	0x54
 2056 0105 62000000 		.4byte	.LVL20
 2057 0109 A6000000 		.4byte	.LVL24
ARM GAS  C:\Users\MODELA~1\AppData\Local\Temp\ccHhYIfc.s 			page 46


 2058 010d 0100     		.2byte	0x1
 2059 010f 54       		.byte	0x54
 2060 0110 00000000 		.4byte	0
 2061 0114 00000000 		.4byte	0
 2062              	.LLST9:
 2063 0118 00000000 		.4byte	.LVL25
 2064 011c 05000000 		.4byte	.LVL26-1
 2065 0120 0100     		.2byte	0x1
 2066 0122 50       		.byte	0x50
 2067 0123 05000000 		.4byte	.LVL26-1
 2068 0127 08000000 		.4byte	.LFE1
 2069 012b 0400     		.2byte	0x4
 2070 012d F3       		.byte	0xf3
 2071 012e 01       		.uleb128 0x1
 2072 012f 50       		.byte	0x50
 2073 0130 9F       		.byte	0x9f
 2074 0131 00000000 		.4byte	0
 2075 0135 00000000 		.4byte	0
 2076              	.LLST10:
 2077 0139 00000000 		.4byte	.LVL25
 2078 013d 05000000 		.4byte	.LVL26-1
 2079 0141 0100     		.2byte	0x1
 2080 0143 51       		.byte	0x51
 2081 0144 05000000 		.4byte	.LVL26-1
 2082 0148 08000000 		.4byte	.LFE1
 2083 014c 0400     		.2byte	0x4
 2084 014e F3       		.byte	0xf3
 2085 014f 01       		.uleb128 0x1
 2086 0150 51       		.byte	0x51
 2087 0151 9F       		.byte	0x9f
 2088 0152 00000000 		.4byte	0
 2089 0156 00000000 		.4byte	0
 2090              	.LLST11:
 2091 015a 00000000 		.4byte	.LVL25
 2092 015e 05000000 		.4byte	.LVL26-1
 2093 0162 0100     		.2byte	0x1
 2094 0164 52       		.byte	0x52
 2095 0165 05000000 		.4byte	.LVL26-1
 2096 0169 08000000 		.4byte	.LFE1
 2097 016d 0400     		.2byte	0x4
 2098 016f F3       		.byte	0xf3
 2099 0170 01       		.uleb128 0x1
 2100 0171 52       		.byte	0x52
 2101 0172 9F       		.byte	0x9f
 2102 0173 00000000 		.4byte	0
 2103 0177 00000000 		.4byte	0
 2104              	.LLST12:
 2105 017b 0E000000 		.4byte	.LVL31
 2106 017f 12000000 		.4byte	.LVL32
 2107 0183 0200     		.2byte	0x2
 2108 0185 30       		.byte	0x30
 2109 0186 9F       		.byte	0x9f
 2110 0187 12000000 		.4byte	.LVL32
 2111 018b 2A000000 		.4byte	.LVL34
 2112 018f 0100     		.2byte	0x1
 2113 0191 54       		.byte	0x54
 2114 0192 2C000000 		.4byte	.LVL35
ARM GAS  C:\Users\MODELA~1\AppData\Local\Temp\ccHhYIfc.s 			page 47


 2115 0196 32000000 		.4byte	.LVL36
 2116 019a 0100     		.2byte	0x1
 2117 019c 54       		.byte	0x54
 2118 019d 34000000 		.4byte	.LVL37
 2119 01a1 4A000000 		.4byte	.LVL42
 2120 01a5 0100     		.2byte	0x1
 2121 01a7 54       		.byte	0x54
 2122 01a8 4C000000 		.4byte	.LVL43
 2123 01ac 82000000 		.4byte	.LVL45
 2124 01b0 0100     		.2byte	0x1
 2125 01b2 54       		.byte	0x54
 2126 01b3 00000000 		.4byte	0
 2127 01b7 00000000 		.4byte	0
 2128              	.LLST13:
 2129 01bb 12000000 		.4byte	.LVL32
 2130 01bf 2A000000 		.4byte	.LVL34
 2131 01c3 0B00     		.2byte	0xb
 2132 01c5 74       		.byte	0x74
 2133 01c6 00       		.sleb128 0
 2134 01c7 36       		.byte	0x36
 2135 01c8 1E       		.byte	0x1e
 2136 01c9 03       		.byte	0x3
 2137 01ca 00000000 		.4byte	cfg_memset_list.5018
 2138 01ce 22       		.byte	0x22
 2139 01cf 9F       		.byte	0x9f
 2140 01d0 2A000000 		.4byte	.LVL34
 2141 01d4 2C000000 		.4byte	.LVL35
 2142 01d8 0B00     		.2byte	0xb
 2143 01da 74       		.byte	0x74
 2144 01db 7F       		.sleb128 -1
 2145 01dc 36       		.byte	0x36
 2146 01dd 1E       		.byte	0x1e
 2147 01de 03       		.byte	0x3
 2148 01df 00000000 		.4byte	cfg_memset_list.5018
 2149 01e3 22       		.byte	0x22
 2150 01e4 9F       		.byte	0x9f
 2151 01e5 00000000 		.4byte	0
 2152 01e9 00000000 		.4byte	0
 2153              	.LLST14:
 2154 01ed 34000000 		.4byte	.LVL37
 2155 01f1 4A000000 		.4byte	.LVL42
 2156 01f5 0B00     		.2byte	0xb
 2157 01f7 74       		.byte	0x74
 2158 01f8 00       		.sleb128 0
 2159 01f9 3A       		.byte	0x3a
 2160 01fa 1E       		.byte	0x1e
 2161 01fb 03       		.byte	0x3
 2162 01fc 30000000 		.4byte	cfg_memcpy_list.5019
 2163 0200 22       		.byte	0x22
 2164 0201 9F       		.byte	0x9f
 2165 0202 4A000000 		.4byte	.LVL42
 2166 0206 4C000000 		.4byte	.LVL43
 2167 020a 0B00     		.2byte	0xb
 2168 020c 74       		.byte	0x74
 2169 020d 7F       		.sleb128 -1
 2170 020e 3A       		.byte	0x3a
 2171 020f 1E       		.byte	0x1e
ARM GAS  C:\Users\MODELA~1\AppData\Local\Temp\ccHhYIfc.s 			page 48


 2172 0210 03       		.byte	0x3
 2173 0211 30000000 		.4byte	cfg_memcpy_list.5019
 2174 0215 22       		.byte	0x22
 2175 0216 9F       		.byte	0x9f
 2176 0217 00000000 		.4byte	0
 2177 021b 00000000 		.4byte	0
 2178              	.LLST15:
 2179 021f 44000000 		.4byte	.LVL40
 2180 0223 47000000 		.4byte	.LVL41-1
 2181 0227 0100     		.2byte	0x1
 2182 0229 50       		.byte	0x50
 2183 022a 00000000 		.4byte	0
 2184 022e 00000000 		.4byte	0
 2185              	.LLST16:
 2186 0232 42000000 		.4byte	.LVL39
 2187 0236 47000000 		.4byte	.LVL41-1
 2188 023a 0100     		.2byte	0x1
 2189 023c 51       		.byte	0x51
 2190 023d 00000000 		.4byte	0
 2191 0241 00000000 		.4byte	0
 2192              	.LLST17:
 2193 0245 3E000000 		.4byte	.LVL38
 2194 0249 47000000 		.4byte	.LVL41-1
 2195 024d 0200     		.2byte	0x2
 2196 024f 73       		.byte	0x73
 2197 0250 38       		.sleb128 56
 2198 0251 47000000 		.4byte	.LVL41-1
 2199 0255 4A000000 		.4byte	.LVL42
 2200 0259 0F00     		.2byte	0xf
 2201 025b 74       		.byte	0x74
 2202 025c 00       		.sleb128 0
 2203 025d 32       		.byte	0x32
 2204 025e 24       		.byte	0x24
 2205 025f 74       		.byte	0x74
 2206 0260 00       		.sleb128 0
 2207 0261 22       		.byte	0x22
 2208 0262 31       		.byte	0x31
 2209 0263 24       		.byte	0x24
 2210 0264 03       		.byte	0x3
 2211 0265 38000000 		.4byte	.LANCHOR0+56
 2212 0269 22       		.byte	0x22
 2213 026a 4A000000 		.4byte	.LVL42
 2214 026e 4C000000 		.4byte	.LVL43
 2215 0272 0C00     		.2byte	0xc
 2216 0274 74       		.byte	0x74
 2217 0275 7F       		.sleb128 -1
 2218 0276 35       		.byte	0x35
 2219 0277 1E       		.byte	0x1e
 2220 0278 31       		.byte	0x31
 2221 0279 24       		.byte	0x24
 2222 027a 03       		.byte	0x3
 2223 027b 38000000 		.4byte	.LANCHOR0+56
 2224 027f 22       		.byte	0x22
 2225 0280 00000000 		.4byte	0
 2226 0284 00000000 		.4byte	0
 2227              		.section	.debug_aranges,"",%progbits
 2228 0000 54000000 		.4byte	0x54
ARM GAS  C:\Users\MODELA~1\AppData\Local\Temp\ccHhYIfc.s 			page 49


 2229 0004 0200     		.2byte	0x2
 2230 0006 00000000 		.4byte	.Ldebug_info0
 2231 000a 04       		.byte	0x4
 2232 000b 00       		.byte	0
 2233 000c 0000     		.2byte	0
 2234 000e 0000     		.2byte	0
 2235 0010 00000000 		.4byte	.LFB3
 2236 0014 02000000 		.4byte	.LFE3-.LFB3
 2237 0018 00000000 		.4byte	.LFB4
 2238 001c 34000000 		.4byte	.LFE4-.LFB4
 2239 0020 00000000 		.4byte	.LFB6
 2240 0024 48000000 		.4byte	.LFE6-.LFB6
 2241 0028 00000000 		.4byte	.LFB0
 2242 002c 0C000000 		.4byte	.LFE0-.LFB0
 2243 0030 00000000 		.4byte	.LFB5
 2244 0034 D0000000 		.4byte	.LFE5-.LFB5
 2245 0038 00000000 		.4byte	.LFB1
 2246 003c 08000000 		.4byte	.LFE1-.LFB1
 2247 0040 00000000 		.4byte	.LFB7
 2248 0044 1C000000 		.4byte	.LFE7-.LFB7
 2249 0048 00000000 		.4byte	.LFB8
 2250 004c 4C010000 		.4byte	.LFE8-.LFB8
 2251 0050 00000000 		.4byte	0
 2252 0054 00000000 		.4byte	0
 2253              		.section	.debug_ranges,"",%progbits
 2254              	.Ldebug_ranges0:
 2255 0000 00000000 		.4byte	.LFB3
 2256 0004 02000000 		.4byte	.LFE3
 2257 0008 00000000 		.4byte	.LFB4
 2258 000c 34000000 		.4byte	.LFE4
 2259 0010 00000000 		.4byte	.LFB6
 2260 0014 48000000 		.4byte	.LFE6
 2261 0018 00000000 		.4byte	.LFB0
 2262 001c 0C000000 		.4byte	.LFE0
 2263 0020 00000000 		.4byte	.LFB5
 2264 0024 D0000000 		.4byte	.LFE5
 2265 0028 00000000 		.4byte	.LFB1
 2266 002c 08000000 		.4byte	.LFE1
 2267 0030 00000000 		.4byte	.LFB7
 2268 0034 1C000000 		.4byte	.LFE7
 2269 0038 00000000 		.4byte	.LFB8
 2270 003c 4C010000 		.4byte	.LFE8
 2271 0040 00000000 		.4byte	0
 2272 0044 00000000 		.4byte	0
 2273              		.section	.debug_line,"",%progbits
 2274              	.Ldebug_line0:
 2275 0000 FE010000 		.section	.debug_str,"MS",%progbits,1
 2275      0200D600 
 2275      00000201 
 2275      FB0E0D00 
 2275      01010101 
 2276              	.LASF28:
 2277 0000 636F756E 		.ascii	"count\000"
 2277      7400
 2278              	.LASF14:
 2279 0006 75696E74 		.ascii	"uint16\000"
 2279      313600
ARM GAS  C:\Users\MODELA~1\AppData\Local\Temp\ccHhYIfc.s 			page 50


 2280              	.LASF27:
 2281 000d 62617365 		.ascii	"baseAddr\000"
 2281      41646472 
 2281      00
 2282              	.LASF12:
 2283 0016 73697A65 		.ascii	"size_t\000"
 2283      5F7400
 2284              	.LASF56:
 2285 001d 4379436C 		.ascii	"CyClockStartupError\000"
 2285      6F636B53 
 2285      74617274 
 2285      75704572 
 2285      726F7200 
 2286              	.LASF26:
 2287 0031 64617461 		.ascii	"data_table\000"
 2287      5F746162 
 2287      6C6500
 2288              	.LASF9:
 2289 003c 6C6F6E67 		.ascii	"long long unsigned int\000"
 2289      206C6F6E 
 2289      6720756E 
 2289      7369676E 
 2289      65642069 
 2290              	.LASF25:
 2291 0053 61646472 		.ascii	"addr_table\000"
 2291      5F746162 
 2291      6C6500
 2292              	.LASF30:
 2293 005e 416E616C 		.ascii	"AnalogSetDefault\000"
 2293      6F675365 
 2293      74446566 
 2293      61756C74 
 2293      00
 2294              	.LASF1:
 2295 006f 6C6F6E67 		.ascii	"long long int\000"
 2295      206C6F6E 
 2295      6720696E 
 2295      7400
 2296              	.LASF3:
 2297 007d 7369676E 		.ascii	"signed char\000"
 2297      65642063 
 2297      68617200 
 2298              	.LASF29:
 2299 0089 6366675F 		.ascii	"cfg_write_bytes32\000"
 2299      77726974 
 2299      655F6279 
 2299      74657333 
 2299      3200
 2300              	.LASF33:
 2301 009b 436C6F63 		.ascii	"ClockSetup\000"
 2301      6B536574 
 2301      757000
 2302              	.LASF24:
 2303 00a6 6572726F 		.ascii	"errorCode\000"
 2303      72436F64 
 2303      6500
 2304              	.LASF7:
ARM GAS  C:\Users\MODELA~1\AppData\Local\Temp\ccHhYIfc.s 			page 51


 2305 00b0 6C6F6E67 		.ascii	"long int\000"
 2305      20696E74 
 2305      00
 2306              	.LASF19:
 2307 00b9 72656731 		.ascii	"reg16\000"
 2307      3600
 2308              	.LASF52:
 2309 00bf 6D656D63 		.ascii	"memcpy\000"
 2309      707900
 2310              	.LASF13:
 2311 00c6 75696E74 		.ascii	"uint8\000"
 2311      3800
 2312              	.LASF17:
 2313 00cc 646F7562 		.ascii	"double\000"
 2313      6C6500
 2314              	.LASF32:
 2315 00d3 43594D45 		.ascii	"CYMEMZERO\000"
 2315      4D5A4552 
 2315      4F00
 2316              	.LASF15:
 2317 00dd 75696E74 		.ascii	"uint32\000"
 2317      333200
 2318              	.LASF39:
 2319 00e4 72656756 		.ascii	"regValue\000"
 2319      616C7565 
 2319      00
 2320              	.LASF22:
 2321 00ed 76616C75 		.ascii	"value\000"
 2321      6500
 2322              	.LASF0:
 2323 00f3 756E7369 		.ascii	"unsigned int\000"
 2323      676E6564 
 2323      20696E74 
 2323      00
 2324              	.LASF50:
 2325 0100 6E756D42 		.ascii	"numBytes\000"
 2325      79746573 
 2325      00
 2326              	.LASF8:
 2327 0109 6C6F6E67 		.ascii	"long unsigned int\000"
 2327      20756E73 
 2327      69676E65 
 2327      6420696E 
 2327      7400
 2328              	.LASF34:
 2329 011b 74696D65 		.ascii	"timeout\000"
 2329      6F757400 
 2330              	.LASF45:
 2331 0123 6366675F 		.ascii	"cfg_memcpy_t\000"
 2331      6D656D63 
 2331      70795F74 
 2331      00
 2332              	.LASF43:
 2333 0130 73697A65 		.ascii	"size\000"
 2333      00
 2334              	.LASF6:
 2335 0135 73686F72 		.ascii	"short unsigned int\000"
ARM GAS  C:\Users\MODELA~1\AppData\Local\Temp\ccHhYIfc.s 			page 52


 2335      7420756E 
 2335      7369676E 
 2335      65642069 
 2335      6E7400
 2336              	.LASF20:
 2337 0148 72656733 		.ascii	"reg32\000"
 2337      3200
 2338              	.LASF10:
 2339 014e 73697A65 		.ascii	"sizetype\000"
 2339      74797065 
 2339      00
 2340              	.LASF2:
 2341 0157 6C6F6E67 		.ascii	"long double\000"
 2341      20646F75 
 2341      626C6500 
 2342              	.LASF31:
 2343 0163 62675F78 		.ascii	"bg_xover_inl_trim\000"
 2343      6F766572 
 2343      5F696E6C 
 2343      5F747269 
 2343      6D00
 2344              	.LASF44:
 2345 0175 6366675F 		.ascii	"cfg_memset_t\000"
 2345      6D656D73 
 2345      65745F74 
 2345      00
 2346              	.LASF46:
 2347 0182 6366675F 		.ascii	"cfg_memset_list\000"
 2347      6D656D73 
 2347      65745F6C 
 2347      69737400 
 2348              	.LASF37:
 2349 0192 64657374 		.ascii	"dest\000"
 2349      00
 2350              	.LASF16:
 2351 0197 666C6F61 		.ascii	"float\000"
 2351      7400
 2352              	.LASF57:
 2353 019d 43794465 		.ascii	"CyDelayCycles\000"
 2353      6C617943 
 2353      79636C65 
 2353      7300
 2354              	.LASF48:
 2355 01ab 64657374 		.ascii	"destPtr\000"
 2355      50747200 
 2356              	.LASF18:
 2357 01b3 72656738 		.ascii	"reg8\000"
 2357      00
 2358              	.LASF55:
 2359 01b8 433A5C55 		.ascii	"C:\\Users\\ModeLabQBI\\LAB\\hardware\\SweepSourceTr"
 2359      73657273 
 2359      5C4D6F64 
 2359      654C6162 
 2359      5142495C 
 2360 01e6 69676765 		.ascii	"igger\\psoc5\\firmware\\PSOC_trigger_firmware_Trigg"
 2360      725C7073 
 2360      6F63355C 
ARM GAS  C:\Users\MODELA~1\AppData\Local\Temp\ccHhYIfc.s 			page 53


 2360      6669726D 
 2360      77617265 
 2361 0216 65725F50 		.ascii	"er_Polarity_Low\\Trigger.cydsn\000"
 2361      6F6C6172 
 2361      6974795F 
 2361      4C6F775C 
 2361      54726967 
 2362              	.LASF4:
 2363 0234 756E7369 		.ascii	"unsigned char\000"
 2363      676E6564 
 2363      20636861 
 2363      7200
 2364              	.LASF5:
 2365 0242 73686F72 		.ascii	"short int\000"
 2365      7420696E 
 2365      7400
 2366              	.LASF53:
 2367 024c 474E5520 		.ascii	"GNU C11 5.4.1 20160609 (release) [ARM/embedded-5-br"
 2367      43313120 
 2367      352E342E 
 2367      31203230 
 2367      31363036 
 2368 027f 616E6368 		.ascii	"anch revision 237715] -mcpu=cortex-m3 -mthumb -g -O"
 2368      20726576 
 2368      6973696F 
 2368      6E203233 
 2368      37373135 
 2369 02b2 67202D66 		.ascii	"g -ffunction-sections -ffat-lto-objects\000"
 2369      66756E63 
 2369      74696F6E 
 2369      2D736563 
 2369      74696F6E 
 2370              	.LASF35:
 2371 02da 706C6C4C 		.ascii	"pllLock\000"
 2371      6F636B00 
 2372              	.LASF23:
 2373 02e2 63795F63 		.ascii	"cy_cfg_addrvalue_t\000"
 2373      66675F61 
 2373      64647276 
 2373      616C7565 
 2373      5F7400
 2374              	.LASF11:
 2375 02f5 63686172 		.ascii	"char\000"
 2375      00
 2376              	.LASF49:
 2377 02fa 73726350 		.ascii	"srcPtr\000"
 2377      747200
 2378              	.LASF40:
 2379 0301 53657441 		.ascii	"SetAnalogRoutingPumps\000"
 2379      6E616C6F 
 2379      67526F75 
 2379      74696E67 
 2379      50756D70 
 2380              	.LASF21:
 2381 0317 6F666673 		.ascii	"offset\000"
 2381      657400
 2382              	.LASF38:
ARM GAS  C:\Users\MODELA~1\AppData\Local\Temp\ccHhYIfc.s 			page 54


 2383 031e 656E6162 		.ascii	"enabled\000"
 2383      6C656400 
 2384              	.LASF51:
 2385 0326 6D656D73 		.ascii	"memset\000"
 2385      657400
 2386              	.LASF36:
 2387 032d 4359434F 		.ascii	"CYCONFIGCPY\000"
 2387      4E464947 
 2387      43505900 
 2388              	.LASF54:
 2389 0339 47656E65 		.ascii	"Generated_Source\\PSoC5\\cyfitter_cfg.c\000"
 2389      72617465 
 2389      645F536F 
 2389      75726365 
 2389      5C50536F 
 2390              	.LASF42:
 2391 035f 61646472 		.ascii	"address\000"
 2391      65737300 
 2392              	.LASF47:
 2393 0367 6366675F 		.ascii	"cfg_memcpy_list\000"
 2393      6D656D63 
 2393      70795F6C 
 2393      69737400 
 2394              	.LASF41:
 2395 0377 63796669 		.ascii	"cyfitter_cfg\000"
 2395      74746572 
 2395      5F636667 
 2395      00
 2396              		.ident	"GCC: (GNU Tools for ARM Embedded Processors) 5.4.1 20160609 (release) [ARM/embedded-5-bran
