Loading plugins phase: Elapsed time ==> 0s.078ms
<CYPRESSTAG name="CyDsfit arguments...">
cydsfit arguments: -.fdsnotice -.fdswarpdepfile=warp_dependencies.txt -.fdselabdepfile=elab_dependencies.txt -.fdsbldfile=generated_files.txt -.fdsreffile=referenced_files.txt -p C:\Users\ModeLabQBI\LAB\hardware\SweepSourceTrigger\psoc5\firmware\PSOC_trigger_firmware_Trigger_Polarity_Low\Trigger.cydsn\Trigger.cyprj -d CY8C5888LTI-LP097 -s C:\Users\ModeLabQBI\LAB\hardware\SweepSourceTrigger\psoc5\firmware\PSOC_trigger_firmware_Trigger_Polarity_Low\Trigger.cydsn\Generated_Source\PSoC5 -- -yv2 -q10 -ygs -o2 -v3 -.fftcfgtype=LE
</CYPRESSTAG>
<CYPRESSTAG name="Design elaboration results...">
</CYPRESSTAG>
Elaboration phase: Elapsed time ==> 0s.667ms
<CYPRESSTAG name="HDL generation results...">
</CYPRESSTAG>
HDL generation phase: Elapsed time ==> 0s.022ms
<CYPRESSTAG name="Synthesis results...">

     | | | | | | |
   _________________
  -|               |-
  -|               |-
  -|               |-
  -|    CYPRESS    |-
  -|               |-
  -|               |-   Warp Verilog Synthesis Compiler: Version 6.3 IR 41
  -|               |-   Copyright (C) 1991-2001 Cypress Semiconductor
   |_______________|
     | | | | | | |

======================================================================
Compiling:  Trigger.v
Program  :   C:\Program Files (x86)\Cypress\PSoC Creator\4.4\PSoC Creator\warp\bin\warp.exe
Options  :    -yv2 -q10 -ygs -o2 -v3 -.fftcfgtype=LE -ya -.fftprj=C:\Users\ModeLabQBI\LAB\hardware\SweepSourceTrigger\psoc5\firmware\PSOC_trigger_firmware_Trigger_Polarity_Low\Trigger.cydsn\Trigger.cyprj -dcpsoc3 Trigger.v -verilog
======================================================================

======================================================================
Compiling:  Trigger.v
Program  :   C:\Program Files (x86)\Cypress\PSoC Creator\4.4\PSoC Creator\warp\bin\warp.exe
Options  :    -yv2 -q10 -ygs -o2 -v3 -.fftcfgtype=LE -ya -.fftprj=C:\Users\ModeLabQBI\LAB\hardware\SweepSourceTrigger\psoc5\firmware\PSOC_trigger_firmware_Trigger_Polarity_Low\Trigger.cydsn\Trigger.cyprj -dcpsoc3 Trigger.v -verilog
======================================================================

======================================================================
Compiling:  Trigger.v
Program  :   vlogfe
Options  :    -yv2 -q10 -ygs -o2 -v3 -.fftcfgtype=LE -ya -.fftprj=C:\Users\ModeLabQBI\LAB\hardware\SweepSourceTrigger\psoc5\firmware\PSOC_trigger_firmware_Trigger_Polarity_Low\Trigger.cydsn\Trigger.cyprj -dcpsoc3 -verilog Trigger.v
======================================================================

vlogfe V6.3 IR 41:  Verilog parser
Thu Jul 23 16:22:05 2026


======================================================================
Compiling:  Trigger.v
Program  :   vpp
Options  :    -yv2 -q10 Trigger.v
======================================================================

vpp V6.3 IR 41:  Verilog Pre-Processor
Thu Jul 23 16:22:05 2026

Flattening file 'C:\Program Files (x86)\Cypress\PSoC Creator\4.4\PSoC Creator\psoc\content\CyPrimitives\cyprimitives.cylib\cy_virtualmux_v1_0\cy_virtualmux_v1_0.v'
Flattening file 'C:\Program Files (x86)\Cypress\PSoC Creator\4.4\PSoC Creator\psoc\content\CyPrimitives\cyprimitives.cylib\not_v1_0\not_v1_0.v'
Flattening file 'C:\Program Files (x86)\Cypress\PSoC Creator\4.4\PSoC Creator\psoc\content\CyPrimitives\cyprimitives.cylib\ZeroTerminal\ZeroTerminal.v'
Flattening file 'C:\Program Files (x86)\Cypress\PSoC Creator\4.4\PSoC Creator\psoc\content\CyPrimitives\cyprimitives.cylib\OneTerminal\OneTerminal.v'
Flattening file 'C:\Program Files (x86)\Cypress\PSoC Creator\4.4\PSoC Creator\psoc\content\CyComponentLibrary\CyComponentLibrary.cylib\B_Counter_v3_0\B_Counter_v3_0.v'
Flattening file 'C:\Program Files (x86)\Cypress\PSoC Creator\4.4\PSoC Creator\warp\lib\common\cypress.v'
Flattening file 'C:\Program Files (x86)\Cypress\PSoC Creator\4.4\PSoC Creator\warp\lib\common\cy_psoc3_inc.v'
Flattening file 'C:\Program Files (x86)\Cypress\PSoC Creator\4.4\PSoC Creator\psoc\content\CyComponentLibrary\CyComponentLibrary.cylib\B_PWM_v3_30\B_PWM_v3_30.v'
Flattening file 'C:\Program Files (x86)\Cypress\PSoC Creator\4.4\PSoC Creator\warp\lib\common\cypress.v'
Flattening file 'C:\Program Files (x86)\Cypress\PSoC Creator\4.4\PSoC Creator\psoc\content\CyPrimitives\cyprimitives.cylib\cy_constant_v1_0\cy_constant_v1_0.v'
Flattening file 'C:\Program Files (x86)\Cypress\PSoC Creator\4.4\PSoC Creator\psoc\content\CyComponentLibrary\CyComponentLibrary.cylib\B_UART_v2_50\B_UART_v2_50.v'
Flattening file 'C:\Program Files (x86)\Cypress\PSoC Creator\4.4\PSoC Creator\warp\lib\common\cypress.v'
Flattening file 'C:\Program Files (x86)\Cypress\PSoC Creator\4.4\PSoC Creator\psoc\content\CyPrimitives\cyprimitives.cylib\cydff_v1_30\cydff_v1_30.v'
Flattening file 'C:\Program Files (x86)\Cypress\PSoC Creator\4.4\PSoC Creator\psoc\content\CyComponentLibrary\CyComponentLibrary.cylib\B_Timer_v2_80\B_Timer_v2_80.v'
Flattening file 'C:\Program Files (x86)\Cypress\PSoC Creator\4.4\PSoC Creator\warp\lib\common\cypress.v'
Flattening file 'C:\Program Files (x86)\Cypress\PSoC Creator\4.4\PSoC Creator\psoc\content\CyPrimitives\cyprimitives.cylib\mux_v1_10\mux_v1_10.v'
Flattening file 'C:\Program Files (x86)\Cypress\PSoC Creator\4.4\PSoC Creator\psoc\content\CyPrimitives\cyprimitives.cylib\CyControlReg_v1_80\CyControlReg_v1_80.v'
Flattening file 'C:\Program Files (x86)\Cypress\PSoC Creator\4.4\PSoC Creator\warp\lib\common\cypress.v'

vpp:  No errors.

Library 'work' => directory 'lcpsoc3'
General_symbol_table
General_symbol_table
Linking 'C:\Program Files (x86)\Cypress\PSoC Creator\4.4\PSoC Creator\warp\lib\common\std.vhd'.
Linking 'C:\Program Files (x86)\Cypress\PSoC Creator\4.4\PSoC Creator\warp\lib\common\cypress.vhd'.
Linking 'C:\Program Files (x86)\Cypress\PSoC Creator\4.4\PSoC Creator\warp\lib\common\work\cypress.vif'.
Linking 'C:\Program Files (x86)\Cypress\PSoC Creator\4.4\PSoC Creator\warp\lib\ieee\work\stdlogic.vif'.
Linking 'C:\Program Files (x86)\Cypress\PSoC Creator\4.4\PSoC Creator\warp\lib\common\stdlogic\lpmpkg.vif'.
Linking 'C:\Program Files (x86)\Cypress\PSoC Creator\4.4\PSoC Creator\warp\lib\common\stdlogic\rtlpkg.vif'.
Linking 'C:\Program Files (x86)\Cypress\PSoC Creator\4.4\PSoC Creator\warp\lib\common\stdlogic\mod_cnst.vif'.
Linking 'C:\Program Files (x86)\Cypress\PSoC Creator\4.4\PSoC Creator\warp\lib\common\stdlogic\mod_mthv.vif'.
Linking 'C:\Program Files (x86)\Cypress\PSoC Creator\4.4\PSoC Creator\warp\lib\common\stdlogic\mod_genv.vif'.
Using control file 'Trigger.ctl'.
C:\Program Files (x86)\Cypress\PSoC Creator\4.4\PSoC Creator\psoc\content\CyComponentLibrary\CyComponentLibrary.cylib\B_PWM_v3_30\B_PWM_v3_30.v (line 947, col 46):  Note: Substituting module 'sub_vi_vv' for '-'.
C:\Program Files (x86)\Cypress\PSoC Creator\4.4\PSoC Creator\psoc\content\CyComponentLibrary\CyComponentLibrary.cylib\B_PWM_v3_30\B_PWM_v3_30.v (line 977, col 46):  Note: Substituting module 'add_vi_vv' for '+'.
C:\Program Files (x86)\Cypress\PSoC Creator\4.4\PSoC Creator\psoc\content\CyComponentLibrary\CyComponentLibrary.cylib\B_UART_v2_50\B_UART_v2_50.v (line 1113, col 55):  Note: Substituting module 'add_vv_vv' for '+'.
C:\Program Files (x86)\Cypress\PSoC Creator\4.4\PSoC Creator\psoc\content\CyComponentLibrary\CyComponentLibrary.cylib\B_UART_v2_50\B_UART_v2_50.v (line 1122, col 48):  Note: Substituting module 'cmp_vv_vv' for '<'.
C:\Program Files (x86)\Cypress\PSoC Creator\4.4\PSoC Creator\psoc\content\CyComponentLibrary\CyComponentLibrary.cylib\B_UART_v2_50\B_UART_v2_50.v (line 1122, col 77):  Note: Substituting module 'cmp_vv_vv' for '<'.
C:\Program Files (x86)\Cypress\PSoC Creator\4.4\PSoC Creator\psoc\content\CyComponentLibrary\CyComponentLibrary.cylib\B_UART_v2_50\B_UART_v2_50.v (line 1389, col 59):  Note: Substituting module 'cmp_vv_vv' for '<'.
C:\Program Files (x86)\Cypress\PSoC Creator\4.4\PSoC Creator\psoc\content\CyComponentLibrary\CyComponentLibrary.cylib\B_UART_v2_50\B_UART_v2_50.v (line 1424, col 61):  Note: Substituting module 'cmp_vv_vv' for '/='.
C:\Program Files (x86)\Cypress\PSoC Creator\4.4\PSoC Creator\psoc\content\CyComponentLibrary\CyComponentLibrary.cylib\B_UART_v2_50\B_UART_v2_50.v (line 1547, col 106):  Note: Substituting module 'cmp_vv_vv' for '<'.
C:\Program Files (x86)\Cypress\PSoC Creator\4.4\PSoC Creator\psoc\content\CyComponentLibrary\CyComponentLibrary.cylib\B_UART_v2_50\B_UART_v2_50.v (line 1603, col 68):  Note: Substituting module 'cmp_vv_vv' for '<'.
C:\Program Files (x86)\Cypress\PSoC Creator\4.4\PSoC Creator\psoc\content\CyComponentLibrary\CyComponentLibrary.cylib\B_UART_v2_50\B_UART_v2_50.v (line 1604, col 68):  Note: Substituting module 'cmp_vv_vv' for '<'.
C:\Program Files (x86)\Cypress\PSoC Creator\4.4\PSoC Creator\psoc\content\CyComponentLibrary\CyComponentLibrary.cylib\B_Timer_v2_80\B_Timer_v2_80.v (line 368, col 46):  Note: Substituting module 'cmp_vv_vv' for '='.
C:\Program Files (x86)\Cypress\PSoC Creator\4.4\PSoC Creator\psoc\content\CyComponentLibrary\CyComponentLibrary.cylib\B_Timer_v2_80\B_Timer_v2_80.v (line 374, col 62):  Note: Substituting module 'add_vv_vv' for '+'.
Linking 'C:\Program Files (x86)\Cypress\PSoC Creator\4.4\PSoC Creator\warp\lib\common\stdlogic\cy_psoc3pkg.vif'.
Linking 'C:\Program Files (x86)\Cypress\PSoC Creator\4.4\PSoC Creator\warp\lib\common\stdlogic\cy_psoc3.vif'.

vlogfe:  No errors.


======================================================================
Compiling:  Trigger.v
Program  :   tovif
Options  :    -yv2 -q10 -ygs -o2 -v3 -.fftcfgtype=LE -ya -.fftprj=C:\Users\ModeLabQBI\LAB\hardware\SweepSourceTrigger\psoc5\firmware\PSOC_trigger_firmware_Trigger_Polarity_Low\Trigger.cydsn\Trigger.cyprj -dcpsoc3 -verilog Trigger.v
======================================================================

tovif V6.3 IR 41:  High-level synthesis
Thu Jul 23 16:22:05 2026

Linking 'C:\Program Files (x86)\Cypress\PSoC Creator\4.4\PSoC Creator\warp\lib\common\std.vhd'.
Linking 'C:\Program Files (x86)\Cypress\PSoC Creator\4.4\PSoC Creator\warp\lib\common\cypress.vhd'.
Linking 'C:\Program Files (x86)\Cypress\PSoC Creator\4.4\PSoC Creator\warp\lib\common\work\cypress.vif'.
Linking 'C:\Program Files (x86)\Cypress\PSoC Creator\4.4\PSoC Creator\warp\lib\ieee\work\stdlogic.vif'.
Linking 'C:\Program Files (x86)\Cypress\PSoC Creator\4.4\PSoC Creator\warp\lib\common\stdlogic\lpmpkg.vif'.
Linking 'C:\Program Files (x86)\Cypress\PSoC Creator\4.4\PSoC Creator\warp\lib\common\stdlogic\rtlpkg.vif'.
Linking 'C:\Program Files (x86)\Cypress\PSoC Creator\4.4\PSoC Creator\warp\lib\common\stdlogic\mod_cnst.vif'.
Linking 'C:\Program Files (x86)\Cypress\PSoC Creator\4.4\PSoC Creator\warp\lib\common\stdlogic\mod_mthv.vif'.
Linking 'C:\Program Files (x86)\Cypress\PSoC Creator\4.4\PSoC Creator\warp\lib\common\stdlogic\mod_genv.vif'.
Linking 'C:\Users\ModeLabQBI\LAB\hardware\SweepSourceTrigger\psoc5\firmware\PSOC_trigger_firmware_Trigger_Polarity_Low\Trigger.cydsn\codegentemp\Trigger.ctl'.
Linking 'C:\Program Files (x86)\Cypress\PSoC Creator\4.4\PSoC Creator\psoc\content\CyPrimitives\cyprimitives.cylib\cy_virtualmux_v1_0\cy_virtualmux_v1_0.v'.
Linking 'C:\Users\ModeLabQBI\LAB\hardware\SweepSourceTrigger\psoc5\firmware\PSOC_trigger_firmware_Trigger_Polarity_Low\Trigger.cydsn\codegentemp\Trigger.v'.
Linking 'C:\Program Files (x86)\Cypress\PSoC Creator\4.4\PSoC Creator\psoc\content\CyPrimitives\cyprimitives.cylib\not_v1_0\not_v1_0.v'.
Linking 'C:\Program Files (x86)\Cypress\PSoC Creator\4.4\PSoC Creator\psoc\content\CyPrimitives\cyprimitives.cylib\ZeroTerminal\ZeroTerminal.v'.
Linking 'C:\Program Files (x86)\Cypress\PSoC Creator\4.4\PSoC Creator\psoc\content\CyPrimitives\cyprimitives.cylib\OneTerminal\OneTerminal.v'.
Linking 'C:\Program Files (x86)\Cypress\PSoC Creator\4.4\PSoC Creator\psoc\content\CyComponentLibrary\CyComponentLibrary.cylib\B_Counter_v3_0\B_Counter_v3_0.v'.
Linking 'C:\Program Files (x86)\Cypress\PSoC Creator\4.4\PSoC Creator\warp\lib\common\cypress.v'.
Linking 'C:\Program Files (x86)\Cypress\PSoC Creator\4.4\PSoC Creator\warp\lib\common\cy_psoc3_inc.v'.
Linking 'C:\Program Files (x86)\Cypress\PSoC Creator\4.4\PSoC Creator\psoc\content\CyComponentLibrary\CyComponentLibrary.cylib\B_PWM_v3_30\B_PWM_v3_30.v'.
Linking 'C:\Program Files (x86)\Cypress\PSoC Creator\4.4\PSoC Creator\psoc\content\CyPrimitives\cyprimitives.cylib\cy_constant_v1_0\cy_constant_v1_0.v'.
Linking 'C:\Program Files (x86)\Cypress\PSoC Creator\4.4\PSoC Creator\psoc\content\CyComponentLibrary\CyComponentLibrary.cylib\B_UART_v2_50\B_UART_v2_50.v'.
Linking 'C:\Program Files (x86)\Cypress\PSoC Creator\4.4\PSoC Creator\psoc\content\CyPrimitives\cyprimitives.cylib\cydff_v1_30\cydff_v1_30.v'.
Linking 'C:\Program Files (x86)\Cypress\PSoC Creator\4.4\PSoC Creator\psoc\content\CyComponentLibrary\CyComponentLibrary.cylib\B_Timer_v2_80\B_Timer_v2_80.v'.
Linking 'C:\Program Files (x86)\Cypress\PSoC Creator\4.4\PSoC Creator\psoc\content\CyPrimitives\cyprimitives.cylib\mux_v1_10\mux_v1_10.v'.
Linking 'C:\Program Files (x86)\Cypress\PSoC Creator\4.4\PSoC Creator\psoc\content\CyPrimitives\cyprimitives.cylib\CyControlReg_v1_80\CyControlReg_v1_80.v'.
Linking 'C:\Program Files (x86)\Cypress\PSoC Creator\4.4\PSoC Creator\warp\lib\common\stdlogic\cy_psoc3pkg.vif'.
Linking 'C:\Program Files (x86)\Cypress\PSoC Creator\4.4\PSoC Creator\warp\lib\common\stdlogic\cy_psoc3.vif'.
Linking 'C:\Program Files (x86)\Cypress\PSoC Creator\4.4\PSoC Creator\warp\lib\lcpsoc3\stdlogic\mod_cnst.vif'.
Linking 'C:\Program Files (x86)\Cypress\PSoC Creator\4.4\PSoC Creator\warp\lib\common\stdlogic\mcompare.vif'.

tovif:  No errors.


======================================================================
Compiling:  Trigger.v
Program  :   topld
Options  :    -yv2 -q10 -ygs -o2 -v3 -.fftcfgtype=LE -ya -.fftprj=C:\Users\ModeLabQBI\LAB\hardware\SweepSourceTrigger\psoc5\firmware\PSOC_trigger_firmware_Trigger_Polarity_Low\Trigger.cydsn\Trigger.cyprj -dcpsoc3 -verilog Trigger.v
======================================================================

topld V6.3 IR 41:  Synthesis and optimization
Thu Jul 23 16:22:06 2026

Linking 'C:\Program Files (x86)\Cypress\PSoC Creator\4.4\PSoC Creator\warp\lib\common\std.vhd'.
Linking 'C:\Program Files (x86)\Cypress\PSoC Creator\4.4\PSoC Creator\warp\lib\common\cypress.vhd'.
Linking 'C:\Program Files (x86)\Cypress\PSoC Creator\4.4\PSoC Creator\warp\lib\common\work\cypress.vif'.
Linking 'C:\Program Files (x86)\Cypress\PSoC Creator\4.4\PSoC Creator\warp\lib\ieee\work\stdlogic.vif'.
Linking 'C:\Program Files (x86)\Cypress\PSoC Creator\4.4\PSoC Creator\warp\lib\common\stdlogic\lpmpkg.vif'.
Linking 'C:\Program Files (x86)\Cypress\PSoC Creator\4.4\PSoC Creator\warp\lib\common\stdlogic\rtlpkg.vif'.
Linking 'C:\Program Files (x86)\Cypress\PSoC Creator\4.4\PSoC Creator\warp\lib\common\stdlogic\mod_cnst.vif'.
Linking 'C:\Program Files (x86)\Cypress\PSoC Creator\4.4\PSoC Creator\warp\lib\common\stdlogic\mod_mthv.vif'.
Linking 'C:\Program Files (x86)\Cypress\PSoC Creator\4.4\PSoC Creator\warp\lib\common\stdlogic\mod_genv.vif'.
Linking 'C:\Users\ModeLabQBI\LAB\hardware\SweepSourceTrigger\psoc5\firmware\PSOC_trigger_firmware_Trigger_Polarity_Low\Trigger.cydsn\codegentemp\Trigger.ctl'.
Linking 'C:\Program Files (x86)\Cypress\PSoC Creator\4.4\PSoC Creator\psoc\content\CyPrimitives\cyprimitives.cylib\cy_virtualmux_v1_0\cy_virtualmux_v1_0.v'.
Linking 'C:\Users\ModeLabQBI\LAB\hardware\SweepSourceTrigger\psoc5\firmware\PSOC_trigger_firmware_Trigger_Polarity_Low\Trigger.cydsn\codegentemp\Trigger.v'.
Linking 'C:\Program Files (x86)\Cypress\PSoC Creator\4.4\PSoC Creator\psoc\content\CyPrimitives\cyprimitives.cylib\not_v1_0\not_v1_0.v'.
Linking 'C:\Program Files (x86)\Cypress\PSoC Creator\4.4\PSoC Creator\psoc\content\CyPrimitives\cyprimitives.cylib\ZeroTerminal\ZeroTerminal.v'.
Linking 'C:\Program Files (x86)\Cypress\PSoC Creator\4.4\PSoC Creator\psoc\content\CyPrimitives\cyprimitives.cylib\OneTerminal\OneTerminal.v'.
Linking 'C:\Program Files (x86)\Cypress\PSoC Creator\4.4\PSoC Creator\psoc\content\CyComponentLibrary\CyComponentLibrary.cylib\B_Counter_v3_0\B_Counter_v3_0.v'.
Linking 'C:\Program Files (x86)\Cypress\PSoC Creator\4.4\PSoC Creator\warp\lib\common\cypress.v'.
Linking 'C:\Program Files (x86)\Cypress\PSoC Creator\4.4\PSoC Creator\warp\lib\common\cy_psoc3_inc.v'.
Linking 'C:\Program Files (x86)\Cypress\PSoC Creator\4.4\PSoC Creator\psoc\content\CyComponentLibrary\CyComponentLibrary.cylib\B_PWM_v3_30\B_PWM_v3_30.v'.
Linking 'C:\Program Files (x86)\Cypress\PSoC Creator\4.4\PSoC Creator\psoc\content\CyPrimitives\cyprimitives.cylib\cy_constant_v1_0\cy_constant_v1_0.v'.
Linking 'C:\Program Files (x86)\Cypress\PSoC Creator\4.4\PSoC Creator\psoc\content\CyComponentLibrary\CyComponentLibrary.cylib\B_UART_v2_50\B_UART_v2_50.v'.
Linking 'C:\Program Files (x86)\Cypress\PSoC Creator\4.4\PSoC Creator\psoc\content\CyPrimitives\cyprimitives.cylib\cydff_v1_30\cydff_v1_30.v'.
Linking 'C:\Program Files (x86)\Cypress\PSoC Creator\4.4\PSoC Creator\psoc\content\CyComponentLibrary\CyComponentLibrary.cylib\B_Timer_v2_80\B_Timer_v2_80.v'.
Linking 'C:\Program Files (x86)\Cypress\PSoC Creator\4.4\PSoC Creator\psoc\content\CyPrimitives\cyprimitives.cylib\mux_v1_10\mux_v1_10.v'.
Linking 'C:\Program Files (x86)\Cypress\PSoC Creator\4.4\PSoC Creator\psoc\content\CyPrimitives\cyprimitives.cylib\CyControlReg_v1_80\CyControlReg_v1_80.v'.
Linking 'C:\Program Files (x86)\Cypress\PSoC Creator\4.4\PSoC Creator\warp\lib\common\stdlogic\cy_psoc3pkg.vif'.
Linking 'C:\Program Files (x86)\Cypress\PSoC Creator\4.4\PSoC Creator\warp\lib\common\stdlogic\cy_psoc3.vif'.
Linking 'C:\Program Files (x86)\Cypress\PSoC Creator\4.4\PSoC Creator\warp\lib\lcpsoc3\stdlogic\mod_cnst.vif'.
Linking 'C:\Program Files (x86)\Cypress\PSoC Creator\4.4\PSoC Creator\warp\lib\common\stdlogic\mcompare.vif'.
Linking 'C:\Program Files (x86)\Cypress\PSoC Creator\4.4\PSoC Creator\warp\lib\lcpsoc3\stdlogic\cpsoc3.vif'.

----------------------------------------------------------
Detecting unused logic.
----------------------------------------------------------
    User names
	\Comp:Net_9\
	Net_138
	Net_403
	\Counter:Net_49\
	\Counter:Net_82\
	\Counter:Net_95\
	\Counter:Net_91\
	\Counter:Net_102\
	\Counter:CounterUDB:ctrl_cmod_2\
	\Counter:CounterUDB:ctrl_cmod_1\
	\Counter:CounterUDB:ctrl_cmod_0\
	\Counter:CounterUDB:ctrl_enable\
	\Counter:CounterUDB:control_7\
	\Counter:CounterUDB:control_6\
	\Counter:CounterUDB:control_5\
	\Counter:CounterUDB:control_4\
	\Counter:CounterUDB:control_3\
	\Counter:CounterUDB:control_2\
	\Counter:CounterUDB:control_1\
	\Counter:CounterUDB:control_0\
	\PWM:PWMUDB:km_run\
	\PWM:PWMUDB:ctrl_cmpmode2_2\
	\PWM:PWMUDB:ctrl_cmpmode2_1\
	\PWM:PWMUDB:ctrl_cmpmode2_0\
	\PWM:PWMUDB:ctrl_cmpmode1_2\
	\PWM:PWMUDB:ctrl_cmpmode1_1\
	\PWM:PWMUDB:ctrl_cmpmode1_0\
	\PWM:PWMUDB:capt_rising\
	\PWM:PWMUDB:capt_falling\
	\PWM:PWMUDB:trig_rise\
	\PWM:PWMUDB:trig_fall\
	\PWM:PWMUDB:sc_kill\
	\PWM:PWMUDB:min_kill\
	\PWM:PWMUDB:km_tc\
	\PWM:PWMUDB:db_tc\
	\PWM:PWMUDB:dith_sel\
	\PWM:PWMUDB:compare2\
	\PWM:Net_101\
	\PWM:Net_96\
	Net_150
	Net_271
	\PWM:PWMUDB:MODULE_1:b_31\
	\PWM:PWMUDB:MODULE_1:b_30\
	\PWM:PWMUDB:MODULE_1:b_29\
	\PWM:PWMUDB:MODULE_1:b_28\
	\PWM:PWMUDB:MODULE_1:b_27\
	\PWM:PWMUDB:MODULE_1:b_26\
	\PWM:PWMUDB:MODULE_1:b_25\
	\PWM:PWMUDB:MODULE_1:b_24\
	\PWM:PWMUDB:MODULE_1:b_23\
	\PWM:PWMUDB:MODULE_1:b_22\
	\PWM:PWMUDB:MODULE_1:b_21\
	\PWM:PWMUDB:MODULE_1:b_20\
	\PWM:PWMUDB:MODULE_1:b_19\
	\PWM:PWMUDB:MODULE_1:b_18\
	\PWM:PWMUDB:MODULE_1:b_17\
	\PWM:PWMUDB:MODULE_1:b_16\
	\PWM:PWMUDB:MODULE_1:b_15\
	\PWM:PWMUDB:MODULE_1:b_14\
	\PWM:PWMUDB:MODULE_1:b_13\
	\PWM:PWMUDB:MODULE_1:b_12\
	\PWM:PWMUDB:MODULE_1:b_11\
	\PWM:PWMUDB:MODULE_1:b_10\
	\PWM:PWMUDB:MODULE_1:b_9\
	\PWM:PWMUDB:MODULE_1:b_8\
	\PWM:PWMUDB:MODULE_1:b_7\
	\PWM:PWMUDB:MODULE_1:b_6\
	\PWM:PWMUDB:MODULE_1:b_5\
	\PWM:PWMUDB:MODULE_1:b_4\
	\PWM:PWMUDB:MODULE_1:b_3\
	\PWM:PWMUDB:MODULE_1:b_2\
	\PWM:PWMUDB:MODULE_1:b_1\
	\PWM:PWMUDB:MODULE_1:b_0\
	\PWM:PWMUDB:MODULE_1:g2:a0:a_31\
	\PWM:PWMUDB:MODULE_1:g2:a0:a_30\
	\PWM:PWMUDB:MODULE_1:g2:a0:a_29\
	\PWM:PWMUDB:MODULE_1:g2:a0:a_28\
	\PWM:PWMUDB:MODULE_1:g2:a0:a_27\
	\PWM:PWMUDB:MODULE_1:g2:a0:a_26\
	\PWM:PWMUDB:MODULE_1:g2:a0:a_25\
	\PWM:PWMUDB:MODULE_1:g2:a0:a_24\
	\PWM:PWMUDB:MODULE_1:g2:a0:b_31\
	\PWM:PWMUDB:MODULE_1:g2:a0:b_30\
	\PWM:PWMUDB:MODULE_1:g2:a0:b_29\
	\PWM:PWMUDB:MODULE_1:g2:a0:b_28\
	\PWM:PWMUDB:MODULE_1:g2:a0:b_27\
	\PWM:PWMUDB:MODULE_1:g2:a0:b_26\
	\PWM:PWMUDB:MODULE_1:g2:a0:b_25\
	\PWM:PWMUDB:MODULE_1:g2:a0:b_24\
	\PWM:PWMUDB:MODULE_1:g2:a0:b_23\
	\PWM:PWMUDB:MODULE_1:g2:a0:b_22\
	\PWM:PWMUDB:MODULE_1:g2:a0:b_21\
	\PWM:PWMUDB:MODULE_1:g2:a0:b_20\
	\PWM:PWMUDB:MODULE_1:g2:a0:b_19\
	\PWM:PWMUDB:MODULE_1:g2:a0:b_18\
	\PWM:PWMUDB:MODULE_1:g2:a0:b_17\
	\PWM:PWMUDB:MODULE_1:g2:a0:b_16\
	\PWM:PWMUDB:MODULE_1:g2:a0:b_15\
	\PWM:PWMUDB:MODULE_1:g2:a0:b_14\
	\PWM:PWMUDB:MODULE_1:g2:a0:b_13\
	\PWM:PWMUDB:MODULE_1:g2:a0:b_12\
	\PWM:PWMUDB:MODULE_1:g2:a0:b_11\
	\PWM:PWMUDB:MODULE_1:g2:a0:b_10\
	\PWM:PWMUDB:MODULE_1:g2:a0:b_9\
	\PWM:PWMUDB:MODULE_1:g2:a0:b_8\
	\PWM:PWMUDB:MODULE_1:g2:a0:b_7\
	\PWM:PWMUDB:MODULE_1:g2:a0:b_6\
	\PWM:PWMUDB:MODULE_1:g2:a0:b_5\
	\PWM:PWMUDB:MODULE_1:g2:a0:b_4\
	\PWM:PWMUDB:MODULE_1:g2:a0:b_3\
	\PWM:PWMUDB:MODULE_1:g2:a0:b_2\
	\PWM:PWMUDB:MODULE_1:g2:a0:b_1\
	\PWM:PWMUDB:MODULE_1:g2:a0:b_0\
	\PWM:PWMUDB:MODULE_1:g2:a0:s_31\
	\PWM:PWMUDB:MODULE_1:g2:a0:s_30\
	\PWM:PWMUDB:MODULE_1:g2:a0:s_29\
	\PWM:PWMUDB:MODULE_1:g2:a0:s_28\
	\PWM:PWMUDB:MODULE_1:g2:a0:s_27\
	\PWM:PWMUDB:MODULE_1:g2:a0:s_26\
	\PWM:PWMUDB:MODULE_1:g2:a0:s_25\
	\PWM:PWMUDB:MODULE_1:g2:a0:s_24\
	\PWM:PWMUDB:MODULE_1:g2:a0:s_23\
	\PWM:PWMUDB:MODULE_1:g2:a0:s_22\
	\PWM:PWMUDB:MODULE_1:g2:a0:s_21\
	\PWM:PWMUDB:MODULE_1:g2:a0:s_20\
	\PWM:PWMUDB:MODULE_1:g2:a0:s_19\
	\PWM:PWMUDB:MODULE_1:g2:a0:s_18\
	\PWM:PWMUDB:MODULE_1:g2:a0:s_17\
	\PWM:PWMUDB:MODULE_1:g2:a0:s_16\
	\PWM:PWMUDB:MODULE_1:g2:a0:s_15\
	\PWM:PWMUDB:MODULE_1:g2:a0:s_14\
	\PWM:PWMUDB:MODULE_1:g2:a0:s_13\
	\PWM:PWMUDB:MODULE_1:g2:a0:s_12\
	\PWM:PWMUDB:MODULE_1:g2:a0:s_11\
	\PWM:PWMUDB:MODULE_1:g2:a0:s_10\
	\PWM:PWMUDB:MODULE_1:g2:a0:s_9\
	\PWM:PWMUDB:MODULE_1:g2:a0:s_8\
	\PWM:PWMUDB:MODULE_1:g2:a0:s_7\
	\PWM:PWMUDB:MODULE_1:g2:a0:s_6\
	\PWM:PWMUDB:MODULE_1:g2:a0:s_5\
	\PWM:PWMUDB:MODULE_1:g2:a0:s_4\
	\PWM:PWMUDB:MODULE_1:g2:a0:s_3\
	\PWM:PWMUDB:MODULE_1:g2:a0:s_2\
	\PWM:PWMUDB:MODULE_1:g2:a0:g1:z1:s0:g1:u0:c_31\
	\PWM:PWMUDB:MODULE_1:g2:a0:g1:z1:s0:g1:u0:c_30\
	\PWM:PWMUDB:MODULE_1:g2:a0:g1:z1:s0:g1:u0:c_29\
	\PWM:PWMUDB:MODULE_1:g2:a0:g1:z1:s0:g1:u0:c_28\
	\PWM:PWMUDB:MODULE_1:g2:a0:g1:z1:s0:g1:u0:c_27\
	\PWM:PWMUDB:MODULE_1:g2:a0:g1:z1:s0:g1:u0:c_26\
	\PWM:PWMUDB:MODULE_1:g2:a0:g1:z1:s0:g1:u0:c_25\
	Net_416
	Net_272
	Net_408
	\PWM:Net_113\
	\PWM:Net_107\
	\PWM:Net_114\
	\UART:BUART:reset_sr\
	Net_360
	Net_361
	\UART:BUART:sRX:s23Poll:MODULE_2:g2:a0:b_1\
	\UART:BUART:sRX:s23Poll:MODULE_2:g2:a0:b_0\
	\UART:BUART:sRX:s23Poll:MODULE_3:g2:a0:gta_0\
	\UART:BUART:sRX:s23Poll:MODULE_4:g2:a0:gta_0\
	Net_355
	\UART:BUART:sRX:MODULE_5:g2:a0:gta_0\
	\UART:BUART:sRX:MODULE_6:g1:a0:gx:u0:albi_1\
	\UART:BUART:sRX:MODULE_6:g1:a0:gx:u0:agbi_1\
	\UART:BUART:sRX:MODULE_6:g1:a0:gx:u0:lt_0\
	\UART:BUART:sRX:MODULE_6:g1:a0:gx:u0:gt_0\
	\UART:BUART:sRX:MODULE_6:g1:a0:gx:u0:lti_0\
	\UART:BUART:sRX:MODULE_6:g1:a0:gx:u0:gti_0\
	\UART:BUART:sRX:MODULE_6:g1:a0:gx:u0:albi_0\
	\UART:BUART:sRX:MODULE_6:g1:a0:gx:u0:agbi_0\
	\UART:BUART:sRX:MODULE_6:g1:a0:xeq\
	\UART:BUART:sRX:MODULE_6:g1:a0:xlt\
	\UART:BUART:sRX:MODULE_6:g1:a0:xlte\
	\UART:BUART:sRX:MODULE_6:g1:a0:xgt\
	\UART:BUART:sRX:MODULE_6:g1:a0:xgte\
	\UART:BUART:sRX:MODULE_6:lt\
	\UART:BUART:sRX:MODULE_6:eq\
	\UART:BUART:sRX:MODULE_6:gt\
	\UART:BUART:sRX:MODULE_6:gte\
	\UART:BUART:sRX:MODULE_6:lte\
	Net_487
	Net_484
	\freqcounter:Net_49\
	\freqcounter:Net_82\
	\freqcounter:Net_95\
	\freqcounter:Net_91\
	\freqcounter:Net_102\
	\freqcounter:CounterUDB:ctrl_cmod_2\
	\freqcounter:CounterUDB:ctrl_cmod_1\
	\freqcounter:CounterUDB:ctrl_cmod_0\
	\freqcounter:CounterUDB:ctrl_enable\
	\freqcounter:CounterUDB:control_7\
	\freqcounter:CounterUDB:control_6\
	\freqcounter:CounterUDB:control_5\
	\freqcounter:CounterUDB:control_4\
	\freqcounter:CounterUDB:control_3\
	\freqcounter:CounterUDB:control_2\
	\freqcounter:CounterUDB:control_1\
	\freqcounter:CounterUDB:control_0\
	Net_485
	\Timer:Net_260\
	Net_469
	Net_479
	\Timer:Net_53\
	\Timer:TimerUDB:ctrl_ten\
	\Timer:TimerUDB:ctrl_tmode_1\
	\Timer:TimerUDB:ctrl_tmode_0\
	\Timer:TimerUDB:ctrl_ic_1\
	\Timer:TimerUDB:ctrl_ic_0\
	\Timer:Net_102\
	\Timer:Net_266\
	Net_523
	Net_524
	Net_525
	Net_527
	Net_528
	Net_529
	Net_530

    Synthesized names
	\PWM:PWMUDB:add_vi_vv_MODGEN_1_31\
	\PWM:PWMUDB:add_vi_vv_MODGEN_1_30\
	\PWM:PWMUDB:add_vi_vv_MODGEN_1_29\
	\PWM:PWMUDB:add_vi_vv_MODGEN_1_28\
	\PWM:PWMUDB:add_vi_vv_MODGEN_1_27\
	\PWM:PWMUDB:add_vi_vv_MODGEN_1_26\
	\PWM:PWMUDB:add_vi_vv_MODGEN_1_25\
	\PWM:PWMUDB:add_vi_vv_MODGEN_1_24\
	\PWM:PWMUDB:add_vi_vv_MODGEN_1_23\
	\PWM:PWMUDB:add_vi_vv_MODGEN_1_22\
	\PWM:PWMUDB:add_vi_vv_MODGEN_1_21\
	\PWM:PWMUDB:add_vi_vv_MODGEN_1_20\
	\PWM:PWMUDB:add_vi_vv_MODGEN_1_19\
	\PWM:PWMUDB:add_vi_vv_MODGEN_1_18\
	\PWM:PWMUDB:add_vi_vv_MODGEN_1_17\
	\PWM:PWMUDB:add_vi_vv_MODGEN_1_16\
	\PWM:PWMUDB:add_vi_vv_MODGEN_1_15\
	\PWM:PWMUDB:add_vi_vv_MODGEN_1_14\
	\PWM:PWMUDB:add_vi_vv_MODGEN_1_13\
	\PWM:PWMUDB:add_vi_vv_MODGEN_1_12\
	\PWM:PWMUDB:add_vi_vv_MODGEN_1_11\
	\PWM:PWMUDB:add_vi_vv_MODGEN_1_10\
	\PWM:PWMUDB:add_vi_vv_MODGEN_1_9\
	\PWM:PWMUDB:add_vi_vv_MODGEN_1_8\
	\PWM:PWMUDB:add_vi_vv_MODGEN_1_7\
	\PWM:PWMUDB:add_vi_vv_MODGEN_1_6\
	\PWM:PWMUDB:add_vi_vv_MODGEN_1_5\
	\PWM:PWMUDB:add_vi_vv_MODGEN_1_4\
	\PWM:PWMUDB:add_vi_vv_MODGEN_1_3\
	\PWM:PWMUDB:add_vi_vv_MODGEN_1_2\

Deleted 221 User equations/components.
Deleted 30 Synthesized equations/components.

------------------------------------------------------
Alias Detection
------------------------------------------------------
Aliasing one to tmpOE__ref_net_0
Aliasing tmpOE__BPD_in_net_0 to tmpOE__ref_net_0
Aliasing tmpOE__comp_out_monitor_net_0 to tmpOE__ref_net_0
Aliasing tmpOE__sw_net_0 to tmpOE__ref_net_0
Aliasing \Counter:Net_89\ to tmpOE__ref_net_0
Aliasing \Counter:CounterUDB:ctrl_capmode_1\ to zero
Aliasing \Counter:CounterUDB:ctrl_capmode_0\ to zero
Aliasing \Counter:CounterUDB:capt_rising\ to zero
Aliasing \Counter:CounterUDB:tc_i\ to \Counter:CounterUDB:reload_tc\
Aliasing tmpOE__count_out_net_0 to tmpOE__ref_net_0
Aliasing \PWM:PWMUDB:hwCapture\ to zero
Aliasing \PWM:PWMUDB:trig_out\ to tmpOE__ref_net_0
Aliasing \PWM:PWMUDB:runmode_enable\\R\ to zero
Aliasing \PWM:PWMUDB:runmode_enable\\S\ to zero
Aliasing \PWM:PWMUDB:ltch_kill_reg\\R\ to zero
Aliasing \PWM:PWMUDB:ltch_kill_reg\\S\ to zero
Aliasing \PWM:PWMUDB:min_kill_reg\\R\ to zero
Aliasing \PWM:PWMUDB:min_kill_reg\\S\ to zero
Aliasing \PWM:PWMUDB:final_kill\ to tmpOE__ref_net_0
Aliasing \PWM:PWMUDB:dith_count_1\\R\ to zero
Aliasing \PWM:PWMUDB:dith_count_1\\S\ to zero
Aliasing \PWM:PWMUDB:dith_count_0\\R\ to zero
Aliasing \PWM:PWMUDB:dith_count_0\\S\ to zero
Aliasing \PWM:PWMUDB:reset\ to zero
Aliasing \PWM:PWMUDB:status_6\ to zero
Aliasing \PWM:PWMUDB:status_4\ to zero
Aliasing \PWM:PWMUDB:cmp2\ to zero
Aliasing \PWM:PWMUDB:cmp1_status_reg\\R\ to zero
Aliasing \PWM:PWMUDB:cmp1_status_reg\\S\ to zero
Aliasing \PWM:PWMUDB:cmp2_status_reg\\R\ to zero
Aliasing \PWM:PWMUDB:cmp2_status_reg\\S\ to zero
Aliasing \PWM:PWMUDB:final_kill_reg\\R\ to zero
Aliasing \PWM:PWMUDB:final_kill_reg\\S\ to zero
Aliasing \PWM:PWMUDB:cs_addr_0\ to zero
Aliasing \PWM:PWMUDB:pwm1_i\ to zero
Aliasing \PWM:PWMUDB:pwm2_i\ to zero
Aliasing \PWM:PWMUDB:MODULE_1:g2:a0:a_23\ to zero
Aliasing \PWM:PWMUDB:MODULE_1:g2:a0:a_22\ to zero
Aliasing \PWM:PWMUDB:MODULE_1:g2:a0:a_21\ to zero
Aliasing \PWM:PWMUDB:MODULE_1:g2:a0:a_20\ to zero
Aliasing \PWM:PWMUDB:MODULE_1:g2:a0:a_19\ to zero
Aliasing \PWM:PWMUDB:MODULE_1:g2:a0:a_18\ to zero
Aliasing \PWM:PWMUDB:MODULE_1:g2:a0:a_17\ to zero
Aliasing \PWM:PWMUDB:MODULE_1:g2:a0:a_16\ to zero
Aliasing \PWM:PWMUDB:MODULE_1:g2:a0:a_15\ to zero
Aliasing \PWM:PWMUDB:MODULE_1:g2:a0:a_14\ to zero
Aliasing \PWM:PWMUDB:MODULE_1:g2:a0:a_13\ to zero
Aliasing \PWM:PWMUDB:MODULE_1:g2:a0:a_12\ to zero
Aliasing \PWM:PWMUDB:MODULE_1:g2:a0:a_11\ to zero
Aliasing \PWM:PWMUDB:MODULE_1:g2:a0:a_10\ to zero
Aliasing \PWM:PWMUDB:MODULE_1:g2:a0:a_9\ to zero
Aliasing \PWM:PWMUDB:MODULE_1:g2:a0:a_8\ to zero
Aliasing \PWM:PWMUDB:MODULE_1:g2:a0:a_7\ to zero
Aliasing \PWM:PWMUDB:MODULE_1:g2:a0:a_6\ to zero
Aliasing \PWM:PWMUDB:MODULE_1:g2:a0:a_5\ to zero
Aliasing \PWM:PWMUDB:MODULE_1:g2:a0:a_4\ to zero
Aliasing \PWM:PWMUDB:MODULE_1:g2:a0:a_3\ to zero
Aliasing \PWM:PWMUDB:MODULE_1:g2:a0:a_2\ to zero
Aliasing \PWM:PWMUDB:MODULE_1:g2:a0:g1:z1:s0:g1:u0:b_0\ to tmpOE__ref_net_0
Aliasing tmpOE__Tx_1_net_0 to tmpOE__ref_net_0
Aliasing Net_358 to zero
Aliasing \UART:BUART:tx_hd_send_break\ to zero
Aliasing \UART:BUART:HalfDuplexSend\ to zero
Aliasing \UART:BUART:FinalParityType_1\ to zero
Aliasing \UART:BUART:FinalParityType_0\ to zero
Aliasing \UART:BUART:FinalAddrMode_2\ to zero
Aliasing \UART:BUART:FinalAddrMode_1\ to zero
Aliasing \UART:BUART:FinalAddrMode_0\ to zero
Aliasing \UART:BUART:tx_ctrl_mark\ to zero
Aliasing \UART:BUART:tx_status_6\ to zero
Aliasing \UART:BUART:tx_status_5\ to zero
Aliasing \UART:BUART:tx_status_4\ to zero
Aliasing \UART:BUART:rx_count7_bit8_wire\ to zero
Aliasing \UART:BUART:sRX:s23Poll:MODULE_2:g2:a0:g1:z1:s0:g1:u0:b_0\ to tmpOE__ref_net_0
Aliasing \UART:BUART:sRX:s23Poll:MODIN3_1\ to \UART:BUART:sRX:s23Poll:MODIN2_1\
Aliasing \UART:BUART:sRX:s23Poll:MODIN3_0\ to \UART:BUART:sRX:s23Poll:MODIN2_0\
Aliasing \UART:BUART:sRX:s23Poll:MODULE_3:g2:a0:newb_1\ to zero
Aliasing \UART:BUART:sRX:s23Poll:MODULE_3:g2:a0:newb_0\ to tmpOE__ref_net_0
Aliasing \UART:BUART:sRX:s23Poll:MODIN4_1\ to \UART:BUART:sRX:s23Poll:MODIN2_1\
Aliasing \UART:BUART:sRX:s23Poll:MODIN4_0\ to \UART:BUART:sRX:s23Poll:MODIN2_0\
Aliasing \UART:BUART:sRX:s23Poll:MODULE_4:g2:a0:newb_1\ to tmpOE__ref_net_0
Aliasing \UART:BUART:sRX:s23Poll:MODULE_4:g2:a0:newb_0\ to zero
Aliasing \UART:BUART:rx_status_1\ to zero
Aliasing \UART:BUART:sRX:MODULE_5:g2:a0:newa_6\ to zero
Aliasing \UART:BUART:sRX:MODULE_5:g2:a0:newa_5\ to zero
Aliasing \UART:BUART:sRX:MODULE_5:g2:a0:newa_4\ to zero
Aliasing \UART:BUART:sRX:MODULE_5:g2:a0:newb_6\ to zero
Aliasing \UART:BUART:sRX:MODULE_5:g2:a0:newb_5\ to zero
Aliasing \UART:BUART:sRX:MODULE_5:g2:a0:newb_4\ to zero
Aliasing \UART:BUART:sRX:MODULE_5:g2:a0:newb_3\ to zero
Aliasing \UART:BUART:sRX:MODULE_5:g2:a0:newb_2\ to tmpOE__ref_net_0
Aliasing \UART:BUART:sRX:MODULE_5:g2:a0:newb_1\ to tmpOE__ref_net_0
Aliasing \UART:BUART:sRX:MODULE_5:g2:a0:newb_0\ to zero
Aliasing \UART:BUART:sRX:MODULE_6:g1:a0:gx:u0:aeqb_0\ to tmpOE__ref_net_0
Aliasing tmpOE__Rx_1_net_0 to tmpOE__ref_net_0
Aliasing \freqcounter:Net_89\ to tmpOE__ref_net_0
Aliasing \freqcounter:CounterUDB:ctrl_capmode_1\ to zero
Aliasing \freqcounter:CounterUDB:ctrl_capmode_0\ to zero
Aliasing \freqcounter:CounterUDB:capt_rising\ to zero
Aliasing \freqcounter:CounterUDB:final_enable\ to \Counter:CounterUDB:final_enable\
Aliasing \freqcounter:CounterUDB:reset\ to zero
Aliasing \freqcounter:CounterUDB:tc_i\ to \freqcounter:CounterUDB:reload_tc\
Aliasing \Timer:TimerUDB:ctrl_cmode_1\ to zero
Aliasing \Timer:TimerUDB:ctrl_cmode_0\ to tmpOE__ref_net_0
Aliasing \Timer:TimerUDB:trigger_enable\ to tmpOE__ref_net_0
Aliasing \Timer:TimerUDB:status_6\ to zero
Aliasing \Timer:TimerUDB:status_5\ to zero
Aliasing \Timer:TimerUDB:status_4\ to zero
Aliasing \Timer:TimerUDB:status_0\ to \Timer:TimerUDB:tc_i\
Aliasing Net_559 to zero
Aliasing \muxSel:clk\ to zero
Aliasing \muxSel:rst\ to zero
Aliasing \Counter:CounterUDB:prevCapture\\D\ to zero
Aliasing \Counter:CounterUDB:cmp_out_reg_i\\D\ to \Counter:CounterUDB:prevCompare\\D\
Aliasing \PWM:PWMUDB:min_kill_reg\\D\ to tmpOE__ref_net_0
Aliasing \PWM:PWMUDB:prevCapture\\D\ to zero
Aliasing \PWM:PWMUDB:trig_last\\D\ to zero
Aliasing \PWM:PWMUDB:ltch_kill_reg\\D\ to tmpOE__ref_net_0
Aliasing \PWM:PWMUDB:prevCompare1\\D\ to \PWM:PWMUDB:pwm_temp\
Aliasing \PWM:PWMUDB:tc_i_reg\\D\ to \PWM:PWMUDB:status_2\
Aliasing \UART:BUART:rx_break_status\\D\ to zero
Aliasing \freqcounter:CounterUDB:prevCapture\\D\ to zero
Aliasing \freqcounter:CounterUDB:cmp_out_reg_i\\D\ to \freqcounter:CounterUDB:prevCompare\\D\
Aliasing \Timer:TimerUDB:capture_last\\D\ to \freqcounter:CounterUDB:count_stored_i\\D\
Aliasing \Timer:TimerUDB:hwEnable_reg\\D\ to \Timer:TimerUDB:run_mode\
Aliasing \Timer:TimerUDB:capture_out_reg_i\\D\ to \Timer:TimerUDB:capt_fifo_load_int\
Removing Lhs of wire one[7] = tmpOE__ref_net_0[1]
Removing Lhs of wire tmpOE__BPD_in_net_0[10] = tmpOE__ref_net_0[1]
Removing Rhs of wire Net_512[19] = \Comp:Net_1\[18]
Removing Lhs of wire tmpOE__comp_out_monitor_net_0[22] = tmpOE__ref_net_0[1]
Removing Lhs of wire tmpOE__sw_net_0[28] = tmpOE__ref_net_0[1]
Removing Lhs of wire \Counter:Net_89\[39] = tmpOE__ref_net_0[1]
Removing Lhs of wire \Counter:CounterUDB:ctrl_capmode_1\[48] = zero[2]
Removing Lhs of wire \Counter:CounterUDB:ctrl_capmode_0\[49] = zero[2]
Removing Lhs of wire \Counter:CounterUDB:capt_rising\[60] = zero[2]
Removing Lhs of wire \Counter:CounterUDB:capt_falling\[61] = \Counter:CounterUDB:prevCapture\[59]
Removing Rhs of wire Net_553[65] = cydff_1[1107]
Removing Lhs of wire \Counter:CounterUDB:final_enable\[67] = Net_546[68]
Removing Lhs of wire \Counter:CounterUDB:counter_enable\[69] = Net_546[68]
Removing Rhs of wire \Counter:CounterUDB:status_0\[70] = \Counter:CounterUDB:cmp_out_status\[71]
Removing Rhs of wire \Counter:CounterUDB:status_1\[72] = \Counter:CounterUDB:per_zero\[73]
Removing Rhs of wire \Counter:CounterUDB:status_2\[74] = \Counter:CounterUDB:overflow_status\[75]
Removing Rhs of wire \Counter:CounterUDB:status_3\[76] = \Counter:CounterUDB:underflow_status\[77]
Removing Lhs of wire \Counter:CounterUDB:status_4\[78] = \Counter:CounterUDB:hwCapture\[63]
Removing Rhs of wire \Counter:CounterUDB:status_5\[79] = \Counter:CounterUDB:fifo_full\[80]
Removing Rhs of wire \Counter:CounterUDB:status_6\[81] = \Counter:CounterUDB:fifo_nempty\[82]
Removing Lhs of wire \Counter:CounterUDB:dp_dir\[85] = tmpOE__ref_net_0[1]
Removing Lhs of wire \Counter:CounterUDB:tc_i\[90] = \Counter:CounterUDB:reload_tc\[66]
Removing Rhs of wire Net_505[97] = \Counter:CounterUDB:cmp_out_reg_i\[96]
Removing Lhs of wire \Counter:CounterUDB:cs_addr_2\[100] = tmpOE__ref_net_0[1]
Removing Lhs of wire \Counter:CounterUDB:cs_addr_1\[101] = \Counter:CounterUDB:count_enable\[99]
Removing Lhs of wire \Counter:CounterUDB:cs_addr_0\[102] = \Counter:CounterUDB:reload\[64]
Removing Lhs of wire tmpOE__count_out_net_0[179] = tmpOE__ref_net_0[1]
Removing Rhs of wire Net_520[180] = \mux:tmp__mux_reg\[1343]
Removing Lhs of wire \PWM:PWMUDB:ctrl_enable\[199] = \PWM:PWMUDB:control_7\[191]
Removing Lhs of wire \PWM:PWMUDB:hwCapture\[209] = zero[2]
Removing Lhs of wire \PWM:PWMUDB:hwEnable\[210] = \PWM:PWMUDB:control_7\[191]
Removing Lhs of wire \PWM:PWMUDB:trig_out\[214] = tmpOE__ref_net_0[1]
Removing Lhs of wire \PWM:PWMUDB:runmode_enable\\R\[216] = zero[2]
Removing Lhs of wire \PWM:PWMUDB:runmode_enable\\S\[217] = zero[2]
Removing Lhs of wire \PWM:PWMUDB:final_enable\[218] = \PWM:PWMUDB:runmode_enable\[215]
Removing Lhs of wire \PWM:PWMUDB:ltch_kill_reg\\R\[222] = zero[2]
Removing Lhs of wire \PWM:PWMUDB:ltch_kill_reg\\S\[223] = zero[2]
Removing Lhs of wire \PWM:PWMUDB:min_kill_reg\\R\[224] = zero[2]
Removing Lhs of wire \PWM:PWMUDB:min_kill_reg\\S\[225] = zero[2]
Removing Lhs of wire \PWM:PWMUDB:final_kill\[228] = tmpOE__ref_net_0[1]
Removing Lhs of wire \PWM:PWMUDB:add_vi_vv_MODGEN_1_1\[232] = \PWM:PWMUDB:MODULE_1:g2:a0:s_1\[520]
Removing Lhs of wire \PWM:PWMUDB:add_vi_vv_MODGEN_1_0\[234] = \PWM:PWMUDB:MODULE_1:g2:a0:s_0\[521]
Removing Lhs of wire \PWM:PWMUDB:dith_count_1\\R\[235] = zero[2]
Removing Lhs of wire \PWM:PWMUDB:dith_count_1\\S\[236] = zero[2]
Removing Lhs of wire \PWM:PWMUDB:dith_count_0\\R\[237] = zero[2]
Removing Lhs of wire \PWM:PWMUDB:dith_count_0\\S\[238] = zero[2]
Removing Lhs of wire \PWM:PWMUDB:reset\[241] = zero[2]
Removing Lhs of wire \PWM:PWMUDB:status_6\[242] = zero[2]
Removing Rhs of wire \PWM:PWMUDB:status_5\[243] = \PWM:PWMUDB:final_kill_reg\[257]
Removing Lhs of wire \PWM:PWMUDB:status_4\[244] = zero[2]
Removing Rhs of wire \PWM:PWMUDB:status_3\[245] = \PWM:PWMUDB:fifo_full\[264]
Removing Rhs of wire \PWM:PWMUDB:status_1\[247] = \PWM:PWMUDB:cmp2_status_reg\[256]
Removing Rhs of wire \PWM:PWMUDB:status_0\[248] = \PWM:PWMUDB:cmp1_status_reg\[255]
Removing Lhs of wire \PWM:PWMUDB:cmp2_status\[253] = zero[2]
Removing Lhs of wire \PWM:PWMUDB:cmp2\[254] = zero[2]
Removing Lhs of wire \PWM:PWMUDB:cmp1_status_reg\\R\[258] = zero[2]
Removing Lhs of wire \PWM:PWMUDB:cmp1_status_reg\\S\[259] = zero[2]
Removing Lhs of wire \PWM:PWMUDB:cmp2_status_reg\\R\[260] = zero[2]
Removing Lhs of wire \PWM:PWMUDB:cmp2_status_reg\\S\[261] = zero[2]
Removing Lhs of wire \PWM:PWMUDB:final_kill_reg\\R\[262] = zero[2]
Removing Lhs of wire \PWM:PWMUDB:final_kill_reg\\S\[263] = zero[2]
Removing Lhs of wire \PWM:PWMUDB:cs_addr_2\[265] = \PWM:PWMUDB:tc_i\[220]
Removing Lhs of wire \PWM:PWMUDB:cs_addr_1\[266] = \PWM:PWMUDB:runmode_enable\[215]
Removing Lhs of wire \PWM:PWMUDB:cs_addr_0\[267] = zero[2]
Removing Lhs of wire \PWM:PWMUDB:compare1\[348] = \PWM:PWMUDB:cmp1_less\[319]
Removing Lhs of wire \PWM:PWMUDB:pwm1_i\[353] = zero[2]
Removing Lhs of wire \PWM:PWMUDB:pwm2_i\[355] = zero[2]
Removing Lhs of wire \PWM:PWMUDB:pwm_temp\[361] = \PWM:PWMUDB:cmp1\[251]
Removing Lhs of wire \PWM:PWMUDB:MODULE_1:g2:a0:a_23\[402] = zero[2]
Removing Lhs of wire \PWM:PWMUDB:MODULE_1:g2:a0:a_22\[403] = zero[2]
Removing Lhs of wire \PWM:PWMUDB:MODULE_1:g2:a0:a_21\[404] = zero[2]
Removing Lhs of wire \PWM:PWMUDB:MODULE_1:g2:a0:a_20\[405] = zero[2]
Removing Lhs of wire \PWM:PWMUDB:MODULE_1:g2:a0:a_19\[406] = zero[2]
Removing Lhs of wire \PWM:PWMUDB:MODULE_1:g2:a0:a_18\[407] = zero[2]
Removing Lhs of wire \PWM:PWMUDB:MODULE_1:g2:a0:a_17\[408] = zero[2]
Removing Lhs of wire \PWM:PWMUDB:MODULE_1:g2:a0:a_16\[409] = zero[2]
Removing Lhs of wire \PWM:PWMUDB:MODULE_1:g2:a0:a_15\[410] = zero[2]
Removing Lhs of wire \PWM:PWMUDB:MODULE_1:g2:a0:a_14\[411] = zero[2]
Removing Lhs of wire \PWM:PWMUDB:MODULE_1:g2:a0:a_13\[412] = zero[2]
Removing Lhs of wire \PWM:PWMUDB:MODULE_1:g2:a0:a_12\[413] = zero[2]
Removing Lhs of wire \PWM:PWMUDB:MODULE_1:g2:a0:a_11\[414] = zero[2]
Removing Lhs of wire \PWM:PWMUDB:MODULE_1:g2:a0:a_10\[415] = zero[2]
Removing Lhs of wire \PWM:PWMUDB:MODULE_1:g2:a0:a_9\[416] = zero[2]
Removing Lhs of wire \PWM:PWMUDB:MODULE_1:g2:a0:a_8\[417] = zero[2]
Removing Lhs of wire \PWM:PWMUDB:MODULE_1:g2:a0:a_7\[418] = zero[2]
Removing Lhs of wire \PWM:PWMUDB:MODULE_1:g2:a0:a_6\[419] = zero[2]
Removing Lhs of wire \PWM:PWMUDB:MODULE_1:g2:a0:a_5\[420] = zero[2]
Removing Lhs of wire \PWM:PWMUDB:MODULE_1:g2:a0:a_4\[421] = zero[2]
Removing Lhs of wire \PWM:PWMUDB:MODULE_1:g2:a0:a_3\[422] = zero[2]
Removing Lhs of wire \PWM:PWMUDB:MODULE_1:g2:a0:a_2\[423] = zero[2]
Removing Lhs of wire \PWM:PWMUDB:MODULE_1:g2:a0:a_1\[424] = \PWM:PWMUDB:MODIN1_1\[425]
Removing Lhs of wire \PWM:PWMUDB:MODIN1_1\[425] = \PWM:PWMUDB:dith_count_1\[231]
Removing Lhs of wire \PWM:PWMUDB:MODULE_1:g2:a0:a_0\[426] = \PWM:PWMUDB:MODIN1_0\[427]
Removing Lhs of wire \PWM:PWMUDB:MODIN1_0\[427] = \PWM:PWMUDB:dith_count_0\[233]
Removing Lhs of wire \PWM:PWMUDB:MODULE_1:g2:a0:g1:z1:s0:g1:u0:c_0\[559] = tmpOE__ref_net_0[1]
Removing Lhs of wire \PWM:PWMUDB:MODULE_1:g2:a0:g1:z1:s0:g1:u0:b_0\[560] = tmpOE__ref_net_0[1]
Removing Lhs of wire tmpOE__Tx_1_net_0[569] = tmpOE__ref_net_0[1]
Removing Lhs of wire Net_358[575] = zero[2]
Removing Lhs of wire \UART:Net_61\[578] = \UART:Net_9\[577]
Removing Lhs of wire \UART:BUART:tx_hd_send_break\[582] = zero[2]
Removing Lhs of wire \UART:BUART:HalfDuplexSend\[583] = zero[2]
Removing Lhs of wire \UART:BUART:FinalParityType_1\[584] = zero[2]
Removing Lhs of wire \UART:BUART:FinalParityType_0\[585] = zero[2]
Removing Lhs of wire \UART:BUART:FinalAddrMode_2\[586] = zero[2]
Removing Lhs of wire \UART:BUART:FinalAddrMode_1\[587] = zero[2]
Removing Lhs of wire \UART:BUART:FinalAddrMode_0\[588] = zero[2]
Removing Lhs of wire \UART:BUART:tx_ctrl_mark\[589] = zero[2]
Removing Rhs of wire \UART:BUART:tx_bitclk_enable_pre\[600] = \UART:BUART:tx_bitclk_dp\[636]
Removing Lhs of wire \UART:BUART:tx_counter_tc\[646] = \UART:BUART:tx_counter_dp\[637]
Removing Lhs of wire \UART:BUART:tx_status_6\[647] = zero[2]
Removing Lhs of wire \UART:BUART:tx_status_5\[648] = zero[2]
Removing Lhs of wire \UART:BUART:tx_status_4\[649] = zero[2]
Removing Lhs of wire \UART:BUART:tx_status_1\[651] = \UART:BUART:tx_fifo_empty\[614]
Removing Lhs of wire \UART:BUART:tx_status_3\[653] = \UART:BUART:tx_fifo_notfull\[613]
Removing Lhs of wire \UART:BUART:rx_count7_bit8_wire\[713] = zero[2]
Removing Lhs of wire \UART:BUART:sRX:s23Poll:add_vv_vv_MODGEN_2_1\[721] = \UART:BUART:sRX:s23Poll:MODULE_2:g2:a0:s_1\[732]
Removing Lhs of wire \UART:BUART:sRX:s23Poll:add_vv_vv_MODGEN_2_0\[723] = \UART:BUART:sRX:s23Poll:MODULE_2:g2:a0:s_0\[733]
Removing Lhs of wire \UART:BUART:sRX:s23Poll:cmp_vv_vv_MODGEN_3\[724] = \UART:BUART:sRX:s23Poll:MODULE_3:g2:a0:lta_0\[749]
Removing Lhs of wire \UART:BUART:sRX:s23Poll:cmp_vv_vv_MODGEN_4\[725] = \UART:BUART:sRX:s23Poll:MODULE_4:g2:a0:lta_0\[763]
Removing Lhs of wire \UART:BUART:sRX:s23Poll:MODULE_2:g2:a0:a_1\[726] = \UART:BUART:sRX:s23Poll:MODIN2_1\[727]
Removing Lhs of wire \UART:BUART:sRX:s23Poll:MODIN2_1\[727] = \UART:BUART:pollcount_1\[719]
Removing Lhs of wire \UART:BUART:sRX:s23Poll:MODULE_2:g2:a0:a_0\[728] = \UART:BUART:sRX:s23Poll:MODIN2_0\[729]
Removing Lhs of wire \UART:BUART:sRX:s23Poll:MODIN2_0\[729] = \UART:BUART:pollcount_0\[722]
Removing Lhs of wire \UART:BUART:sRX:s23Poll:MODULE_2:g2:a0:g1:z1:s0:g1:u0:c_0\[735] = tmpOE__ref_net_0[1]
Removing Lhs of wire \UART:BUART:sRX:s23Poll:MODULE_2:g2:a0:g1:z1:s0:g1:u0:b_0\[736] = tmpOE__ref_net_0[1]
Removing Lhs of wire \UART:BUART:sRX:s23Poll:MODULE_3:g2:a0:newa_1\[737] = \UART:BUART:pollcount_1\[719]
Removing Lhs of wire \UART:BUART:sRX:s23Poll:MODIN3_1\[738] = \UART:BUART:pollcount_1\[719]
Removing Lhs of wire \UART:BUART:sRX:s23Poll:MODULE_3:g2:a0:newa_0\[739] = \UART:BUART:pollcount_0\[722]
Removing Lhs of wire \UART:BUART:sRX:s23Poll:MODIN3_0\[740] = \UART:BUART:pollcount_0\[722]
Removing Lhs of wire \UART:BUART:sRX:s23Poll:MODULE_3:g2:a0:newb_1\[741] = zero[2]
Removing Lhs of wire \UART:BUART:sRX:s23Poll:MODULE_3:g2:a0:newb_0\[742] = tmpOE__ref_net_0[1]
Removing Lhs of wire \UART:BUART:sRX:s23Poll:MODULE_3:g2:a0:dataa_1\[743] = \UART:BUART:pollcount_1\[719]
Removing Lhs of wire \UART:BUART:sRX:s23Poll:MODULE_3:g2:a0:dataa_0\[744] = \UART:BUART:pollcount_0\[722]
Removing Lhs of wire \UART:BUART:sRX:s23Poll:MODULE_3:g2:a0:datab_1\[745] = zero[2]
Removing Lhs of wire \UART:BUART:sRX:s23Poll:MODULE_3:g2:a0:datab_0\[746] = tmpOE__ref_net_0[1]
Removing Lhs of wire \UART:BUART:sRX:s23Poll:MODULE_4:g2:a0:newa_1\[751] = \UART:BUART:pollcount_1\[719]
Removing Lhs of wire \UART:BUART:sRX:s23Poll:MODIN4_1\[752] = \UART:BUART:pollcount_1\[719]
Removing Lhs of wire \UART:BUART:sRX:s23Poll:MODULE_4:g2:a0:newa_0\[753] = \UART:BUART:pollcount_0\[722]
Removing Lhs of wire \UART:BUART:sRX:s23Poll:MODIN4_0\[754] = \UART:BUART:pollcount_0\[722]
Removing Lhs of wire \UART:BUART:sRX:s23Poll:MODULE_4:g2:a0:newb_1\[755] = tmpOE__ref_net_0[1]
Removing Lhs of wire \UART:BUART:sRX:s23Poll:MODULE_4:g2:a0:newb_0\[756] = zero[2]
Removing Lhs of wire \UART:BUART:sRX:s23Poll:MODULE_4:g2:a0:dataa_1\[757] = \UART:BUART:pollcount_1\[719]
Removing Lhs of wire \UART:BUART:sRX:s23Poll:MODULE_4:g2:a0:dataa_0\[758] = \UART:BUART:pollcount_0\[722]
Removing Lhs of wire \UART:BUART:sRX:s23Poll:MODULE_4:g2:a0:datab_1\[759] = tmpOE__ref_net_0[1]
Removing Lhs of wire \UART:BUART:sRX:s23Poll:MODULE_4:g2:a0:datab_0\[760] = zero[2]
Removing Lhs of wire \UART:BUART:rx_status_1\[767] = zero[2]
Removing Rhs of wire \UART:BUART:rx_status_2\[768] = \UART:BUART:rx_parity_error_status\[769]
Removing Rhs of wire \UART:BUART:rx_status_3\[770] = \UART:BUART:rx_stop_bit_error\[771]
Removing Lhs of wire \UART:BUART:sRX:cmp_vv_vv_MODGEN_5\[781] = \UART:BUART:sRX:MODULE_5:g2:a0:lta_0\[830]
Removing Lhs of wire \UART:BUART:sRX:cmp_vv_vv_MODGEN_6\[785] = \UART:BUART:sRX:MODULE_6:g1:a0:xneq\[852]
Removing Lhs of wire \UART:BUART:sRX:MODULE_5:g2:a0:newa_6\[786] = zero[2]
Removing Lhs of wire \UART:BUART:sRX:MODULE_5:g2:a0:newa_5\[787] = zero[2]
Removing Lhs of wire \UART:BUART:sRX:MODULE_5:g2:a0:newa_4\[788] = zero[2]
Removing Lhs of wire \UART:BUART:sRX:MODULE_5:g2:a0:newa_3\[789] = \UART:BUART:sRX:MODIN5_6\[790]
Removing Lhs of wire \UART:BUART:sRX:MODIN5_6\[790] = \UART:BUART:rx_count_6\[708]
Removing Lhs of wire \UART:BUART:sRX:MODULE_5:g2:a0:newa_2\[791] = \UART:BUART:sRX:MODIN5_5\[792]
Removing Lhs of wire \UART:BUART:sRX:MODIN5_5\[792] = \UART:BUART:rx_count_5\[709]
Removing Lhs of wire \UART:BUART:sRX:MODULE_5:g2:a0:newa_1\[793] = \UART:BUART:sRX:MODIN5_4\[794]
Removing Lhs of wire \UART:BUART:sRX:MODIN5_4\[794] = \UART:BUART:rx_count_4\[710]
Removing Lhs of wire \UART:BUART:sRX:MODULE_5:g2:a0:newa_0\[795] = \UART:BUART:sRX:MODIN5_3\[796]
Removing Lhs of wire \UART:BUART:sRX:MODIN5_3\[796] = \UART:BUART:rx_count_3\[711]
Removing Lhs of wire \UART:BUART:sRX:MODULE_5:g2:a0:newb_6\[797] = zero[2]
Removing Lhs of wire \UART:BUART:sRX:MODULE_5:g2:a0:newb_5\[798] = zero[2]
Removing Lhs of wire \UART:BUART:sRX:MODULE_5:g2:a0:newb_4\[799] = zero[2]
Removing Lhs of wire \UART:BUART:sRX:MODULE_5:g2:a0:newb_3\[800] = zero[2]
Removing Lhs of wire \UART:BUART:sRX:MODULE_5:g2:a0:newb_2\[801] = tmpOE__ref_net_0[1]
Removing Lhs of wire \UART:BUART:sRX:MODULE_5:g2:a0:newb_1\[802] = tmpOE__ref_net_0[1]
Removing Lhs of wire \UART:BUART:sRX:MODULE_5:g2:a0:newb_0\[803] = zero[2]
Removing Lhs of wire \UART:BUART:sRX:MODULE_5:g2:a0:dataa_6\[804] = zero[2]
Removing Lhs of wire \UART:BUART:sRX:MODULE_5:g2:a0:dataa_5\[805] = zero[2]
Removing Lhs of wire \UART:BUART:sRX:MODULE_5:g2:a0:dataa_4\[806] = zero[2]
Removing Lhs of wire \UART:BUART:sRX:MODULE_5:g2:a0:dataa_3\[807] = \UART:BUART:rx_count_6\[708]
Removing Lhs of wire \UART:BUART:sRX:MODULE_5:g2:a0:dataa_2\[808] = \UART:BUART:rx_count_5\[709]
Removing Lhs of wire \UART:BUART:sRX:MODULE_5:g2:a0:dataa_1\[809] = \UART:BUART:rx_count_4\[710]
Removing Lhs of wire \UART:BUART:sRX:MODULE_5:g2:a0:dataa_0\[810] = \UART:BUART:rx_count_3\[711]
Removing Lhs of wire \UART:BUART:sRX:MODULE_5:g2:a0:datab_6\[811] = zero[2]
Removing Lhs of wire \UART:BUART:sRX:MODULE_5:g2:a0:datab_5\[812] = zero[2]
Removing Lhs of wire \UART:BUART:sRX:MODULE_5:g2:a0:datab_4\[813] = zero[2]
Removing Lhs of wire \UART:BUART:sRX:MODULE_5:g2:a0:datab_3\[814] = zero[2]
Removing Lhs of wire \UART:BUART:sRX:MODULE_5:g2:a0:datab_2\[815] = tmpOE__ref_net_0[1]
Removing Lhs of wire \UART:BUART:sRX:MODULE_5:g2:a0:datab_1\[816] = tmpOE__ref_net_0[1]
Removing Lhs of wire \UART:BUART:sRX:MODULE_5:g2:a0:datab_0\[817] = zero[2]
Removing Lhs of wire \UART:BUART:sRX:MODULE_6:g1:a0:newa_0\[832] = \UART:BUART:rx_postpoll\[667]
Removing Lhs of wire \UART:BUART:sRX:MODULE_6:g1:a0:newb_0\[833] = \UART:BUART:rx_parity_bit\[784]
Removing Lhs of wire \UART:BUART:sRX:MODULE_6:g1:a0:dataa_0\[834] = \UART:BUART:rx_postpoll\[667]
Removing Lhs of wire \UART:BUART:sRX:MODULE_6:g1:a0:datab_0\[835] = \UART:BUART:rx_parity_bit\[784]
Removing Lhs of wire \UART:BUART:sRX:MODULE_6:g1:a0:gx:u0:a_0\[836] = \UART:BUART:rx_postpoll\[667]
Removing Lhs of wire \UART:BUART:sRX:MODULE_6:g1:a0:gx:u0:b_0\[837] = \UART:BUART:rx_parity_bit\[784]
Removing Lhs of wire \UART:BUART:sRX:MODULE_6:g1:a0:gx:u0:aeqb_0\[839] = tmpOE__ref_net_0[1]
Removing Lhs of wire \UART:BUART:sRX:MODULE_6:g1:a0:gx:u0:eq_0\[840] = \UART:BUART:sRX:MODULE_6:g1:a0:gx:u0:xnor_array_0\[838]
Removing Lhs of wire \UART:BUART:sRX:MODULE_6:g1:a0:gx:u0:eqi_0\[841] = \UART:BUART:sRX:MODULE_6:g1:a0:gx:u0:xnor_array_0\[838]
Removing Lhs of wire tmpOE__Rx_1_net_0[863] = tmpOE__ref_net_0[1]
Removing Lhs of wire \freqcounter:Net_89\[873] = tmpOE__ref_net_0[1]
Removing Lhs of wire \freqcounter:CounterUDB:ctrl_capmode_1\[882] = zero[2]
Removing Lhs of wire \freqcounter:CounterUDB:ctrl_capmode_0\[883] = zero[2]
Removing Lhs of wire \freqcounter:CounterUDB:capt_rising\[894] = zero[2]
Removing Lhs of wire \freqcounter:CounterUDB:capt_falling\[895] = \freqcounter:CounterUDB:prevCapture\[893]
Removing Lhs of wire \freqcounter:CounterUDB:final_enable\[900] = Net_546[68]
Removing Lhs of wire \freqcounter:CounterUDB:counter_enable\[901] = Net_546[68]
Removing Rhs of wire \freqcounter:CounterUDB:status_0\[902] = \freqcounter:CounterUDB:cmp_out_status\[903]
Removing Rhs of wire \freqcounter:CounterUDB:status_1\[904] = \freqcounter:CounterUDB:per_zero\[905]
Removing Rhs of wire \freqcounter:CounterUDB:status_2\[906] = \freqcounter:CounterUDB:overflow_status\[907]
Removing Rhs of wire \freqcounter:CounterUDB:status_3\[908] = \freqcounter:CounterUDB:underflow_status\[909]
Removing Lhs of wire \freqcounter:CounterUDB:status_4\[910] = \freqcounter:CounterUDB:hwCapture\[897]
Removing Rhs of wire \freqcounter:CounterUDB:status_5\[911] = \freqcounter:CounterUDB:fifo_full\[912]
Removing Rhs of wire \freqcounter:CounterUDB:status_6\[913] = \freqcounter:CounterUDB:fifo_nempty\[914]
Removing Lhs of wire \freqcounter:CounterUDB:reset\[916] = zero[2]
Removing Lhs of wire \freqcounter:CounterUDB:dp_dir\[918] = tmpOE__ref_net_0[1]
Removing Lhs of wire \freqcounter:CounterUDB:tc_i\[923] = \freqcounter:CounterUDB:reload_tc\[899]
Removing Rhs of wire \freqcounter:CounterUDB:cmp_out_i\[925] = \freqcounter:CounterUDB:cmp_equal\[926]
Removing Lhs of wire \freqcounter:CounterUDB:cs_addr_2\[932] = tmpOE__ref_net_0[1]
Removing Lhs of wire \freqcounter:CounterUDB:cs_addr_1\[933] = \freqcounter:CounterUDB:count_enable\[931]
Removing Lhs of wire \freqcounter:CounterUDB:cs_addr_0\[934] = \freqcounter:CounterUDB:reload\[898]
Removing Lhs of wire \Timer:TimerUDB:ctrl_enable\[1128] = \Timer:TimerUDB:control_7\[1120]
Removing Lhs of wire \Timer:TimerUDB:ctrl_cmode_1\[1130] = zero[2]
Removing Lhs of wire \Timer:TimerUDB:ctrl_cmode_0\[1131] = tmpOE__ref_net_0[1]
Removing Rhs of wire \Timer:TimerUDB:timer_enable\[1139] = \Timer:TimerUDB:runmode_enable\[1151]
Removing Rhs of wire \Timer:TimerUDB:run_mode\[1140] = \Timer:TimerUDB:hwEnable\[1141]
Removing Lhs of wire \Timer:TimerUDB:trigger_enable\[1143] = tmpOE__ref_net_0[1]
Removing Lhs of wire \Timer:TimerUDB:tc_i\[1145] = \Timer:TimerUDB:status_tc\[1142]
Removing Rhs of wire Net_565[1149] = \Timer:TimerUDB:capture_out_reg_i\[1148]
Removing Lhs of wire \Timer:TimerUDB:capt_fifo_load_int\[1150] = \Timer:TimerUDB:capt_fifo_load\[1138]
Removing Lhs of wire \Timer:TimerUDB:status_6\[1153] = zero[2]
Removing Lhs of wire \Timer:TimerUDB:status_5\[1154] = zero[2]
Removing Lhs of wire \Timer:TimerUDB:status_4\[1155] = zero[2]
Removing Lhs of wire \Timer:TimerUDB:status_0\[1156] = \Timer:TimerUDB:status_tc\[1142]
Removing Lhs of wire \Timer:TimerUDB:status_1\[1157] = \Timer:TimerUDB:capt_fifo_load\[1138]
Removing Rhs of wire \Timer:TimerUDB:status_2\[1158] = \Timer:TimerUDB:fifo_full\[1159]
Removing Rhs of wire \Timer:TimerUDB:status_3\[1160] = \Timer:TimerUDB:fifo_nempty\[1161]
Removing Lhs of wire Net_559[1163] = zero[2]
Removing Lhs of wire \Timer:TimerUDB:cs_addr_2\[1164] = zero[2]
Removing Lhs of wire \Timer:TimerUDB:cs_addr_1\[1165] = \Timer:TimerUDB:trig_reg\[1152]
Removing Lhs of wire \Timer:TimerUDB:cs_addr_0\[1166] = \Timer:TimerUDB:per_zero\[1144]
Removing Rhs of wire Net_519[1344] = \muxSel:control_out_0\[1347]
Removing Rhs of wire Net_519[1344] = \muxSel:control_0\[1370]
Removing Lhs of wire \muxSel:clk\[1345] = zero[2]
Removing Lhs of wire \muxSel:rst\[1346] = zero[2]
Removing Lhs of wire \Counter:CounterUDB:prevCapture\\D\[1372] = zero[2]
Removing Lhs of wire \Counter:CounterUDB:overflow_reg_i\\D\[1373] = \Counter:CounterUDB:overflow\[84]
Removing Lhs of wire \Counter:CounterUDB:underflow_reg_i\\D\[1374] = \Counter:CounterUDB:underflow\[87]
Removing Lhs of wire \Counter:CounterUDB:tc_reg_i\\D\[1375] = \Counter:CounterUDB:reload_tc\[66]
Removing Lhs of wire \Counter:CounterUDB:prevCompare\\D\[1376] = \Counter:CounterUDB:cmp_out_i\[92]
Removing Lhs of wire \Counter:CounterUDB:cmp_out_reg_i\\D\[1377] = \Counter:CounterUDB:cmp_out_i\[92]
Removing Lhs of wire \Counter:CounterUDB:count_stored_i\\D\[1378] = Net_512[19]
Removing Lhs of wire \PWM:PWMUDB:min_kill_reg\\D\[1379] = tmpOE__ref_net_0[1]
Removing Lhs of wire \PWM:PWMUDB:prevCapture\\D\[1380] = zero[2]
Removing Lhs of wire \PWM:PWMUDB:trig_last\\D\[1381] = zero[2]
Removing Lhs of wire \PWM:PWMUDB:ltch_kill_reg\\D\[1384] = tmpOE__ref_net_0[1]
Removing Lhs of wire \PWM:PWMUDB:prevCompare1\\D\[1387] = \PWM:PWMUDB:cmp1\[251]
Removing Lhs of wire \PWM:PWMUDB:cmp1_status_reg\\D\[1388] = \PWM:PWMUDB:cmp1_status\[252]
Removing Lhs of wire \PWM:PWMUDB:cmp2_status_reg\\D\[1389] = zero[2]
Removing Lhs of wire \PWM:PWMUDB:pwm_i_reg\\D\[1391] = \PWM:PWMUDB:pwm_i\[351]
Removing Lhs of wire \PWM:PWMUDB:pwm1_i_reg\\D\[1392] = zero[2]
Removing Lhs of wire \PWM:PWMUDB:pwm2_i_reg\\D\[1393] = zero[2]
Removing Lhs of wire \PWM:PWMUDB:tc_i_reg\\D\[1394] = \PWM:PWMUDB:status_2\[246]
Removing Lhs of wire \UART:BUART:reset_reg\\D\[1395] = zero[2]
Removing Lhs of wire \UART:BUART:rx_bitclk\\D\[1410] = \UART:BUART:rx_bitclk_pre\[702]
Removing Lhs of wire \UART:BUART:rx_parity_error_pre\\D\[1419] = \UART:BUART:rx_parity_error_pre\[779]
Removing Lhs of wire \UART:BUART:rx_break_status\\D\[1420] = zero[2]
Removing Lhs of wire \freqcounter:CounterUDB:prevCapture\\D\[1424] = zero[2]
Removing Lhs of wire \freqcounter:CounterUDB:overflow_reg_i\\D\[1425] = \freqcounter:CounterUDB:overflow\[917]
Removing Lhs of wire \freqcounter:CounterUDB:underflow_reg_i\\D\[1426] = \freqcounter:CounterUDB:underflow\[920]
Removing Lhs of wire \freqcounter:CounterUDB:tc_reg_i\\D\[1427] = \freqcounter:CounterUDB:reload_tc\[899]
Removing Lhs of wire \freqcounter:CounterUDB:prevCompare\\D\[1428] = \freqcounter:CounterUDB:cmp_out_i\[925]
Removing Lhs of wire \freqcounter:CounterUDB:cmp_out_reg_i\\D\[1429] = \freqcounter:CounterUDB:cmp_out_i\[925]
Removing Lhs of wire \freqcounter:CounterUDB:count_stored_i\\D\[1430] = Net_520[180]
Removing Lhs of wire cydff_1D[1431] = Net_557[29]
Removing Lhs of wire \Timer:TimerUDB:capture_last\\D\[1432] = Net_520[180]
Removing Lhs of wire \Timer:TimerUDB:tc_reg_i\\D\[1433] = \Timer:TimerUDB:status_tc\[1142]
Removing Lhs of wire \Timer:TimerUDB:hwEnable_reg\\D\[1434] = \Timer:TimerUDB:run_mode\[1140]
Removing Lhs of wire \Timer:TimerUDB:capture_out_reg_i\\D\[1435] = \Timer:TimerUDB:capt_fifo_load\[1138]

------------------------------------------------------
Aliased 0 equations, 271 wires.
------------------------------------------------------

----------------------------------------------------------
Circuit simplification
----------------------------------------------------------

Substituting virtuals - pass 1:

Note:  Expanding virtual equation for 'tmpOE__ref_net_0' (cost = 0):
tmpOE__ref_net_0 <=  ('1') ;

Note:  Expanding virtual equation for 'zero' (cost = 0):
zero <=  ('0') ;

Note:  Expanding virtual equation for '\Counter:CounterUDB:capt_either_edge\' (cost = 0):
\Counter:CounterUDB:capt_either_edge\ <= (\Counter:CounterUDB:prevCapture\);

Note:  Expanding virtual equation for '\Counter:CounterUDB:hwCapture\' (cost = 0):
\Counter:CounterUDB:hwCapture\ <=  ('0') ;

Note:  Expanding virtual equation for '\Counter:CounterUDB:overflow\' (cost = 0):
\Counter:CounterUDB:overflow\ <= (\Counter:CounterUDB:per_equal\);

Note:  Expanding virtual equation for '\Counter:CounterUDB:underflow\' (cost = 0):
\Counter:CounterUDB:underflow\ <=  ('0') ;

Note:  Expanding virtual equation for 'Net_546' (cost = 0):
Net_546 <= (not Net_557);

Note:  Expanding virtual equation for '\Counter:CounterUDB:cmp_out_i\' (cost = 1):
\Counter:CounterUDB:cmp_out_i\ <= ((not \Counter:CounterUDB:cmp_less\ and not \Counter:CounterUDB:cmp_equal\));

Note:  Expanding virtual equation for 'Net_520' (cost = 4):
Net_520 <= ((not Net_519 and Net_512)
	OR (Net_505 and Net_519));

Note:  Expanding virtual equation for '\PWM:PWMUDB:cmp1\' (cost = 0):
\PWM:PWMUDB:cmp1\ <= (\PWM:PWMUDB:cmp1_less\);

Note:  Expanding virtual equation for '\PWM:PWMUDB:MODULE_1:g2:a0:g1:z1:s0:g1:u0:c_1\' (cost = 0):
\PWM:PWMUDB:MODULE_1:g2:a0:g1:z1:s0:g1:u0:c_1\ <= (\PWM:PWMUDB:dith_count_0\);

Note:  Expanding virtual equation for '\PWM:PWMUDB:MODULE_1:g2:a0:s_0\' (cost = 0):
\PWM:PWMUDB:MODULE_1:g2:a0:s_0\ <= (not \PWM:PWMUDB:dith_count_0\);

Note:  Expanding virtual equation for '\PWM:PWMUDB:MODULE_1:g2:a0:g1:z1:s0:g1:u0:c_17\' (cost = 0):
\PWM:PWMUDB:MODULE_1:g2:a0:g1:z1:s0:g1:u0:c_17\ <=  ('0') ;

Note:  Expanding virtual equation for '\PWM:PWMUDB:MODULE_1:g2:a0:g1:z1:s0:g1:u0:c_9\' (cost = 0):
\PWM:PWMUDB:MODULE_1:g2:a0:g1:z1:s0:g1:u0:c_9\ <=  ('0') ;

Note:  Expanding virtual equation for '\PWM:PWMUDB:MODULE_1:g2:a0:g1:z1:s0:g1:u0:c_2\' (cost = 0):
\PWM:PWMUDB:MODULE_1:g2:a0:g1:z1:s0:g1:u0:c_2\ <= ((\PWM:PWMUDB:dith_count_1\ and \PWM:PWMUDB:dith_count_0\));

Note:  Expanding virtual equation for '\UART:BUART:rx_addressmatch\' (cost = 0):
\UART:BUART:rx_addressmatch\ <= (\UART:BUART:rx_addressmatch2\
	OR \UART:BUART:rx_addressmatch1\);

Note:  Expanding virtual equation for '\UART:BUART:rx_bitclk_pre\' (cost = 1):
\UART:BUART:rx_bitclk_pre\ <= ((not \UART:BUART:rx_count_2\ and not \UART:BUART:rx_count_1\ and not \UART:BUART:rx_count_0\));

Note:  Expanding virtual equation for '\UART:BUART:rx_bitclk_pre16x\' (cost = 0):
\UART:BUART:rx_bitclk_pre16x\ <= ((not \UART:BUART:rx_count_2\ and \UART:BUART:rx_count_1\ and \UART:BUART:rx_count_0\));

Note:  Expanding virtual equation for '\UART:BUART:rx_poll_bit1\' (cost = 1):
\UART:BUART:rx_poll_bit1\ <= ((not \UART:BUART:rx_count_2\ and not \UART:BUART:rx_count_1\ and \UART:BUART:rx_count_0\));

Note:  Expanding virtual equation for '\UART:BUART:rx_poll_bit2\' (cost = 1):
\UART:BUART:rx_poll_bit2\ <= ((not \UART:BUART:rx_count_2\ and not \UART:BUART:rx_count_1\ and not \UART:BUART:rx_count_0\));

Note:  Expanding virtual equation for '\UART:BUART:pollingrange\' (cost = 4):
\UART:BUART:pollingrange\ <= ((not \UART:BUART:rx_count_2\ and not \UART:BUART:rx_count_1\));

Note:  Expanding virtual equation for '\UART:BUART:sRX:s23Poll:MODULE_2:g2:a0:g1:z1:s0:g1:u0:c_1\' (cost = 0):
\UART:BUART:sRX:s23Poll:MODULE_2:g2:a0:g1:z1:s0:g1:u0:c_1\ <= (\UART:BUART:pollcount_0\);

Note:  Expanding virtual equation for '\UART:BUART:sRX:s23Poll:MODULE_2:g2:a0:s_0\' (cost = 0):
\UART:BUART:sRX:s23Poll:MODULE_2:g2:a0:s_0\ <= (not \UART:BUART:pollcount_0\);

Note:  Expanding virtual equation for '\UART:BUART:sRX:s23Poll:MODULE_3:g2:a0:lta_1\' (cost = 0):
\UART:BUART:sRX:s23Poll:MODULE_3:g2:a0:lta_1\ <=  ('0') ;

Note:  Expanding virtual equation for '\UART:BUART:sRX:s23Poll:MODULE_3:g2:a0:gta_1\' (cost = 0):
\UART:BUART:sRX:s23Poll:MODULE_3:g2:a0:gta_1\ <= (\UART:BUART:pollcount_1\);

Note:  Expanding virtual equation for '\UART:BUART:sRX:s23Poll:MODULE_4:g2:a0:lta_1\' (cost = 0):
\UART:BUART:sRX:s23Poll:MODULE_4:g2:a0:lta_1\ <= (not \UART:BUART:pollcount_1\);

Note:  Expanding virtual equation for '\UART:BUART:sRX:s23Poll:MODULE_4:g2:a0:gta_1\' (cost = 0):
\UART:BUART:sRX:s23Poll:MODULE_4:g2:a0:gta_1\ <=  ('0') ;

Note:  Expanding virtual equation for '\UART:BUART:sRX:MODULE_5:g2:a0:lta_6\' (cost = 0):
\UART:BUART:sRX:MODULE_5:g2:a0:lta_6\ <=  ('0') ;

Note:  Expanding virtual equation for '\UART:BUART:sRX:MODULE_5:g2:a0:gta_6\' (cost = 0):
\UART:BUART:sRX:MODULE_5:g2:a0:gta_6\ <=  ('0') ;

Note:  Expanding virtual equation for '\UART:BUART:sRX:MODULE_5:g2:a0:lta_5\' (cost = 0):
\UART:BUART:sRX:MODULE_5:g2:a0:lta_5\ <=  ('0') ;

Note:  Expanding virtual equation for '\UART:BUART:sRX:MODULE_5:g2:a0:gta_5\' (cost = 0):
\UART:BUART:sRX:MODULE_5:g2:a0:gta_5\ <=  ('0') ;

Note:  Expanding virtual equation for '\UART:BUART:sRX:MODULE_5:g2:a0:lta_4\' (cost = 0):
\UART:BUART:sRX:MODULE_5:g2:a0:lta_4\ <=  ('0') ;

Note:  Expanding virtual equation for '\UART:BUART:sRX:MODULE_5:g2:a0:gta_4\' (cost = 0):
\UART:BUART:sRX:MODULE_5:g2:a0:gta_4\ <=  ('0') ;

Note:  Expanding virtual equation for '\UART:BUART:sRX:MODULE_5:g2:a0:lta_3\' (cost = 0):
\UART:BUART:sRX:MODULE_5:g2:a0:lta_3\ <=  ('0') ;

Note:  Expanding virtual equation for '\UART:BUART:sRX:MODULE_5:g2:a0:gta_3\' (cost = 0):
\UART:BUART:sRX:MODULE_5:g2:a0:gta_3\ <= (\UART:BUART:rx_count_6\);

Note:  Expanding virtual equation for '\UART:BUART:sRX:MODULE_5:g2:a0:lta_2\' (cost = 1):
\UART:BUART:sRX:MODULE_5:g2:a0:lta_2\ <= ((not \UART:BUART:rx_count_6\ and not \UART:BUART:rx_count_5\));

Note:  Expanding virtual equation for '\UART:BUART:sRX:MODULE_5:g2:a0:gta_2\' (cost = 0):
\UART:BUART:sRX:MODULE_5:g2:a0:gta_2\ <= (\UART:BUART:rx_count_6\);

Note:  Expanding virtual equation for '\UART:BUART:sRX:MODULE_5:g2:a0:lta_1\' (cost = 2):
\UART:BUART:sRX:MODULE_5:g2:a0:lta_1\ <= ((not \UART:BUART:rx_count_6\ and not \UART:BUART:rx_count_4\)
	OR (not \UART:BUART:rx_count_6\ and not \UART:BUART:rx_count_5\));

Note:  Expanding virtual equation for '\UART:BUART:sRX:MODULE_5:g2:a0:gta_1\' (cost = 0):
\UART:BUART:sRX:MODULE_5:g2:a0:gta_1\ <= (\UART:BUART:rx_count_6\);

Note:  Expanding virtual equation for '\UART:BUART:sRX:MODULE_5:g2:a0:lta_0\' (cost = 8):
\UART:BUART:sRX:MODULE_5:g2:a0:lta_0\ <= ((not \UART:BUART:rx_count_6\ and not \UART:BUART:rx_count_4\)
	OR (not \UART:BUART:rx_count_6\ and not \UART:BUART:rx_count_5\));

Note:  Expanding virtual equation for '\freqcounter:CounterUDB:capt_either_edge\' (cost = 0):
\freqcounter:CounterUDB:capt_either_edge\ <= (\freqcounter:CounterUDB:prevCapture\);

Note:  Expanding virtual equation for '\freqcounter:CounterUDB:hwCapture\' (cost = 0):
\freqcounter:CounterUDB:hwCapture\ <=  ('0') ;

Note:  Expanding virtual equation for '\freqcounter:CounterUDB:overflow\' (cost = 0):
\freqcounter:CounterUDB:overflow\ <= (\freqcounter:CounterUDB:per_equal\);

Note:  Expanding virtual equation for '\freqcounter:CounterUDB:underflow\' (cost = 0):
\freqcounter:CounterUDB:underflow\ <=  ('0') ;

Note:  Expanding virtual equation for '\Timer:TimerUDB:fifo_load_polarized\' (cost = 2):
\Timer:TimerUDB:fifo_load_polarized\ <= ((not \Timer:TimerUDB:capture_last\ and not Net_519 and Net_512)
	OR (not \Timer:TimerUDB:capture_last\ and Net_505 and Net_519));

Note:  Expanding virtual equation for '\Timer:TimerUDB:run_mode\' (cost = 2):
\Timer:TimerUDB:run_mode\ <= ((not Net_557 and \Timer:TimerUDB:control_7\));


Substituting virtuals - pass 2:

Note:  Expanding virtual equation for '\Counter:CounterUDB:reload_tc\' (cost = 0):
\Counter:CounterUDB:reload_tc\ <= (\Counter:CounterUDB:per_equal\);

Note:  Expanding virtual equation for '\PWM:PWMUDB:MODULE_1:g2:a0:s_1\' (cost = 2):
\PWM:PWMUDB:MODULE_1:g2:a0:s_1\ <= ((not \PWM:PWMUDB:dith_count_0\ and \PWM:PWMUDB:dith_count_1\)
	OR (not \PWM:PWMUDB:dith_count_1\ and \PWM:PWMUDB:dith_count_0\));

Note:  Expanding virtual equation for '\PWM:PWMUDB:MODULE_1:g2:a0:g1:z1:s0:g1:u0:c_18\' (cost = 0):
\PWM:PWMUDB:MODULE_1:g2:a0:g1:z1:s0:g1:u0:c_18\ <=  ('0') ;

Note:  Expanding virtual equation for '\PWM:PWMUDB:MODULE_1:g2:a0:g1:z1:s0:g1:u0:c_10\' (cost = 0):
\PWM:PWMUDB:MODULE_1:g2:a0:g1:z1:s0:g1:u0:c_10\ <=  ('0') ;

Note:  Expanding virtual equation for '\PWM:PWMUDB:MODULE_1:g2:a0:g1:z1:s0:g1:u0:c_3\' (cost = 0):
\PWM:PWMUDB:MODULE_1:g2:a0:g1:z1:s0:g1:u0:c_3\ <=  ('0') ;

Note:  Expanding virtual equation for '\UART:BUART:sRX:s23Poll:MODULE_3:g2:a0:lta_0\' (cost = 4):
\UART:BUART:sRX:s23Poll:MODULE_3:g2:a0:lta_0\ <= ((not \UART:BUART:pollcount_1\ and not \UART:BUART:pollcount_0\));

Note:  Expanding virtual equation for '\UART:BUART:sRX:s23Poll:MODULE_4:g2:a0:lta_0\' (cost = 0):
\UART:BUART:sRX:s23Poll:MODULE_4:g2:a0:lta_0\ <= (not \UART:BUART:pollcount_1\);

Note:  Expanding virtual equation for '\UART:BUART:sRX:s23Poll:MODULE_2:g2:a0:s_1\' (cost = 2):
\UART:BUART:sRX:s23Poll:MODULE_2:g2:a0:s_1\ <= ((not \UART:BUART:pollcount_0\ and \UART:BUART:pollcount_1\)
	OR (not \UART:BUART:pollcount_1\ and \UART:BUART:pollcount_0\));

Note:  Expanding virtual equation for '\freqcounter:CounterUDB:reload_tc\' (cost = 0):
\freqcounter:CounterUDB:reload_tc\ <= (\freqcounter:CounterUDB:per_equal\);

Note:  Expanding virtual equation for '\Timer:TimerUDB:timer_enable\' (cost = 3):
\Timer:TimerUDB:timer_enable\ <= ((not Net_557 and \Timer:TimerUDB:control_7\));


Substituting virtuals - pass 3:

Note:  Expanding virtual equation for '\PWM:PWMUDB:MODULE_1:g2:a0:g1:z1:s0:g1:u0:c_19\' (cost = 0):
\PWM:PWMUDB:MODULE_1:g2:a0:g1:z1:s0:g1:u0:c_19\ <=  ('0') ;

Note:  Expanding virtual equation for '\PWM:PWMUDB:MODULE_1:g2:a0:g1:z1:s0:g1:u0:c_11\' (cost = 0):
\PWM:PWMUDB:MODULE_1:g2:a0:g1:z1:s0:g1:u0:c_11\ <=  ('0') ;

Note:  Expanding virtual equation for '\PWM:PWMUDB:MODULE_1:g2:a0:g1:z1:s0:g1:u0:c_4\' (cost = 0):
\PWM:PWMUDB:MODULE_1:g2:a0:g1:z1:s0:g1:u0:c_4\ <=  ('0') ;

Note:  Expanding virtual equation for '\UART:BUART:rx_postpoll\' (cost = 72):
\UART:BUART:rx_postpoll\ <= (\UART:BUART:pollcount_1\
	OR (Net_359 and \UART:BUART:pollcount_0\));

Note:  Expanding virtual equation for '\UART:BUART:sRX:MODULE_6:g1:a0:gx:u0:xnor_array_0\' (cost = 4):
\UART:BUART:sRX:MODULE_6:g1:a0:gx:u0:xnor_array_0\ <= ((not \UART:BUART:pollcount_1\ and not Net_359 and not \UART:BUART:rx_parity_bit\)
	OR (not \UART:BUART:pollcount_1\ and not \UART:BUART:pollcount_0\ and not \UART:BUART:rx_parity_bit\)
	OR (\UART:BUART:pollcount_1\ and \UART:BUART:rx_parity_bit\)
	OR (Net_359 and \UART:BUART:pollcount_0\ and \UART:BUART:rx_parity_bit\));

Note:  Expanding virtual equation for '\UART:BUART:sRX:MODULE_6:g1:a0:gx:u0:aeqb_1\' (cost = 4):
\UART:BUART:sRX:MODULE_6:g1:a0:gx:u0:aeqb_1\ <= ((not \UART:BUART:pollcount_1\ and not Net_359 and not \UART:BUART:rx_parity_bit\)
	OR (not \UART:BUART:pollcount_1\ and not \UART:BUART:pollcount_0\ and not \UART:BUART:rx_parity_bit\)
	OR (\UART:BUART:pollcount_1\ and \UART:BUART:rx_parity_bit\)
	OR (Net_359 and \UART:BUART:pollcount_0\ and \UART:BUART:rx_parity_bit\));


Substituting virtuals - pass 4:

Note:  Expanding virtual equation for '\PWM:PWMUDB:MODULE_1:g2:a0:g1:z1:s0:g1:u0:c_20\' (cost = 0):
\PWM:PWMUDB:MODULE_1:g2:a0:g1:z1:s0:g1:u0:c_20\ <=  ('0') ;

Note:  Expanding virtual equation for '\PWM:PWMUDB:MODULE_1:g2:a0:g1:z1:s0:g1:u0:c_12\' (cost = 0):
\PWM:PWMUDB:MODULE_1:g2:a0:g1:z1:s0:g1:u0:c_12\ <=  ('0') ;

Note:  Expanding virtual equation for '\PWM:PWMUDB:MODULE_1:g2:a0:g1:z1:s0:g1:u0:c_5\' (cost = 0):
\PWM:PWMUDB:MODULE_1:g2:a0:g1:z1:s0:g1:u0:c_5\ <=  ('0') ;


Substituting virtuals - pass 5:

Note:  Expanding virtual equation for '\PWM:PWMUDB:MODULE_1:g2:a0:g1:z1:s0:g1:u0:c_21\' (cost = 0):
\PWM:PWMUDB:MODULE_1:g2:a0:g1:z1:s0:g1:u0:c_21\ <=  ('0') ;

Note:  Expanding virtual equation for '\PWM:PWMUDB:MODULE_1:g2:a0:g1:z1:s0:g1:u0:c_13\' (cost = 0):
\PWM:PWMUDB:MODULE_1:g2:a0:g1:z1:s0:g1:u0:c_13\ <=  ('0') ;

Note:  Expanding virtual equation for '\PWM:PWMUDB:MODULE_1:g2:a0:g1:z1:s0:g1:u0:c_6\' (cost = 0):
\PWM:PWMUDB:MODULE_1:g2:a0:g1:z1:s0:g1:u0:c_6\ <=  ('0') ;


Substituting virtuals - pass 6:

Note:  Expanding virtual equation for '\PWM:PWMUDB:MODULE_1:g2:a0:g1:z1:s0:g1:u0:c_22\' (cost = 0):
\PWM:PWMUDB:MODULE_1:g2:a0:g1:z1:s0:g1:u0:c_22\ <=  ('0') ;

Note:  Expanding virtual equation for '\PWM:PWMUDB:MODULE_1:g2:a0:g1:z1:s0:g1:u0:c_14\' (cost = 0):
\PWM:PWMUDB:MODULE_1:g2:a0:g1:z1:s0:g1:u0:c_14\ <=  ('0') ;

Note:  Expanding virtual equation for '\PWM:PWMUDB:MODULE_1:g2:a0:g1:z1:s0:g1:u0:c_7\' (cost = 0):
\PWM:PWMUDB:MODULE_1:g2:a0:g1:z1:s0:g1:u0:c_7\ <=  ('0') ;


Substituting virtuals - pass 7:

Note:  Expanding virtual equation for '\PWM:PWMUDB:MODULE_1:g2:a0:g1:z1:s0:g1:u0:c_23\' (cost = 0):
\PWM:PWMUDB:MODULE_1:g2:a0:g1:z1:s0:g1:u0:c_23\ <=  ('0') ;

Note:  Expanding virtual equation for '\PWM:PWMUDB:MODULE_1:g2:a0:g1:z1:s0:g1:u0:c_15\' (cost = 0):
\PWM:PWMUDB:MODULE_1:g2:a0:g1:z1:s0:g1:u0:c_15\ <=  ('0') ;


Substituting virtuals - pass 8:


----------------------------------------------------------
Circuit simplification results:

	Expanded 73 signals.
	Turned 0 signals into soft nodes.
	Maximum default expansion cost was set at 3.
----------------------------------------------------------

------------------------------------------------------
Alias Detection
------------------------------------------------------
Aliasing \Counter:CounterUDB:hwCapture\ to zero
Aliasing \Counter:CounterUDB:status_3\ to zero
Aliasing \Counter:CounterUDB:underflow\ to zero
Aliasing \PWM:PWMUDB:final_capture\ to zero
Aliasing \PWM:PWMUDB:MODULE_1:g2:a0:g1:z1:s0:g1:u0:b_24\ to zero
Aliasing \PWM:PWMUDB:MODULE_1:g2:a0:g1:z1:s0:g1:u0:b_16\ to zero
Aliasing \PWM:PWMUDB:MODULE_1:g2:a0:g1:z1:s0:g1:u0:b_8\ to zero
Aliasing \UART:BUART:rx_status_0\ to zero
Aliasing \UART:BUART:rx_status_6\ to zero
Aliasing \freqcounter:CounterUDB:hwCapture\ to zero
Aliasing \freqcounter:CounterUDB:status_3\ to zero
Aliasing \freqcounter:CounterUDB:underflow\ to zero
Aliasing \Timer:TimerUDB:trig_reg\ to \Timer:TimerUDB:run_mode\
Aliasing \PWM:PWMUDB:final_kill_reg\\D\ to zero
Aliasing \UART:BUART:rx_markspace_status\\D\ to zero
Aliasing \UART:BUART:rx_parity_error_status\\D\ to zero
Aliasing \UART:BUART:rx_addr_match_status\\D\ to zero
Removing Lhs of wire \Counter:CounterUDB:hwCapture\[63] = zero[2]
Removing Lhs of wire \Counter:CounterUDB:status_3\[76] = zero[2]
Removing Lhs of wire \Counter:CounterUDB:underflow\[87] = zero[2]
Removing Lhs of wire \PWM:PWMUDB:final_capture\[269] = zero[2]
Removing Lhs of wire \PWM:PWMUDB:MODULE_1:g2:a0:g1:z1:s0:g1:u0:b_24\[530] = zero[2]
Removing Lhs of wire \PWM:PWMUDB:MODULE_1:g2:a0:g1:z1:s0:g1:u0:b_16\[540] = zero[2]
Removing Lhs of wire \PWM:PWMUDB:MODULE_1:g2:a0:g1:z1:s0:g1:u0:b_8\[550] = zero[2]
Removing Rhs of wire \UART:BUART:rx_bitclk_enable\[666] = \UART:BUART:rx_bitclk\[714]
Removing Lhs of wire \UART:BUART:rx_status_0\[765] = zero[2]
Removing Lhs of wire \UART:BUART:rx_status_6\[774] = zero[2]
Removing Lhs of wire \freqcounter:CounterUDB:hwCapture\[897] = zero[2]
Removing Rhs of wire \freqcounter:CounterUDB:reload\[898] = \freqcounter:CounterUDB:per_equal\[919]
Removing Lhs of wire \freqcounter:CounterUDB:status_3\[908] = zero[2]
Removing Lhs of wire \freqcounter:CounterUDB:underflow\[920] = zero[2]
Removing Lhs of wire \Timer:TimerUDB:trig_reg\[1152] = \Timer:TimerUDB:run_mode\[1140]
Removing Lhs of wire \PWM:PWMUDB:runmode_enable\\D\[1382] = \PWM:PWMUDB:control_7\[191]
Removing Lhs of wire \PWM:PWMUDB:final_kill_reg\\D\[1390] = zero[2]
Removing Lhs of wire \UART:BUART:tx_ctrl_mark_last\\D\[1402] = \UART:BUART:tx_ctrl_mark_last\[657]
Removing Lhs of wire \UART:BUART:rx_markspace_status\\D\[1414] = zero[2]
Removing Lhs of wire \UART:BUART:rx_parity_error_status\\D\[1415] = zero[2]
Removing Lhs of wire \UART:BUART:rx_addr_match_status\\D\[1417] = zero[2]
Removing Lhs of wire \UART:BUART:rx_markspace_pre\\D\[1418] = \UART:BUART:rx_markspace_pre\[778]
Removing Lhs of wire \UART:BUART:rx_parity_bit\\D\[1423] = \UART:BUART:rx_parity_bit\[784]

------------------------------------------------------
Aliased 0 equations, 23 wires.
------------------------------------------------------

----------------------------------------------------------
Circuit simplification
----------------------------------------------------------

Eliminating unused logic - pass 1:

Note:  Deleted unused equation:
\UART:BUART:sRX:MODULE_6:g1:a0:xneq\ <= ((not \UART:BUART:rx_parity_bit\ and Net_359 and \UART:BUART:pollcount_0\)
	OR (not \UART:BUART:pollcount_1\ and not \UART:BUART:pollcount_0\ and \UART:BUART:rx_parity_bit\)
	OR (not \UART:BUART:pollcount_1\ and not Net_359 and \UART:BUART:rx_parity_bit\)
	OR (not \UART:BUART:rx_parity_bit\ and \UART:BUART:pollcount_1\));


Eliminating unused logic - pass 2:


Substituting virtuals - pass 1:


----------------------------------------------------------
Circuit simplification results:

	Expanded 0 signals.
	Turned 0 signals into soft nodes.
	Maximum default expansion cost was set at 3.
----------------------------------------------------------

topld:  No errors.

CYPRESS_DIR    : C:\Program Files (x86)\Cypress\PSoC Creator\4.4\PSoC Creator\warp
Warp Program   : C:\Program Files (x86)\Cypress\PSoC Creator\4.4\PSoC Creator\warp\bin\warp.exe
Warp Arguments : -yv2 -q10 -ygs -o2 -v3 -.fftcfgtype=LE -ya -.fftprj=C:\Users\ModeLabQBI\LAB\hardware\SweepSourceTrigger\psoc5\firmware\PSOC_trigger_firmware_Trigger_Polarity_Low\Trigger.cydsn\Trigger.cyprj -dcpsoc3 Trigger.v -verilog
</CYPRESSTAG>
Warp synthesis phase: Elapsed time ==> 0s.918ms
<CYPRESSTAG name="Fitter results...">
<CYPRESSTAG name="Fitter startup details...">
cyp3fit: V4.4.0.80, Family: PSoC3, Started at: Thursday, 23 July 2026 16:22:06
Options: -yv2 -q10 -ygs -o2 -v3 -.fftcfgtype=LE -ya -.fftprj=C:\Users\ModeLabQBI\LAB\hardware\SweepSourceTrigger\psoc5\firmware\PSOC_trigger_firmware_Trigger_Polarity_Low\Trigger.cydsn\Trigger.cyprj -d CY8C5888LTI-LP097 Trigger.v -verilog
</CYPRESSTAG>
<CYPRESSTAG name="Design parsing">
Design parsing phase: Elapsed time ==> 0s.009ms
</CYPRESSTAG>
<CYPRESSTAG name="Tech Mapping">
<CYPRESSTAG name="Initial Mapping" icon="FILE_RPT_TECHM">
    Removed wire end \PWM:PWMUDB:MODULE_1:g2:a0:g1:z1:s0:g1:u0:c_24\ kept zero
    Removed wire end \PWM:PWMUDB:MODULE_1:g2:a0:g1:z1:s0:g1:u0:c_16\ kept zero
    Removed wire end \PWM:PWMUDB:MODULE_1:g2:a0:g1:z1:s0:g1:u0:c_8\ kept zero
    Converted constant MacroCell: \Counter:CounterUDB:prevCapture\ from registered to combinatorial
    Converted constant MacroCell: \Counter:CounterUDB:underflow_reg_i\ from registered to combinatorial
    Converted constant MacroCell: \PWM:PWMUDB:prevCapture\ from registered to combinatorial
    Converted constant MacroCell: \PWM:PWMUDB:trig_last\ from registered to combinatorial
    Converted constant MacroCell: \PWM:PWMUDB:status_1\ from registered to combinatorial
    Converted constant MacroCell: \PWM:PWMUDB:status_5\ from registered to combinatorial
    Converted constant MacroCell: \PWM:PWMUDB:pwm1_i_reg\ from registered to combinatorial
    Converted constant MacroCell: \PWM:PWMUDB:pwm2_i_reg\ from registered to combinatorial
    Converted constant MacroCell: \UART:BUART:reset_reg\ from registered to combinatorial
    Converted constant MacroCell: \UART:BUART:rx_markspace_status\ from registered to combinatorial
    Converted constant MacroCell: \UART:BUART:rx_status_2\ from registered to combinatorial
    Converted constant MacroCell: \UART:BUART:rx_addr_match_status\ from registered to combinatorial
    Converted constant MacroCell: \UART:BUART:rx_break_status\ from registered to combinatorial
    Converted constant MacroCell: \freqcounter:CounterUDB:prevCapture\ from registered to combinatorial
    Converted constant MacroCell: \freqcounter:CounterUDB:underflow_reg_i\ from registered to combinatorial
Assigning clock timer_clock to clock BUS_CLK because it is a pass-through
<CYPRESSTAG name="Global Clock Selection" icon="FILE_RPT_TECHM">
    Digital Clock 0: Automatic-assigning  clock 'Clock_1'. Fanout=4, Signal=Net_149
    Digital Clock 1: Automatic-assigning  clock 'Clock_2'. Fanout=1, Signal=Net_147
    Digital Clock 2: Automatic-assigning  clock 'UART_IntClock'. Fanout=1, Signal=\UART:Net_9\
</CYPRESSTAG>

Removing unused cells resulting from optimization
Done removing unused cells.
<CYPRESSTAG name="UDB Clock/Enable Remapping Results">
    UDB Clk/Enable \Counter:CounterUDB:clock_enable_block\: with output requested to be synchronous
        ClockIn: Clock_1 was determined to be a global clock that is synchronous to BUS_CLK
        EnableIn: Constant 1 was determined to be synchronous to ClockIn
        ClockOut: Clock_1, EnableOut: Constant 1
    UDB Clk/Enable \PWM:PWMUDB:clock_enable_block\: with output requested to be synchronous
        ClockIn: Clock_2 was determined to be a global clock that is synchronous to BUS_CLK
        EnableIn: Constant 1 was determined to be synchronous to ClockIn
        ClockOut: Clock_2, EnableOut: Constant 1
    UDB Clk/Enable \UART:BUART:ClkSync\: with output requested to be synchronous
        ClockIn: UART_IntClock was determined to be a global clock that is synchronous to BUS_CLK
        EnableIn: Constant 1 was determined to be synchronous to ClockIn
        ClockOut: UART_IntClock, EnableOut: Constant 1
    UDB Clk/Enable \freqcounter:CounterUDB:clock_enable_block\: with output requested to be synchronous
        ClockIn: Clock_1 was determined to be a global clock that is synchronous to BUS_CLK
        EnableIn: Constant 1 was determined to be synchronous to ClockIn
        ClockOut: Clock_1, EnableOut: Constant 1
    UDB Clk/Enable \Timer:TimerUDB:clock_enable_block\: with output requested to be synchronous
        ClockIn: BUS_CLK was determined to be a global clock that is synchronous to BUS_CLK
        EnableIn: Constant 1 was determined to be synchronous to ClockIn
        ClockOut: BUS_CLK, EnableOut: Constant 1
    UDB Clk/Enable \Timer:TimerUDB:sCTRLReg:SyncCtl:cy_psoc3_udb_Ctl_Clk_Sync\: with output requested to be synchronous
        ClockIn: BUS_CLK was determined to be a global clock that is synchronous to BUS_CLK
        EnableIn: Constant 1 was determined to be synchronous to ClockIn
        ClockOut: BUS_CLK, EnableOut: Constant 1
</CYPRESSTAG>

Removing unused cells resulting from optimization
Done removing unused cells.
<CYPRESSTAG name="Duplicate Macrocell detection">

Removing duplicate macrocells
    Removing Net_505, Duplicate of \Counter:CounterUDB:prevCompare\ 
    MacroCell: Name=Net_505, Mode=(D-Register)
        Total # of inputs        : 2
        Total # of product terms : 1
        List of special equations: 
            Clock  = (Net_149) => Global
            Clock Enable: True
        Main Equation            : 1 pterm
        (
              !\Counter:CounterUDB:cmp_less\ * 
              !\Counter:CounterUDB:cmp_equal\
        );
        Output = Net_505 (fanout=6)

End removing duplicate macrocells: used 1 pass
</CYPRESSTAG>
</CYPRESSTAG>
<CYPRESSTAG name="Duplicate Macrocell detection">

Removing duplicate macrocells
    Removing \UART:BUART:rx_parity_bit\, Duplicate of \UART:BUART:tx_ctrl_mark_last\ 
    MacroCell: Name=\UART:BUART:rx_parity_bit\, Mode=(T-Register)
        Total # of inputs        : 0
        Total # of product terms : 0
        List of special equations: 
            Clock  = (\UART:Net_9\) => Global
            Clock Enable: True
        Main Equation            : 0 pterms
        (
            0
        );
        Output = \UART:BUART:rx_parity_bit\ (fanout=0)

    Removing \UART:BUART:rx_address_detected\, Duplicate of \UART:BUART:tx_ctrl_mark_last\ 
    MacroCell: Name=\UART:BUART:rx_address_detected\, Mode=(T-Register)
        Total # of inputs        : 0
        Total # of product terms : 0
        List of special equations: 
            Clock  = (\UART:Net_9\) => Global
            Clock Enable: True
        Main Equation            : 0 pterms
        (
            0
        );
        Output = \UART:BUART:rx_address_detected\ (fanout=0)

    Removing \UART:BUART:rx_parity_error_pre\, Duplicate of \UART:BUART:tx_ctrl_mark_last\ 
    MacroCell: Name=\UART:BUART:rx_parity_error_pre\, Mode=(T-Register)
        Total # of inputs        : 0
        Total # of product terms : 0
        List of special equations: 
            Clock  = (\UART:Net_9\) => Global
            Clock Enable: True
        Main Equation            : 0 pterms
        (
            0
        );
        Output = \UART:BUART:rx_parity_error_pre\ (fanout=0)

    Removing \UART:BUART:rx_markspace_pre\, Duplicate of \UART:BUART:tx_ctrl_mark_last\ 
    MacroCell: Name=\UART:BUART:rx_markspace_pre\, Mode=(T-Register)
        Total # of inputs        : 0
        Total # of product terms : 0
        List of special equations: 
            Clock  = (\UART:Net_9\) => Global
            Clock Enable: True
        Main Equation            : 0 pterms
        (
            0
        );
        Output = \UART:BUART:rx_markspace_pre\ (fanout=0)

    Removing \UART:BUART:rx_state_1\, Duplicate of \UART:BUART:tx_ctrl_mark_last\ 
    MacroCell: Name=\UART:BUART:rx_state_1\, Mode=(T-Register)
        Total # of inputs        : 0
        Total # of product terms : 0
        List of special equations: 
            Clock  = (\UART:Net_9\) => Global
            Clock Enable: True
        Main Equation            : 0 pterms
        (
            0
        );
        Output = \UART:BUART:rx_state_1\ (fanout=8)

    Removing \UART:BUART:tx_parity_bit\, Duplicate of \UART:BUART:tx_ctrl_mark_last\ 
    MacroCell: Name=\UART:BUART:tx_parity_bit\, Mode=(T-Register)
        Total # of inputs        : 0
        Total # of product terms : 0
        List of special equations: 
            Clock  = (\UART:Net_9\) => Global
            Clock Enable: True
        Main Equation            : 0 pterms
        (
            0
        );
        Output = \UART:BUART:tx_parity_bit\ (fanout=0)

    Removing \UART:BUART:tx_mark\, Duplicate of \UART:BUART:tx_ctrl_mark_last\ 
    MacroCell: Name=\UART:BUART:tx_mark\, Mode=(T-Register)
        Total # of inputs        : 0
        Total # of product terms : 0
        List of special equations: 
            Clock  = (\UART:Net_9\) => Global
            Clock Enable: True
        Main Equation            : 0 pterms
        (
            0
        );
        Output = \UART:BUART:tx_mark\ (fanout=0)


Removing unused cells resulting from optimization
Done removing unused cells.
End removing duplicate macrocells: used 1 pass
</CYPRESSTAG>
<CYPRESSTAG name="Design Equations" icon="FILE_RPT_EQUATION">

------------------------------------------------------------
Design Equations
------------------------------------------------------------
    <CYPRESSTAG name="Pin listing">

    ------------------------------------------------------------
    Pin listing
    ------------------------------------------------------------

    Pin : Name = ref(0)
        Attributes:
            In Group/Port: True
            In Sync Option: AUTO
            Out Sync Option: AUTO
            Interrupt generated: False
            Interrupt mode: NONE
            Drive mode: HI_Z_ANALOG
            VTrip: EITHER
            Slew: FAST
            Input Sync needed: False
            Output Sync needed: False
            SC shield enabled: False
            POR State: ANY
            LCD Mode: COMMON
            Register Mode: RegComb
            CaSense Mode: NEITHER
            Treat as pin: True
            Is OE Registered: False
            Uses Analog: True
            Can contain Digital: False
            Is SIO: False
            SIO Output Buf: NONREGULATED
            SIO Input Buf: SINGLE_ENDED
            SIO HiFreq: LOW
            SIO Hyst: DISABLED
            SIO Vtrip: MULTIPLIER_0_5
            SIO Multiplier Index: 0
            SIO RefSel: VCC_IO
            Required Capabilities: ANALOG
            Initial Value: 0
            IO Voltage: 0
        PORT MAP (
            pa_out => ref(0)__PA ,
            analog_term => Net_510 ,
            pad => ref(0)_PAD );
        Properties:
        {
        }

    Pin : Name = BPD_in(0)
        Attributes:
            In Group/Port: True
            In Sync Option: AUTO
            Out Sync Option: AUTO
            Interrupt generated: False
            Interrupt mode: NONE
            Drive mode: HI_Z_ANALOG
            VTrip: EITHER
            Slew: FAST
            Input Sync needed: False
            Output Sync needed: False
            SC shield enabled: False
            POR State: ANY
            LCD Mode: COMMON
            Register Mode: RegComb
            CaSense Mode: NEITHER
            Treat as pin: True
            Is OE Registered: False
            Uses Analog: True
            Can contain Digital: False
            Is SIO: False
            SIO Output Buf: NONREGULATED
            SIO Input Buf: SINGLE_ENDED
            SIO HiFreq: LOW
            SIO Hyst: DISABLED
            SIO Vtrip: MULTIPLIER_0_5
            SIO Multiplier Index: 0
            SIO RefSel: VCC_IO
            Required Capabilities: ANALOG
            Initial Value: 0
            IO Voltage: 0
        PORT MAP (
            pa_out => BPD_in(0)__PA ,
            analog_term => Net_511 ,
            pad => BPD_in(0)_PAD );
        Properties:
        {
        }

    Pin : Name = comp_out_monitor(0)
        Attributes:
            In Group/Port: True
            In Sync Option: AUTO
            Out Sync Option: NOSYNC
            Interrupt generated: False
            Interrupt mode: NONE
            Drive mode: CMOS_OUT
            VTrip: EITHER
            Slew: FAST
            Input Sync needed: False
            Output Sync needed: False
            SC shield enabled: False
            POR State: ANY
            LCD Mode: COMMON
            Register Mode: RegComb
            CaSense Mode: NEITHER
            Treat as pin: True
            Is OE Registered: False
            Uses Analog: False
            Can contain Digital: True
            Is SIO: False
            SIO Output Buf: NONREGULATED
            SIO Input Buf: SINGLE_ENDED
            SIO HiFreq: LOW
            SIO Hyst: DISABLED
            SIO Vtrip: MULTIPLIER_0_5
            SIO Multiplier Index: 0
            SIO RefSel: VCC_IO
            Required Capabilities: DIGITAL, ROUTABLE
            Initial Value: 0
            IO Voltage: 0
        PORT MAP (
            pa_out => comp_out_monitor(0)__PA ,
            pin_input => Net_512 ,
            pad => comp_out_monitor(0)_PAD );
        Properties:
        {
        }

    Pin : Name = sw(0)
        Attributes:
            In Group/Port: True
            In Sync Option: NOSYNC
            Out Sync Option: AUTO
            Interrupt generated: False
            Interrupt mode: NONE
            Drive mode: RES_PULL_UP
            VTrip: CMOS
            Slew: FAST
            Input Sync needed: False
            Output Sync needed: False
            SC shield enabled: False
            POR State: ANY
            LCD Mode: COMMON
            Register Mode: RegComb
            CaSense Mode: NEITHER
            Treat as pin: True
            Is OE Registered: False
            Uses Analog: False
            Can contain Digital: True
            Is SIO: False
            SIO Output Buf: NONREGULATED
            SIO Input Buf: SINGLE_ENDED
            SIO HiFreq: LOW
            SIO Hyst: DISABLED
            SIO Vtrip: MULTIPLIER_0_5
            SIO Multiplier Index: 0
            SIO RefSel: VCC_IO
            Required Capabilities: DIGITAL, ROUTABLE
            Initial Value: 1
            IO Voltage: 0
        PORT MAP (
            pa_out => sw(0)__PA ,
            fb => Net_557 ,
            pad => sw(0)_PAD );
        Properties:
        {
        }

    Pin : Name = count_out(0)
        Attributes:
            In Group/Port: True
            In Sync Option: AUTO
            Out Sync Option: NOSYNC
            Interrupt generated: False
            Interrupt mode: NONE
            Drive mode: CMOS_OUT
            VTrip: EITHER
            Slew: FAST
            Input Sync needed: False
            Output Sync needed: False
            SC shield enabled: False
            POR State: ANY
            LCD Mode: COMMON
            Register Mode: RegComb
            CaSense Mode: NEITHER
            Treat as pin: True
            Is OE Registered: False
            Uses Analog: False
            Can contain Digital: True
            Is SIO: False
            SIO Output Buf: NONREGULATED
            SIO Input Buf: SINGLE_ENDED
            SIO HiFreq: LOW
            SIO Hyst: DISABLED
            SIO Vtrip: MULTIPLIER_0_5
            SIO Multiplier Index: 0
            SIO RefSel: VCC_IO
            Required Capabilities: DIGITAL, ROUTABLE
            Initial Value: 0
            IO Voltage: 0
        PORT MAP (
            pa_out => count_out(0)__PA ,
            pin_input => Net_520 ,
            pad => count_out(0)_PAD );
        Properties:
        {
        }

    Pin : Name = Tx_1(0)
        Attributes:
            In Group/Port: True
            In Sync Option: AUTO
            Out Sync Option: NOSYNC
            Interrupt generated: False
            Interrupt mode: NONE
            Drive mode: CMOS_OUT
            VTrip: EITHER
            Slew: FAST
            Input Sync needed: False
            Output Sync needed: False
            SC shield enabled: False
            POR State: ANY
            LCD Mode: COMMON
            Register Mode: RegComb
            CaSense Mode: NEITHER
            Treat as pin: True
            Is OE Registered: False
            Uses Analog: False
            Can contain Digital: True
            Is SIO: False
            SIO Output Buf: NONREGULATED
            SIO Input Buf: SINGLE_ENDED
            SIO HiFreq: LOW
            SIO Hyst: DISABLED
            SIO Vtrip: MULTIPLIER_0_5
            SIO Multiplier Index: 0
            SIO RefSel: VCC_IO
            Required Capabilities: DIGITAL, ROUTABLE
            Initial Value: 1
            IO Voltage: 0
        PORT MAP (
            pa_out => Tx_1(0)__PA ,
            pin_input => Net_354 ,
            pad => Tx_1(0)_PAD );
        Properties:
        {
        }

    Pin : Name = Rx_1(0)
        Attributes:
            In Group/Port: True
            In Sync Option: SYNC
            Out Sync Option: AUTO
            Interrupt generated: False
            Interrupt mode: NONE
            Drive mode: HI_Z_DIGITAL
            VTrip: CMOS
            Slew: FAST
            Input Sync needed: True
            Output Sync needed: False
            SC shield enabled: False
            POR State: ANY
            LCD Mode: COMMON
            Register Mode: RegComb
            CaSense Mode: NEITHER
            Treat as pin: True
            Is OE Registered: False
            Uses Analog: False
            Can contain Digital: True
            Is SIO: False
            SIO Output Buf: NONREGULATED
            SIO Input Buf: SINGLE_ENDED
            SIO HiFreq: LOW
            SIO Hyst: DISABLED
            SIO Vtrip: MULTIPLIER_0_5
            SIO Multiplier Index: 0
            SIO RefSel: VCC_IO
            Required Capabilities: DIGITAL, ROUTABLE
            Initial Value: 0
            IO Voltage: 0
        PORT MAP (
            pa_out => Rx_1(0)__PA ,
            fb => Net_359 ,
            pad => Rx_1(0)_PAD );
        Properties:
        {
        }
    </CYPRESSTAG>
    <CYPRESSTAG name="Macrocell listing" icon="FILE_RPT_EQUATION">

    ------------------------------------------------------------
    Macrocell listing
    ------------------------------------------------------------

    MacroCell: Name=\Counter:CounterUDB:reload\, Mode=(Combinatorial)
        Total # of inputs        : 2
        Total # of product terms : 1
            Clock Enable: True
        Main Equation            : 1 pterm
        !(
              !Net_553 * !\Counter:CounterUDB:per_equal\
        );
        Output = \Counter:CounterUDB:reload\ (fanout=2)

    MacroCell: Name=\Counter:CounterUDB:status_0\, Mode=(Combinatorial)
        Total # of inputs        : 3
        Total # of product terms : 1
            Clock Enable: True
        Main Equation            : 1 pterm
        (
              !\Counter:CounterUDB:cmp_less\ * 
              !\Counter:CounterUDB:cmp_equal\ * 
              !\Counter:CounterUDB:prevCompare\
        );
        Output = \Counter:CounterUDB:status_0\ (fanout=1)

    MacroCell: Name=\Counter:CounterUDB:status_2\, Mode=(Combinatorial)
        Total # of inputs        : 2
        Total # of product terms : 1
            Clock Enable: True
        Main Equation            : 1 pterm
        (
              \Counter:CounterUDB:per_equal\ * 
              !\Counter:CounterUDB:overflow_reg_i\
        );
        Output = \Counter:CounterUDB:status_2\ (fanout=1)

    MacroCell: Name=\Counter:CounterUDB:count_enable\, Mode=(Combinatorial)
        Total # of inputs        : 3
        Total # of product terms : 1
            Clock Enable: True
        Main Equation            : 1 pterm
        (
              Net_512 * !Net_557 * !\Counter:CounterUDB:count_stored_i\
        );
        Output = \Counter:CounterUDB:count_enable\ (fanout=2)

    MacroCell: Name=\PWM:PWMUDB:status_2\, Mode=(Combinatorial)
        Total # of inputs        : 2
        Total # of product terms : 1
            Clock Enable: True
        Main Equation            : 1 pterm
        (
              \PWM:PWMUDB:runmode_enable\ * \PWM:PWMUDB:tc_i\
        );
        Output = \PWM:PWMUDB:status_2\ (fanout=1)

    MacroCell: Name=Net_354, Mode=(Combinatorial)
        Total # of inputs        : 1
        Total # of product terms : 1
            Clock Enable: True
        Main Equation            : 1 pterm
        (
              !\UART:BUART:txn\
        );
        Output = Net_354 (fanout=1)

    MacroCell: Name=\UART:BUART:counter_load_not\, Mode=(Combinatorial)
        Total # of inputs        : 4
        Total # of product terms : 2
            Clock Enable: True
        Main Equation            : 2 pterms
        !(
              !\UART:BUART:tx_state_1\ * !\UART:BUART:tx_state_0\ * 
              \UART:BUART:tx_bitclk_enable_pre\
            + !\UART:BUART:tx_state_1\ * !\UART:BUART:tx_state_0\ * 
              !\UART:BUART:tx_state_2\
        );
        Output = \UART:BUART:counter_load_not\ (fanout=1)

    MacroCell: Name=\UART:BUART:tx_status_0\, Mode=(Combinatorial)
        Total # of inputs        : 5
        Total # of product terms : 1
            Clock Enable: True
        Main Equation            : 1 pterm
        (
              !\UART:BUART:tx_state_1\ * !\UART:BUART:tx_state_0\ * 
              \UART:BUART:tx_bitclk_enable_pre\ * \UART:BUART:tx_fifo_empty\ * 
              \UART:BUART:tx_state_2\
        );
        Output = \UART:BUART:tx_status_0\ (fanout=1)

    MacroCell: Name=\UART:BUART:tx_status_2\, Mode=(Combinatorial)
        Total # of inputs        : 1
        Total # of product terms : 1
            Clock Enable: True
        Main Equation            : 1 pterm
        (
              !\UART:BUART:tx_fifo_notfull\
        );
        Output = \UART:BUART:tx_status_2\ (fanout=1)

    MacroCell: Name=\UART:BUART:rx_counter_load\, Mode=(Combinatorial)
        Total # of inputs        : 4
        Total # of product terms : 1
            Clock Enable: True
        Main Equation            : 1 pterm
        (
              !\UART:BUART:tx_ctrl_mark_last\ * !\UART:BUART:rx_state_0\ * 
              !\UART:BUART:rx_state_3\ * !\UART:BUART:rx_state_2\
        );
        Output = \UART:BUART:rx_counter_load\ (fanout=1)

    MacroCell: Name=\UART:BUART:rx_postpoll\, Mode=(Combinatorial)
        Total # of inputs        : 3
        Total # of product terms : 2
            Clock Enable: True
        Main Equation            : 2 pterms
        (
              \UART:BUART:pollcount_1\
            + Net_359 * \UART:BUART:pollcount_0\
        );
        Output = \UART:BUART:rx_postpoll\ (fanout=1)

    MacroCell: Name=\UART:BUART:rx_status_4\, Mode=(Combinatorial)
        Total # of inputs        : 2
        Total # of product terms : 1
            Clock Enable: True
        Main Equation            : 1 pterm
        (
              \UART:BUART:rx_load_fifo\ * \UART:BUART:rx_fifofull\
        );
        Output = \UART:BUART:rx_status_4\ (fanout=1)

    MacroCell: Name=\UART:BUART:rx_status_5\, Mode=(Combinatorial)
        Total # of inputs        : 2
        Total # of product terms : 1
            Clock Enable: True
        Main Equation            : 1 pterm
        (
              \UART:BUART:rx_fifonotempty\ * \UART:BUART:rx_state_stop1_reg\
        );
        Output = \UART:BUART:rx_status_5\ (fanout=1)

    MacroCell: Name=\freqcounter:CounterUDB:status_0\, Mode=(Combinatorial)
        Total # of inputs        : 2
        Total # of product terms : 1
            Clock Enable: True
        Main Equation            : 1 pterm
        (
              \freqcounter:CounterUDB:cmp_out_i\ * 
              !\freqcounter:CounterUDB:prevCompare\
        );
        Output = \freqcounter:CounterUDB:status_0\ (fanout=1)

    MacroCell: Name=\freqcounter:CounterUDB:status_2\, Mode=(Combinatorial)
        Total # of inputs        : 2
        Total # of product terms : 1
            Clock Enable: True
        Main Equation            : 1 pterm
        (
              \freqcounter:CounterUDB:reload\ * 
              !\freqcounter:CounterUDB:overflow_reg_i\
        );
        Output = \freqcounter:CounterUDB:status_2\ (fanout=1)

    MacroCell: Name=\freqcounter:CounterUDB:count_enable\, Mode=(Combinatorial)
        Total # of inputs        : 5
        Total # of product terms : 2
            Clock Enable: True
        Main Equation            : 2 pterms
        (
              Net_512 * !Net_557 * !\freqcounter:CounterUDB:count_stored_i\ * 
              !Net_519
            + !Net_557 * \Counter:CounterUDB:prevCompare\ * 
              !\freqcounter:CounterUDB:count_stored_i\ * Net_519
        );
        Output = \freqcounter:CounterUDB:count_enable\ (fanout=4)

    MacroCell: Name=\Timer:TimerUDB:capt_fifo_load\, Mode=(Combinatorial)
        Total # of inputs        : 6
        Total # of product terms : 2
            Clock Enable: True
        Main Equation            : 2 pterms
        (
              Net_512 * !Net_557 * \Timer:TimerUDB:control_7\ * 
              !\Timer:TimerUDB:capture_last\ * !Net_519
            + !Net_557 * \Counter:CounterUDB:prevCompare\ * 
              \Timer:TimerUDB:control_7\ * !\Timer:TimerUDB:capture_last\ * 
              Net_519
        );
        Output = \Timer:TimerUDB:capt_fifo_load\ (fanout=5)

    MacroCell: Name=\Timer:TimerUDB:run_mode\, Mode=(Combinatorial)
        Total # of inputs        : 2
        Total # of product terms : 1
            Clock Enable: True
        Main Equation            : 1 pterm
        (
              !Net_557 * \Timer:TimerUDB:control_7\
        );
        Output = \Timer:TimerUDB:run_mode\ (fanout=4)

    MacroCell: Name=\Timer:TimerUDB:status_tc\, Mode=(Combinatorial)
        Total # of inputs        : 3
        Total # of product terms : 1
            Clock Enable: True
        Main Equation            : 1 pterm
        (
              !Net_557 * \Timer:TimerUDB:control_7\ * 
              \Timer:TimerUDB:per_zero\
        );
        Output = \Timer:TimerUDB:status_tc\ (fanout=1)

    MacroCell: Name=Net_520, Mode=(Combinatorial)
        Total # of inputs        : 3
        Total # of product terms : 2
            Clock Enable: True
        Main Equation            : 2 pterms
        (
              Net_512 * !Net_519
            + \Counter:CounterUDB:prevCompare\ * Net_519
        );
        Output = Net_520 (fanout=1)

    MacroCell: Name=__ONE__, Mode=(Combinatorial)
        Total # of inputs        : 0
        Total # of product terms : 0
            Clock Enable: True
        Main Equation            : 0 pterms
        !(
            0
        );
        Output = __ONE__ (fanout=6)

    MacroCell: Name=\Counter:CounterUDB:overflow_reg_i\, Mode=(D-Register)
        Total # of inputs        : 1
        Total # of product terms : 1
        List of special equations: 
            Clock  = (Net_149) => Global
            Clock Enable: True
        Main Equation            : 1 pterm
        (
              \Counter:CounterUDB:per_equal\
        );
        Output = \Counter:CounterUDB:overflow_reg_i\ (fanout=1)

    MacroCell: Name=\Counter:CounterUDB:prevCompare\, Mode=(D-Register)
        Total # of inputs        : 2
        Total # of product terms : 1
        List of special equations: 
            Clock  = (Net_149) => Global
            Clock Enable: True
        Main Equation            : 1 pterm
        (
              !\Counter:CounterUDB:cmp_less\ * 
              !\Counter:CounterUDB:cmp_equal\
        );
        Output = \Counter:CounterUDB:prevCompare\ (fanout=7)

    MacroCell: Name=\Counter:CounterUDB:count_stored_i\, Mode=(D-Register)
        Total # of inputs        : 1
        Total # of product terms : 1
        List of special equations: 
            Clock  = (Net_149) => Global
            Clock Enable: True
        Main Equation            : 1 pterm
        (
              Net_512
        );
        Output = \Counter:CounterUDB:count_stored_i\ (fanout=1)

    MacroCell: Name=\PWM:PWMUDB:runmode_enable\, Mode=(D-Register)
        Total # of inputs        : 1
        Total # of product terms : 1
        List of special equations: 
            Clock  = (Net_147) => Global
            Clock Enable: True
        Main Equation            : 1 pterm
        (
              \PWM:PWMUDB:control_7\
        );
        Output = \PWM:PWMUDB:runmode_enable\ (fanout=3)

    MacroCell: Name=\PWM:PWMUDB:prevCompare1\, Mode=(D-Register)
        Total # of inputs        : 1
        Total # of product terms : 1
        List of special equations: 
            Clock  = (Net_147) => Global
            Clock Enable: True
        Main Equation            : 1 pterm
        (
              \PWM:PWMUDB:cmp1_less\
        );
        Output = \PWM:PWMUDB:prevCompare1\ (fanout=1)

    MacroCell: Name=\PWM:PWMUDB:status_0\, Mode=(D-Register)
        Total # of inputs        : 2
        Total # of product terms : 1
        List of special equations: 
            Clock  = (Net_147) => Global
            Clock Enable: True
        Main Equation            : 1 pterm
        (
              !\PWM:PWMUDB:prevCompare1\ * \PWM:PWMUDB:cmp1_less\
        );
        Output = \PWM:PWMUDB:status_0\ (fanout=1)

    MacroCell: Name=\UART:BUART:txn\, Mode=(D-Register)
        Total # of inputs        : 7
        Total # of product terms : 5
        List of special equations: 
            Clock  = (\UART:Net_9\) => Global
            Clock Enable: True
        Main Equation            : 5 pterms
        (
              \UART:BUART:txn\ * \UART:BUART:tx_state_1\ * 
              !\UART:BUART:tx_bitclk\
            + \UART:BUART:txn\ * \UART:BUART:tx_state_2\
            + !\UART:BUART:tx_state_1\ * \UART:BUART:tx_state_0\ * 
              !\UART:BUART:tx_shift_out\ * !\UART:BUART:tx_state_2\
            + !\UART:BUART:tx_state_1\ * \UART:BUART:tx_state_0\ * 
              !\UART:BUART:tx_state_2\ * !\UART:BUART:tx_bitclk\
            + \UART:BUART:tx_state_1\ * !\UART:BUART:tx_state_0\ * 
              !\UART:BUART:tx_shift_out\ * !\UART:BUART:tx_state_2\ * 
              !\UART:BUART:tx_counter_dp\ * \UART:BUART:tx_bitclk\
        );
        Output = \UART:BUART:txn\ (fanout=2)

    MacroCell: Name=\UART:BUART:tx_state_1\, Mode=(T-Register)
        Total # of inputs        : 6
        Total # of product terms : 3
        List of special equations: 
            Clock  = (\UART:Net_9\) => Global
            Clock Enable: True
        Main Equation            : 3 pterms
        (
              \UART:BUART:tx_state_1\ * \UART:BUART:tx_state_0\ * 
              \UART:BUART:tx_bitclk_enable_pre\ * \UART:BUART:tx_state_2\
            + \UART:BUART:tx_state_1\ * !\UART:BUART:tx_state_2\ * 
              \UART:BUART:tx_counter_dp\ * \UART:BUART:tx_bitclk\
            + \UART:BUART:tx_state_0\ * !\UART:BUART:tx_state_2\ * 
              \UART:BUART:tx_bitclk\
        );
        Output = \UART:BUART:tx_state_1\ (fanout=8)

    MacroCell: Name=\UART:BUART:tx_state_0\, Mode=(T-Register)
        Total # of inputs        : 6
        Total # of product terms : 4
        List of special equations: 
            Clock  = (\UART:Net_9\) => Global
            Clock Enable: True
        Main Equation            : 4 pterms
        (
              !\UART:BUART:tx_state_1\ * !\UART:BUART:tx_state_0\ * 
              \UART:BUART:tx_bitclk_enable_pre\ * !\UART:BUART:tx_fifo_empty\
            + !\UART:BUART:tx_state_1\ * !\UART:BUART:tx_state_0\ * 
              !\UART:BUART:tx_fifo_empty\ * !\UART:BUART:tx_state_2\
            + \UART:BUART:tx_state_1\ * \UART:BUART:tx_state_0\ * 
              \UART:BUART:tx_bitclk_enable_pre\ * \UART:BUART:tx_fifo_empty\ * 
              \UART:BUART:tx_state_2\
            + \UART:BUART:tx_state_0\ * !\UART:BUART:tx_state_2\ * 
              \UART:BUART:tx_bitclk\
        );
        Output = \UART:BUART:tx_state_0\ (fanout=8)

    MacroCell: Name=\UART:BUART:tx_state_2\, Mode=(T-Register)
        Total # of inputs        : 6
        Total # of product terms : 4
        List of special equations: 
            Clock  = (\UART:Net_9\) => Global
            Clock Enable: True
        Main Equation            : 4 pterms
        (
              !\UART:BUART:tx_state_1\ * !\UART:BUART:tx_state_0\ * 
              \UART:BUART:tx_bitclk_enable_pre\ * \UART:BUART:tx_state_2\
            + \UART:BUART:tx_state_1\ * \UART:BUART:tx_state_0\ * 
              \UART:BUART:tx_bitclk_enable_pre\ * \UART:BUART:tx_state_2\
            + \UART:BUART:tx_state_1\ * \UART:BUART:tx_state_0\ * 
              !\UART:BUART:tx_state_2\ * \UART:BUART:tx_bitclk\
            + \UART:BUART:tx_state_1\ * !\UART:BUART:tx_state_2\ * 
              \UART:BUART:tx_counter_dp\ * \UART:BUART:tx_bitclk\
        );
        Output = \UART:BUART:tx_state_2\ (fanout=7)

    MacroCell: Name=\UART:BUART:tx_bitclk\, Mode=(D-Register)
        Total # of inputs        : 4
        Total # of product terms : 2
        List of special equations: 
            Clock  = (\UART:Net_9\) => Global
            Clock Enable: True
        Main Equation            : 2 pterms
        !(
              !\UART:BUART:tx_state_1\ * !\UART:BUART:tx_state_0\ * 
              \UART:BUART:tx_state_2\
            + !\UART:BUART:tx_bitclk_enable_pre\
        );
        Output = \UART:BUART:tx_bitclk\ (fanout=4)

    MacroCell: Name=\UART:BUART:tx_ctrl_mark_last\, Mode=(T-Register)
        Total # of inputs        : 0
        Total # of product terms : 0
        List of special equations: 
            Clock  = (\UART:Net_9\) => Global
            Clock Enable: True
        Main Equation            : 0 pterms
        (
            0
        );
        Output = \UART:BUART:tx_ctrl_mark_last\ (fanout=8)

    MacroCell: Name=\UART:BUART:rx_state_0\, Mode=(T-Register)
        Total # of inputs        : 11
        Total # of product terms : 4
        List of special equations: 
            Clock  = (\UART:Net_9\) => Global
            Clock Enable: True
        Main Equation            : 4 pterms
        (
              !\UART:BUART:tx_ctrl_mark_last\ * !\UART:BUART:rx_state_0\ * 
              \UART:BUART:rx_bitclk_enable\ * !\UART:BUART:rx_state_3\ * 
              \UART:BUART:rx_state_2\ * !\UART:BUART:pollcount_1\ * !Net_359
            + !\UART:BUART:tx_ctrl_mark_last\ * !\UART:BUART:rx_state_0\ * 
              \UART:BUART:rx_bitclk_enable\ * !\UART:BUART:rx_state_3\ * 
              \UART:BUART:rx_state_2\ * !\UART:BUART:pollcount_1\ * 
              !\UART:BUART:pollcount_0\
            + !\UART:BUART:tx_ctrl_mark_last\ * \UART:BUART:rx_state_0\ * 
              !\UART:BUART:rx_state_3\ * !\UART:BUART:rx_state_2\ * 
              !\UART:BUART:rx_count_6\ * !\UART:BUART:rx_count_5\
            + !\UART:BUART:tx_ctrl_mark_last\ * \UART:BUART:rx_state_0\ * 
              !\UART:BUART:rx_state_3\ * !\UART:BUART:rx_state_2\ * 
              !\UART:BUART:rx_count_6\ * !\UART:BUART:rx_count_4\
        );
        Output = \UART:BUART:rx_state_0\ (fanout=8)

    MacroCell: Name=\UART:BUART:rx_load_fifo\, Mode=(D-Register)
        Total # of inputs        : 8
        Total # of product terms : 3
        List of special equations: 
            Clock  = (\UART:Net_9\) => Global
            Clock Enable: True
        Main Equation            : 3 pterms
        (
              !\UART:BUART:tx_ctrl_mark_last\ * !\UART:BUART:rx_state_0\ * 
              \UART:BUART:rx_bitclk_enable\ * \UART:BUART:rx_state_3\ * 
              !\UART:BUART:rx_state_2\
            + !\UART:BUART:tx_ctrl_mark_last\ * \UART:BUART:rx_state_0\ * 
              !\UART:BUART:rx_state_3\ * !\UART:BUART:rx_state_2\ * 
              !\UART:BUART:rx_count_6\ * !\UART:BUART:rx_count_5\
            + !\UART:BUART:tx_ctrl_mark_last\ * \UART:BUART:rx_state_0\ * 
              !\UART:BUART:rx_state_3\ * !\UART:BUART:rx_state_2\ * 
              !\UART:BUART:rx_count_6\ * !\UART:BUART:rx_count_4\
        );
        Output = \UART:BUART:rx_load_fifo\ (fanout=2)

    MacroCell: Name=\UART:BUART:rx_state_3\, Mode=(T-Register)
        Total # of inputs        : 8
        Total # of product terms : 3
        List of special equations: 
            Clock  = (\UART:Net_9\) => Global
            Clock Enable: True
        Main Equation            : 3 pterms
        (
              !\UART:BUART:tx_ctrl_mark_last\ * !\UART:BUART:rx_state_0\ * 
              \UART:BUART:rx_bitclk_enable\ * \UART:BUART:rx_state_3\ * 
              \UART:BUART:rx_state_2\
            + !\UART:BUART:tx_ctrl_mark_last\ * \UART:BUART:rx_state_0\ * 
              !\UART:BUART:rx_state_3\ * !\UART:BUART:rx_state_2\ * 
              !\UART:BUART:rx_count_6\ * !\UART:BUART:rx_count_5\
            + !\UART:BUART:tx_ctrl_mark_last\ * \UART:BUART:rx_state_0\ * 
              !\UART:BUART:rx_state_3\ * !\UART:BUART:rx_state_2\ * 
              !\UART:BUART:rx_count_6\ * !\UART:BUART:rx_count_4\
        );
        Output = \UART:BUART:rx_state_3\ (fanout=7)

    MacroCell: Name=\UART:BUART:rx_state_2\, Mode=(T-Register)
        Total # of inputs        : 10
        Total # of product terms : 5
        List of special equations: 
            Clock  = (\UART:Net_9\) => Global
            Clock Enable: True
        Main Equation            : 5 pterms
        (
              !\UART:BUART:tx_ctrl_mark_last\ * !\UART:BUART:rx_state_0\ * 
              \UART:BUART:rx_bitclk_enable\ * \UART:BUART:rx_state_3\
            + !\UART:BUART:tx_ctrl_mark_last\ * !\UART:BUART:rx_state_0\ * 
              \UART:BUART:rx_bitclk_enable\ * \UART:BUART:rx_state_2\
            + !\UART:BUART:tx_ctrl_mark_last\ * !\UART:BUART:rx_state_0\ * 
              !\UART:BUART:rx_state_3\ * !\UART:BUART:rx_state_2\ * !Net_359 * 
              \UART:BUART:rx_last\
            + !\UART:BUART:tx_ctrl_mark_last\ * \UART:BUART:rx_state_0\ * 
              !\UART:BUART:rx_state_3\ * !\UART:BUART:rx_state_2\ * 
              !\UART:BUART:rx_count_6\ * !\UART:BUART:rx_count_5\
            + !\UART:BUART:tx_ctrl_mark_last\ * \UART:BUART:rx_state_0\ * 
              !\UART:BUART:rx_state_3\ * !\UART:BUART:rx_state_2\ * 
              !\UART:BUART:rx_count_6\ * !\UART:BUART:rx_count_4\
        );
        Output = \UART:BUART:rx_state_2\ (fanout=7)

    MacroCell: Name=\UART:BUART:rx_bitclk_enable\, Mode=(D-Register)
        Total # of inputs        : 3
        Total # of product terms : 1
        List of special equations: 
            Clock  = (\UART:Net_9\) => Global
            Clock Enable: True
        Main Equation            : 1 pterm
        (
              !\UART:BUART:rx_count_2\ * !\UART:BUART:rx_count_1\ * 
              !\UART:BUART:rx_count_0\
        );
        Output = \UART:BUART:rx_bitclk_enable\ (fanout=6)

    MacroCell: Name=\UART:BUART:rx_state_stop1_reg\, Mode=(D-Register)
        Total # of inputs        : 4
        Total # of product terms : 1
        List of special equations: 
            Clock  = (\UART:Net_9\) => Global
            Clock Enable: True
        Main Equation            : 1 pterm
        !(
              !\UART:BUART:tx_ctrl_mark_last\ * !\UART:BUART:rx_state_0\ * 
              \UART:BUART:rx_state_3\ * \UART:BUART:rx_state_2\
        );
        Output = \UART:BUART:rx_state_stop1_reg\ (fanout=1)

    MacroCell: Name=\UART:BUART:pollcount_1\, Mode=(D-Register)
        Total # of inputs        : 5
        Total # of product terms : 3
        List of special equations: 
            Clock  = (\UART:Net_9\) => Global
            Clock Enable: True
        Main Equation            : 3 pterms
        (
              !\UART:BUART:rx_count_2\ * !\UART:BUART:rx_count_1\ * 
              !\UART:BUART:pollcount_1\ * Net_359 * \UART:BUART:pollcount_0\
            + !\UART:BUART:rx_count_2\ * !\UART:BUART:rx_count_1\ * 
              \UART:BUART:pollcount_1\ * !Net_359
            + !\UART:BUART:rx_count_2\ * !\UART:BUART:rx_count_1\ * 
              \UART:BUART:pollcount_1\ * !\UART:BUART:pollcount_0\
        );
        Output = \UART:BUART:pollcount_1\ (fanout=4)

    MacroCell: Name=\UART:BUART:pollcount_0\, Mode=(D-Register)
        Total # of inputs        : 4
        Total # of product terms : 2
        List of special equations: 
            Clock  = (\UART:Net_9\) => Global
            Clock Enable: True
        Main Equation            : 2 pterms
        (
              !\UART:BUART:rx_count_2\ * !\UART:BUART:rx_count_1\ * !Net_359 * 
              \UART:BUART:pollcount_0\
            + !\UART:BUART:rx_count_2\ * !\UART:BUART:rx_count_1\ * Net_359 * 
              !\UART:BUART:pollcount_0\
        );
        Output = \UART:BUART:pollcount_0\ (fanout=5)

    MacroCell: Name=\UART:BUART:rx_status_3\, Mode=(D-Register)
        Total # of inputs        : 8
        Total # of product terms : 2
        List of special equations: 
            Clock  = (\UART:Net_9\) => Global
            Clock Enable: True
        Main Equation            : 2 pterms
        (
              !\UART:BUART:tx_ctrl_mark_last\ * !\UART:BUART:rx_state_0\ * 
              \UART:BUART:rx_bitclk_enable\ * \UART:BUART:rx_state_3\ * 
              \UART:BUART:rx_state_2\ * !\UART:BUART:pollcount_1\ * !Net_359
            + !\UART:BUART:tx_ctrl_mark_last\ * !\UART:BUART:rx_state_0\ * 
              \UART:BUART:rx_bitclk_enable\ * \UART:BUART:rx_state_3\ * 
              \UART:BUART:rx_state_2\ * !\UART:BUART:pollcount_1\ * 
              !\UART:BUART:pollcount_0\
        );
        Output = \UART:BUART:rx_status_3\ (fanout=1)

    MacroCell: Name=\UART:BUART:rx_last\, Mode=(D-Register)
        Total # of inputs        : 1
        Total # of product terms : 1
        List of special equations: 
            Clock  = (\UART:Net_9\) => Global
            Clock Enable: True
        Main Equation            : 1 pterm
        (
              Net_359
        );
        Output = \UART:BUART:rx_last\ (fanout=1)

    MacroCell: Name=\freqcounter:CounterUDB:overflow_reg_i\, Mode=(D-Register)
        Total # of inputs        : 1
        Total # of product terms : 1
        List of special equations: 
            Clock  = (Net_149) => Global
            Clock Enable: True
        Main Equation            : 1 pterm
        (
              \freqcounter:CounterUDB:reload\
        );
        Output = \freqcounter:CounterUDB:overflow_reg_i\ (fanout=1)

    MacroCell: Name=\freqcounter:CounterUDB:prevCompare\, Mode=(D-Register)
        Total # of inputs        : 1
        Total # of product terms : 1
        List of special equations: 
            Clock  = (Net_149) => Global
            Clock Enable: True
        Main Equation            : 1 pterm
        (
              \freqcounter:CounterUDB:cmp_out_i\
        );
        Output = \freqcounter:CounterUDB:prevCompare\ (fanout=1)

    MacroCell: Name=\freqcounter:CounterUDB:count_stored_i\, Mode=(D-Register)
        Total # of inputs        : 3
        Total # of product terms : 2
        List of special equations: 
            Clock  = (Net_149) => Global
            Clock Enable: True
        Main Equation            : 2 pterms
        (
              Net_512 * !Net_519
            + \Counter:CounterUDB:prevCompare\ * Net_519
        );
        Output = \freqcounter:CounterUDB:count_stored_i\ (fanout=1)

    MacroCell: Name=Net_553, Mode=(D-Register)
        Total # of inputs        : 1
        Total # of product terms : 1
        List of special equations: 
            Clock  = (Net_149) => Global
            Clock Enable: True
        Main Equation            : 1 pterm
        (
              Net_557
        );
        Output = Net_553 (fanout=2)

    MacroCell: Name=\Timer:TimerUDB:capture_last\, Mode=(D-Register)
        Total # of inputs        : 3
        Total # of product terms : 2
        List of special equations: 
            Clock  = (ClockBlock_BUS_CLK) => Global
            Clock Enable: True
        Main Equation            : 2 pterms
        (
              Net_512 * !Net_519
            + \Counter:CounterUDB:prevCompare\ * Net_519
        );
        Output = \Timer:TimerUDB:capture_last\ (fanout=2)

    MacroCell: Name=Net_565, Mode=(D-Register)
        Total # of inputs        : 6
        Total # of product terms : 2
        List of special equations: 
            Clock  = (ClockBlock_BUS_CLK) => Global
            Clock Enable: True
        Main Equation            : 2 pterms
        (
              Net_512 * !Net_557 * \Timer:TimerUDB:control_7\ * 
              !\Timer:TimerUDB:capture_last\ * !Net_519
            + !Net_557 * \Counter:CounterUDB:prevCompare\ * 
              \Timer:TimerUDB:control_7\ * !\Timer:TimerUDB:capture_last\ * 
              Net_519
        );
        Output = Net_565 (fanout=1)
    </CYPRESSTAG>
    <CYPRESSTAG name="Datapath listing">

    ------------------------------------------------------------
    Datapath listing
    ------------------------------------------------------------

    datapathcell: Name =\Counter:CounterUDB:sC16:counterdp:u0\
        PORT MAP (
            clock => Net_149 ,
            cs_addr_2 => __ONE__ ,
            cs_addr_1 => \Counter:CounterUDB:count_enable\ ,
            cs_addr_0 => \Counter:CounterUDB:reload\ ,
            chain_out => \Counter:CounterUDB:sC16:counterdp:carry\ );
        Properties:
        {
            a0_init = "00000000"
            a1_init = "00000000"
            ce0_sync = 1
            ce1_sync = 1
            cl0_sync = 1
            cl1_sync = 1
            cmsb_sync = 1
            co_msb_sync = 1
            cy_dpconfig = "0000000001000000000000001000000001000000010000000000000010000000000000000100000010101000010100000010000001000000101010000101000011111111000000001111111111111111101000000000000000000001000000000000000000011000"
            d0_init = "00000000"
            d1_init = "00000000"
            f0_blk_sync = 1
            f0_bus_sync = 1
            f1_blk_sync = 1
            f1_bus_sync = 1
            ff0_sync = 1
            ff1_sync = 1
            ov_msb_sync = 1
            so_sync = 1
            z0_sync = 1
            z1_sync = 1
        }
        Clock Polarity: Active High
        Clock Enable: True
        Next in chain : \Counter:CounterUDB:sC16:counterdp:u1\

    datapathcell: Name =\Counter:CounterUDB:sC16:counterdp:u1\
        PORT MAP (
            clock => Net_149 ,
            cs_addr_2 => __ONE__ ,
            cs_addr_1 => \Counter:CounterUDB:count_enable\ ,
            cs_addr_0 => \Counter:CounterUDB:reload\ ,
            ce0_comb => \Counter:CounterUDB:per_equal\ ,
            z0_comb => \Counter:CounterUDB:status_1\ ,
            ce1_comb => \Counter:CounterUDB:cmp_equal\ ,
            cl1_comb => \Counter:CounterUDB:cmp_less\ ,
            f0_bus_stat_comb => \Counter:CounterUDB:status_6\ ,
            f0_blk_stat_comb => \Counter:CounterUDB:status_5\ ,
            chain_in => \Counter:CounterUDB:sC16:counterdp:carry\ );
        Properties:
        {
            a0_init = "00000000"
            a1_init = "00000000"
            ce0_sync = 1
            ce1_sync = 1
            cl0_sync = 1
            cl1_sync = 1
            cmsb_sync = 1
            co_msb_sync = 1
            cy_dpconfig = "0000000001000000000000001000000001000000010000000000000010000000000000000100000010101000010100000010000001000000101010000101000011111111000000001111111111111111101011110000000000000001000001110000000000011000"
            d0_init = "00000000"
            d1_init = "00000000"
            f0_blk_sync = 1
            f0_bus_sync = 1
            f1_blk_sync = 1
            f1_bus_sync = 1
            ff0_sync = 1
            ff1_sync = 1
            ov_msb_sync = 1
            so_sync = 1
            z0_sync = 1
            z1_sync = 1
        }
        Clock Polarity: Active High
        Clock Enable: True
        Previous in chain : \Counter:CounterUDB:sC16:counterdp:u0\

    datapathcell: Name =\PWM:PWMUDB:sP16:pwmdp:u0\
        PORT MAP (
            clock => Net_147 ,
            cs_addr_2 => \PWM:PWMUDB:tc_i\ ,
            cs_addr_1 => \PWM:PWMUDB:runmode_enable\ ,
            chain_out => \PWM:PWMUDB:sP16:pwmdp:carry\ );
        Properties:
        {
            a0_init = "00000000"
            a1_init = "00000000"
            ce0_sync = 1
            ce1_sync = 1
            cl0_sync = 1
            cl1_sync = 1
            cmsb_sync = 1
            co_msb_sync = 1
            cy_dpconfig = "0000000001000000000000001100000001000000010000000000000011000000000000001100000000000000110000000000000011000000000000001100000011111111000000001111111111111111101000000000000000000100000000000000000000011000"
            d0_init = "00000000"
            d1_init = "00000000"
            f0_blk_sync = 1
            f0_bus_sync = 1
            f1_blk_sync = 1
            f1_bus_sync = 1
            ff0_sync = 1
            ff1_sync = 1
            ov_msb_sync = 1
            so_sync = 1
            z0_sync = 1
            z1_sync = 1
        }
        Clock Polarity: Active High
        Clock Enable: True
        Next in chain : \PWM:PWMUDB:sP16:pwmdp:u1\

    datapathcell: Name =\PWM:PWMUDB:sP16:pwmdp:u1\
        PORT MAP (
            clock => Net_147 ,
            cs_addr_2 => \PWM:PWMUDB:tc_i\ ,
            cs_addr_1 => \PWM:PWMUDB:runmode_enable\ ,
            cl0_comb => \PWM:PWMUDB:cmp1_less\ ,
            z0_comb => \PWM:PWMUDB:tc_i\ ,
            f1_blk_stat_comb => \PWM:PWMUDB:status_3\ ,
            chain_in => \PWM:PWMUDB:sP16:pwmdp:carry\ );
        Properties:
        {
            a0_init = "00000000"
            a1_init = "00000000"
            ce0_sync = 1
            ce1_sync = 1
            cl0_sync = 1
            cl1_sync = 1
            cmsb_sync = 1
            co_msb_sync = 1
            cy_dpconfig = "0000000001000000000000001100000001000000010000000000000011000000000000001100000000000000110000000000000011000000000000001100000011111111000000001111111111111111101011110000000000000100000011110000000000011000"
            d0_init = "00000000"
            d1_init = "00000000"
            f0_blk_sync = 1
            f0_bus_sync = 1
            f1_blk_sync = 1
            f1_bus_sync = 1
            ff0_sync = 1
            ff1_sync = 1
            ov_msb_sync = 1
            so_sync = 1
            z0_sync = 1
            z1_sync = 1
        }
        Clock Polarity: Active High
        Clock Enable: True
        Previous in chain : \PWM:PWMUDB:sP16:pwmdp:u0\

    datapathcell: Name =\UART:BUART:sTX:TxShifter:u0\
        PORT MAP (
            clock => \UART:Net_9\ ,
            cs_addr_2 => \UART:BUART:tx_state_1\ ,
            cs_addr_1 => \UART:BUART:tx_state_0\ ,
            cs_addr_0 => \UART:BUART:tx_bitclk_enable_pre\ ,
            so_comb => \UART:BUART:tx_shift_out\ ,
            f0_bus_stat_comb => \UART:BUART:tx_fifo_notfull\ ,
            f0_blk_stat_comb => \UART:BUART:tx_fifo_empty\ );
        Properties:
        {
            a0_init = "00000000"
            a1_init = "00000000"
            ce0_sync = 1
            ce1_sync = 1
            cl0_sync = 1
            cl1_sync = 1
            cmsb_sync = 1
            co_msb_sync = 1
            cy_dpconfig = "0000000000000000000000000000000000000000000000000000000011000000000000000000000000000010010000000000000000000000000000000000000011111111000000001111111111111111000000000000000001000100111100000000000000001100"
            d0_init = "00000000"
            d1_init = "00000000"
            f0_blk_sync = 1
            f0_bus_sync = 1
            f1_blk_sync = 1
            f1_bus_sync = 1
            ff0_sync = 1
            ff1_sync = 1
            ov_msb_sync = 1
            so_sync = 1
            z0_sync = 1
            z1_sync = 1
        }
        Clock Polarity: Active High
        Clock Enable: True

    datapathcell: Name =\UART:BUART:sTX:sCLOCK:TxBitClkGen\
        PORT MAP (
            clock => \UART:Net_9\ ,
            cs_addr_0 => \UART:BUART:counter_load_not\ ,
            ce0_reg => \UART:BUART:tx_bitclk_enable_pre\ ,
            ce1_reg => \UART:BUART:tx_counter_dp\ );
        Properties:
        {
            a0_init = "00000000"
            a1_init = "00000000"
            ce0_sync = 1
            ce1_sync = 1
            cl0_sync = 1
            cl1_sync = 1
            cmsb_sync = 1
            co_msb_sync = 1
            cy_dpconfig = "1010100001000000001000000100000000000000000000000000000000000000000000000000000000000000000000000000000000000000000000000000000011111111000000001111111100000111001000000100000000000101111100000000000000001000"
            d0_init = "00000000"
            d1_init = "00000000"
            f0_blk_sync = 1
            f0_bus_sync = 1
            f1_blk_sync = 1
            f1_bus_sync = 1
            ff0_sync = 1
            ff1_sync = 1
            ov_msb_sync = 1
            so_sync = 1
            z0_sync = 1
            z1_sync = 1
        }
        Clock Polarity: Active High
        Clock Enable: True

    datapathcell: Name =\UART:BUART:sRX:RxShifter:u0\
        PORT MAP (
            clock => \UART:Net_9\ ,
            cs_addr_2 => \UART:BUART:tx_ctrl_mark_last\ ,
            cs_addr_1 => \UART:BUART:rx_state_0\ ,
            cs_addr_0 => \UART:BUART:rx_bitclk_enable\ ,
            route_si => \UART:BUART:rx_postpoll\ ,
            f0_load => \UART:BUART:rx_load_fifo\ ,
            f0_bus_stat_comb => \UART:BUART:rx_fifonotempty\ ,
            f0_blk_stat_comb => \UART:BUART:rx_fifofull\ );
        Properties:
        {
            a0_init = "00000000"
            a1_init = "00000000"
            ce0_sync = 1
            ce1_sync = 1
            cl0_sync = 1
            cl1_sync = 1
            cmsb_sync = 1
            co_msb_sync = 1
            cy_dpconfig = "0000000000000000000000000000000000000000000000000000001001000000000100000000000000010000001100000001000000000000000100100001000011111111000000001111111111111111101000000110001001000001111100000000000000001100"
            d0_init = "00000000"
            d1_init = "00000000"
            f0_blk_sync = 1
            f0_bus_sync = 1
            f1_blk_sync = 1
            f1_bus_sync = 1
            ff0_sync = 1
            ff1_sync = 1
            ov_msb_sync = 1
            so_sync = 1
            z0_sync = 1
            z1_sync = 1
        }
        Clock Polarity: Active High
        Clock Enable: True

    datapathcell: Name =\freqcounter:CounterUDB:sC32:counterdp:u0\
        PORT MAP (
            clock => Net_149 ,
            cs_addr_2 => __ONE__ ,
            cs_addr_1 => \freqcounter:CounterUDB:count_enable\ ,
            cs_addr_0 => \freqcounter:CounterUDB:reload\ ,
            chain_out => \freqcounter:CounterUDB:sC32:counterdp:carry0\ );
        Properties:
        {
            a0_init = "00000000"
            a1_init = "00000000"
            ce0_sync = 1
            ce1_sync = 1
            cl0_sync = 1
            cl1_sync = 1
            cmsb_sync = 1
            co_msb_sync = 1
            cy_dpconfig = "0000000001000000000000001000000001000000010000000000000010000000000000000100000010101000010100000010000001000000101010000101000011111111000000001111111111111111101000000000000000000001000000000000000000011000"
            d0_init = "00000000"
            d1_init = "00000000"
            f0_blk_sync = 1
            f0_bus_sync = 1
            f1_blk_sync = 1
            f1_bus_sync = 1
            ff0_sync = 1
            ff1_sync = 1
            ov_msb_sync = 1
            so_sync = 1
            z0_sync = 1
            z1_sync = 1
        }
        Clock Polarity: Active High
        Clock Enable: True
        Next in chain : \freqcounter:CounterUDB:sC32:counterdp:u1\

    datapathcell: Name =\freqcounter:CounterUDB:sC32:counterdp:u1\
        PORT MAP (
            clock => Net_149 ,
            cs_addr_2 => __ONE__ ,
            cs_addr_1 => \freqcounter:CounterUDB:count_enable\ ,
            cs_addr_0 => \freqcounter:CounterUDB:reload\ ,
            chain_in => \freqcounter:CounterUDB:sC32:counterdp:carry0\ ,
            chain_out => \freqcounter:CounterUDB:sC32:counterdp:carry1\ );
        Properties:
        {
            a0_init = "00000000"
            a1_init = "00000000"
            ce0_sync = 1
            ce1_sync = 1
            cl0_sync = 1
            cl1_sync = 1
            cmsb_sync = 1
            co_msb_sync = 1
            cy_dpconfig = "0000000001000000000000001000000001000000010000000000000010000000000000000100000010101000010100000010000001000000101010000101000011111111000000001111111111111111101011110000000000000001000001110000000000011000"
            d0_init = "00000000"
            d1_init = "00000000"
            f0_blk_sync = 1
            f0_bus_sync = 1
            f1_blk_sync = 1
            f1_bus_sync = 1
            ff0_sync = 1
            ff1_sync = 1
            ov_msb_sync = 1
            so_sync = 1
            z0_sync = 1
            z1_sync = 1
        }
        Clock Polarity: Active High
        Clock Enable: True
        Previous in chain : \freqcounter:CounterUDB:sC32:counterdp:u0\
        Next in chain : \freqcounter:CounterUDB:sC32:counterdp:u2\

    datapathcell: Name =\freqcounter:CounterUDB:sC32:counterdp:u2\
        PORT MAP (
            clock => Net_149 ,
            cs_addr_2 => __ONE__ ,
            cs_addr_1 => \freqcounter:CounterUDB:count_enable\ ,
            cs_addr_0 => \freqcounter:CounterUDB:reload\ ,
            chain_in => \freqcounter:CounterUDB:sC32:counterdp:carry1\ ,
            chain_out => \freqcounter:CounterUDB:sC32:counterdp:carry2\ );
        Properties:
        {
            a0_init = "00000000"
            a1_init = "00000000"
            ce0_sync = 1
            ce1_sync = 1
            cl0_sync = 1
            cl1_sync = 1
            cmsb_sync = 1
            co_msb_sync = 1
            cy_dpconfig = "0000000001000000000000001000000001000000010000000000000010000000000000000100000010101000010100000010000001000000101010000101000011111111000000001111111111111111101011110000000000000001000001110000000000011000"
            d0_init = "00000000"
            d1_init = "00000000"
            f0_blk_sync = 1
            f0_bus_sync = 1
            f1_blk_sync = 1
            f1_bus_sync = 1
            ff0_sync = 1
            ff1_sync = 1
            ov_msb_sync = 1
            so_sync = 1
            z0_sync = 1
            z1_sync = 1
        }
        Clock Polarity: Active High
        Clock Enable: True
        Previous in chain : \freqcounter:CounterUDB:sC32:counterdp:u1\
        Next in chain : \freqcounter:CounterUDB:sC32:counterdp:u3\

    datapathcell: Name =\freqcounter:CounterUDB:sC32:counterdp:u3\
        PORT MAP (
            clock => Net_149 ,
            cs_addr_2 => __ONE__ ,
            cs_addr_1 => \freqcounter:CounterUDB:count_enable\ ,
            cs_addr_0 => \freqcounter:CounterUDB:reload\ ,
            ce0_comb => \freqcounter:CounterUDB:reload\ ,
            z0_comb => \freqcounter:CounterUDB:status_1\ ,
            ce1_comb => \freqcounter:CounterUDB:cmp_out_i\ ,
            f0_bus_stat_comb => \freqcounter:CounterUDB:status_6\ ,
            f0_blk_stat_comb => \freqcounter:CounterUDB:status_5\ ,
            chain_in => \freqcounter:CounterUDB:sC32:counterdp:carry2\ );
        Properties:
        {
            a0_init = "00000000"
            a1_init = "00000000"
            ce0_sync = 1
            ce1_sync = 1
            cl0_sync = 1
            cl1_sync = 1
            cmsb_sync = 1
            co_msb_sync = 1
            cy_dpconfig = "0000000001000000000000001000000001000000010000000000000010000000000000000100000010101000010100000010000001000000101010000101000011111111000000001111111111111111101011110000000000000001000001110000000000011000"
            d0_init = "00000000"
            d1_init = "00000000"
            f0_blk_sync = 1
            f0_bus_sync = 1
            f1_blk_sync = 1
            f1_bus_sync = 1
            ff0_sync = 1
            ff1_sync = 1
            ov_msb_sync = 1
            so_sync = 1
            z0_sync = 1
            z1_sync = 1
        }
        Clock Polarity: Active High
        Clock Enable: True
        Previous in chain : \freqcounter:CounterUDB:sC32:counterdp:u2\

    datapathcell: Name =\Timer:TimerUDB:sT32:timerdp:u0\
        PORT MAP (
            clock => ClockBlock_BUS_CLK ,
            cs_addr_1 => \Timer:TimerUDB:run_mode\ ,
            cs_addr_0 => \Timer:TimerUDB:per_zero\ ,
            f0_load => \Timer:TimerUDB:capt_fifo_load\ ,
            chain_out => \Timer:TimerUDB:sT32:timerdp:carry0\ );
        Properties:
        {
            a0_init = "00000000"
            a1_init = "00000000"
            ce0_sync = 1
            ce1_sync = 1
            cl0_sync = 1
            cl1_sync = 1
            cmsb_sync = 1
            co_msb_sync = 1
            cy_dpconfig = "0000000001000000000000000100000001000000010000000000000010000000000000001000000000000000100000000000000010000000000000001000000011111111000000001111111111111111000000000000000000000001000000000000000000011000"
            d0_init = "00000000"
            d1_init = "00000000"
            f0_blk_sync = 1
            f0_bus_sync = 1
            f1_blk_sync = 1
            f1_bus_sync = 1
            ff0_sync = 1
            ff1_sync = 1
            ov_msb_sync = 1
            so_sync = 1
            z0_sync = 1
            z1_sync = 1
        }
        Clock Polarity: Active High
        Clock Enable: True
        Next in chain : \Timer:TimerUDB:sT32:timerdp:u1\

    datapathcell: Name =\Timer:TimerUDB:sT32:timerdp:u1\
        PORT MAP (
            clock => ClockBlock_BUS_CLK ,
            cs_addr_1 => \Timer:TimerUDB:run_mode\ ,
            cs_addr_0 => \Timer:TimerUDB:per_zero\ ,
            f0_load => \Timer:TimerUDB:capt_fifo_load\ ,
            chain_in => \Timer:TimerUDB:sT32:timerdp:carry0\ ,
            chain_out => \Timer:TimerUDB:sT32:timerdp:carry1\ );
        Properties:
        {
            a0_init = "00000000"
            a1_init = "00000000"
            ce0_sync = 1
            ce1_sync = 1
            cl0_sync = 1
            cl1_sync = 1
            cmsb_sync = 1
            co_msb_sync = 1
            cy_dpconfig = "0000000001000000000000000100000001000000010000000000000010000000000000001000000000000000100000000000000010000000000000001000000011111111000000001111111111111111100000110000000000000001000000110000000000011000"
            d0_init = "00000000"
            d1_init = "00000000"
            f0_blk_sync = 1
            f0_bus_sync = 1
            f1_blk_sync = 1
            f1_bus_sync = 1
            ff0_sync = 1
            ff1_sync = 1
            ov_msb_sync = 1
            so_sync = 1
            z0_sync = 1
            z1_sync = 1
        }
        Clock Polarity: Active High
        Clock Enable: True
        Previous in chain : \Timer:TimerUDB:sT32:timerdp:u0\
        Next in chain : \Timer:TimerUDB:sT32:timerdp:u2\

    datapathcell: Name =\Timer:TimerUDB:sT32:timerdp:u2\
        PORT MAP (
            clock => ClockBlock_BUS_CLK ,
            cs_addr_1 => \Timer:TimerUDB:run_mode\ ,
            cs_addr_0 => \Timer:TimerUDB:per_zero\ ,
            f0_load => \Timer:TimerUDB:capt_fifo_load\ ,
            chain_in => \Timer:TimerUDB:sT32:timerdp:carry1\ ,
            chain_out => \Timer:TimerUDB:sT32:timerdp:carry2\ );
        Properties:
        {
            a0_init = "00000000"
            a1_init = "00000000"
            ce0_sync = 1
            ce1_sync = 1
            cl0_sync = 1
            cl1_sync = 1
            cmsb_sync = 1
            co_msb_sync = 1
            cy_dpconfig = "0000000001000000000000000100000001000000010000000000000010000000000000001000000000000000100000000000000010000000000000001000000011111111000000001111111111111111100000110000000000000001000000110000000000011000"
            d0_init = "00000000"
            d1_init = "00000000"
            f0_blk_sync = 1
            f0_bus_sync = 1
            f1_blk_sync = 1
            f1_bus_sync = 1
            ff0_sync = 1
            ff1_sync = 1
            ov_msb_sync = 1
            so_sync = 1
            z0_sync = 1
            z1_sync = 1
        }
        Clock Polarity: Active High
        Clock Enable: True
        Previous in chain : \Timer:TimerUDB:sT32:timerdp:u1\
        Next in chain : \Timer:TimerUDB:sT32:timerdp:u3\

    datapathcell: Name =\Timer:TimerUDB:sT32:timerdp:u3\
        PORT MAP (
            clock => ClockBlock_BUS_CLK ,
            cs_addr_1 => \Timer:TimerUDB:run_mode\ ,
            cs_addr_0 => \Timer:TimerUDB:per_zero\ ,
            f0_load => \Timer:TimerUDB:capt_fifo_load\ ,
            z0_comb => \Timer:TimerUDB:per_zero\ ,
            f0_bus_stat_comb => \Timer:TimerUDB:status_3\ ,
            f0_blk_stat_comb => \Timer:TimerUDB:status_2\ ,
            chain_in => \Timer:TimerUDB:sT32:timerdp:carry2\ );
        Properties:
        {
            a0_init = "00000000"
            a1_init = "00000000"
            ce0_sync = 1
            ce1_sync = 1
            cl0_sync = 1
            cl1_sync = 1
            cmsb_sync = 1
            co_msb_sync = 1
            cy_dpconfig = "0000000001000000000000000100000001000000010000000000000010000000000000001000000000000000100000000000000010000000000000001000000011111111000000001111111111111111100000110000000000000001000000110000000000011000"
            d0_init = "00000000"
            d1_init = "00000000"
            f0_blk_sync = 1
            f0_bus_sync = 1
            f1_blk_sync = 1
            f1_bus_sync = 1
            ff0_sync = 1
            ff1_sync = 1
            ov_msb_sync = 1
            so_sync = 1
            z0_sync = 1
            z1_sync = 1
        }
        Clock Polarity: Active High
        Clock Enable: True
        Previous in chain : \Timer:TimerUDB:sT32:timerdp:u2\
    </CYPRESSTAG>
    <CYPRESSTAG name="Status register listing">
    </CYPRESSTAG>
    <CYPRESSTAG name="StatusI register listing">

    ------------------------------------------------------------
    StatusI register listing
    ------------------------------------------------------------

    statusicell: Name =\Counter:CounterUDB:sSTSReg:stsreg\
        PORT MAP (
            reset => Net_553 ,
            clock => Net_149 ,
            status_6 => \Counter:CounterUDB:status_6\ ,
            status_5 => \Counter:CounterUDB:status_5\ ,
            status_2 => \Counter:CounterUDB:status_2\ ,
            status_1 => \Counter:CounterUDB:status_1\ ,
            status_0 => \Counter:CounterUDB:status_0\ );
        Properties:
        {
            cy_force_order = 1
            cy_int_mask = "1111111"
            cy_md_select = "0011111"
        }
        Clock Polarity: Active High
        Clock Enable: True

    statusicell: Name =\PWM:PWMUDB:genblk8:stsreg\
        PORT MAP (
            clock => Net_147 ,
            status_3 => \PWM:PWMUDB:status_3\ ,
            status_2 => \PWM:PWMUDB:status_2\ ,
            status_0 => \PWM:PWMUDB:status_0\ );
        Properties:
        {
            cy_force_order = 1
            cy_int_mask = "1111111"
            cy_md_select = "0100111"
        }
        Clock Polarity: Active High
        Clock Enable: True

    statusicell: Name =\UART:BUART:sTX:TxSts\
        PORT MAP (
            clock => \UART:Net_9\ ,
            status_3 => \UART:BUART:tx_fifo_notfull\ ,
            status_2 => \UART:BUART:tx_status_2\ ,
            status_1 => \UART:BUART:tx_fifo_empty\ ,
            status_0 => \UART:BUART:tx_status_0\ );
        Properties:
        {
            cy_force_order = 1
            cy_int_mask = "1111111"
            cy_md_select = "0000001"
        }
        Clock Polarity: Active High
        Clock Enable: True

    statusicell: Name =\UART:BUART:sRX:RxSts\
        PORT MAP (
            clock => \UART:Net_9\ ,
            status_5 => \UART:BUART:rx_status_5\ ,
            status_4 => \UART:BUART:rx_status_4\ ,
            status_3 => \UART:BUART:rx_status_3\ );
        Properties:
        {
            cy_force_order = 1
            cy_int_mask = "1111111"
            cy_md_select = "1011111"
        }
        Clock Polarity: Active High
        Clock Enable: True

    statusicell: Name =\freqcounter:CounterUDB:sSTSReg:stsreg\
        PORT MAP (
            clock => Net_149 ,
            status_6 => \freqcounter:CounterUDB:status_6\ ,
            status_5 => \freqcounter:CounterUDB:status_5\ ,
            status_2 => \freqcounter:CounterUDB:status_2\ ,
            status_1 => \freqcounter:CounterUDB:status_1\ ,
            status_0 => \freqcounter:CounterUDB:status_0\ );
        Properties:
        {
            cy_force_order = 1
            cy_int_mask = "1111111"
            cy_md_select = "0011111"
        }
        Clock Polarity: Active High
        Clock Enable: True

    statusicell: Name =\Timer:TimerUDB:rstSts:stsreg\
        PORT MAP (
            clock => ClockBlock_BUS_CLK ,
            status_3 => \Timer:TimerUDB:status_3\ ,
            status_2 => \Timer:TimerUDB:status_2\ ,
            status_1 => \Timer:TimerUDB:capt_fifo_load\ ,
            status_0 => \Timer:TimerUDB:status_tc\ );
        Properties:
        {
            cy_force_order = 1
            cy_int_mask = "1111111"
            cy_md_select = "0000011"
        }
        Clock Polarity: Active High
        Clock Enable: True
    </CYPRESSTAG>
    <CYPRESSTAG name="Sync listing">
    </CYPRESSTAG>
    <CYPRESSTAG name="Control register listing">

    ------------------------------------------------------------
    Control register listing
    ------------------------------------------------------------

    controlcell: Name =\PWM:PWMUDB:genblk1:ctrlreg\
        PORT MAP (
            clock => Net_147 ,
            control_7 => \PWM:PWMUDB:control_7\ ,
            control_6 => \PWM:PWMUDB:control_6\ ,
            control_5 => \PWM:PWMUDB:control_5\ ,
            control_4 => \PWM:PWMUDB:control_4\ ,
            control_3 => \PWM:PWMUDB:control_3\ ,
            control_2 => \PWM:PWMUDB:control_2\ ,
            control_1 => \PWM:PWMUDB:control_1\ ,
            control_0 => \PWM:PWMUDB:control_0\ );
        Properties:
        {
            cy_ctrl_mode_0 = "11111111"
            cy_ctrl_mode_1 = "00000000"
            cy_ext_reset = 0
            cy_force_order = 1
            cy_init_value = "00000000"
        }
        Clock Polarity: Active High
        Clock Enable: True

    controlcell: Name =\Timer:TimerUDB:sCTRLReg:SyncCtl:ctrlreg\
        PORT MAP (
            clock => ClockBlock_BUS_CLK ,
            control_7 => \Timer:TimerUDB:control_7\ ,
            control_6 => \Timer:TimerUDB:control_6\ ,
            control_5 => \Timer:TimerUDB:control_5\ ,
            control_4 => \Timer:TimerUDB:control_4\ ,
            control_3 => \Timer:TimerUDB:control_3\ ,
            control_2 => \Timer:TimerUDB:control_2\ ,
            control_1 => \Timer:TimerUDB:control_1\ ,
            control_0 => \Timer:TimerUDB:control_0\ );
        Properties:
        {
            cy_ctrl_mode_0 = "11111111"
            cy_ctrl_mode_1 = "00000000"
            cy_ext_reset = 0
            cy_force_order = 1
            cy_init_value = "00000000"
        }
        Clock Polarity: Active High
        Clock Enable: True

    controlcell: Name =\muxSel:Sync:ctrl_reg\
        PORT MAP (
            control_7 => \muxSel:control_7\ ,
            control_6 => \muxSel:control_6\ ,
            control_5 => \muxSel:control_5\ ,
            control_4 => \muxSel:control_4\ ,
            control_3 => \muxSel:control_3\ ,
            control_2 => \muxSel:control_2\ ,
            control_1 => \muxSel:control_1\ ,
            control_0 => Net_519 );
        Properties:
        {
            cy_ctrl_mode_0 = "00000000"
            cy_ctrl_mode_1 = "00000000"
            cy_ext_reset = 0
            cy_force_order = 1
            cy_init_value = "00000000"
        }
        Clock Enable: True
    </CYPRESSTAG>
    <CYPRESSTAG name="Count7 listing">

    ------------------------------------------------------------
    Count7 listing
    ------------------------------------------------------------

    count7cell: Name =\UART:BUART:sRX:RxBitCounter\
        PORT MAP (
            clock => \UART:Net_9\ ,
            load => \UART:BUART:rx_counter_load\ ,
            count_6 => \UART:BUART:rx_count_6\ ,
            count_5 => \UART:BUART:rx_count_5\ ,
            count_4 => \UART:BUART:rx_count_4\ ,
            count_3 => \UART:BUART:rx_count_3\ ,
            count_2 => \UART:BUART:rx_count_2\ ,
            count_1 => \UART:BUART:rx_count_1\ ,
            count_0 => \UART:BUART:rx_count_0\ ,
            tc => \UART:BUART:rx_count7_tc\ );
        Properties:
        {
            cy_alt_mode = 0
            cy_init_value = "0000000"
            cy_period = "1110010"
            cy_route_en = 1
            cy_route_ld = 1
        }
        Clock Polarity: Active High
        Clock Enable: True
    </CYPRESSTAG>
    <CYPRESSTAG name="DRQ listing">
    </CYPRESSTAG>
    <CYPRESSTAG name="Interrupt listing">

    ------------------------------------------------------------
    Interrupt listing
    ------------------------------------------------------------

    interrupt: Name =isr_sw
        PORT MAP (
            interrupt => Net_557 );
        Properties:
        {
            int_type = "00"
            is_nmi = 0
        }

    interrupt: Name =isr_timeStamp
        PORT MAP (
            interrupt => Net_565 );
        Properties:
        {
            int_type = "10"
            is_nmi = 0
        }
    </CYPRESSTAG>
</CYPRESSTAG>
<CYPRESSTAG name="Technology mapping summary" expanded>

------------------------------------------------------------
Technology mapping summary
------------------------------------------------------------

Resource Type                 : Used : Free :  Max :  % Used
============================================================
Digital Clocks                :    3 :    5 :    8 : 37.50 %
Analog Clocks                 :    0 :    4 :    4 :  0.00 %
CapSense Buffers              :    0 :    2 :    2 :  0.00 %
Digital Filter Block          :    0 :    1 :    1 :  0.00 %
Interrupts                    :    2 :   30 :   32 :  6.25 %
IO                            :   10 :   38 :   48 : 20.83 %
Segment LCD                   :    0 :    1 :    1 :  0.00 %
CAN 2.0b                      :    0 :    1 :    1 :  0.00 %
I2C                           :    0 :    1 :    1 :  0.00 %
USB                           :    0 :    1 :    1 :  0.00 %
DMA Channels                  :    0 :   24 :   24 :  0.00 %
Timer                         :    0 :    4 :    4 :  0.00 %
UDB                           :      :      :      :        
  Macrocells                  :   49 :  143 :  192 : 25.52 %
  Unique P-terms              :   68 :  316 :  384 : 17.71 %
  Total P-terms               :   83 :      :      :        
  Datapath Cells              :   15 :    9 :   24 : 62.50 %
  Status Cells                :    7 :   17 :   24 : 29.17 %
    StatusI Registers         :    6 :      :      :        
    Routed Count7 Load/Enable :    1 :      :      :        
  Control Cells               :    4 :   20 :   24 : 16.67 %
    Control Registers         :    3 :      :      :        
    Count7 Cells              :    1 :      :      :        
Opamp                         :    0 :    4 :    4 :  0.00 %
Comparator                    :    1 :    3 :    4 : 25.00 %
Delta-Sigma ADC               :    0 :    1 :    1 :  0.00 %
LPF                           :    0 :    2 :    2 :  0.00 %
SAR ADC                       :    0 :    2 :    2 :  0.00 %
Analog (SC/CT) Blocks         :    0 :    4 :    4 :  0.00 %
DAC                           :      :      :      :        
  VIDAC                       :    0 :    4 :    4 :  0.00 %
</CYPRESSTAG>
Technology Mapping: Elapsed time ==> 0s.065ms
Tech Mapping phase: Elapsed time ==> 0s.097ms
</CYPRESSTAG>
<CYPRESSTAG name="Analog Placement">
Initial Analog Placement Results:
IO_6@[IOP=(0)][IoId=(6)] : BPD_in(0) (fixed)
IO_6@[IOP=(12)][IoId=(6)] : Rx_1(0) (fixed)
IO_7@[IOP=(12)][IoId=(7)] : Tx_1(0) (fixed)
IO_1@[IOP=(0)][IoId=(1)] : comp_out_monitor(0) (fixed)
IO_3@[IOP=(12)][IoId=(3)] : count_out(0) (fixed)
IO_6@[IOP=(3)][IoId=(6)] : ref(0) (fixed)
IO_2@[IOP=(2)][IoId=(2)] : sw(0) (fixed)
Comparator[3]@[FFB(Comparator,3)] : \Comp:ctComp\
Log: apr.M0058: The analog placement iterative improvement is 24% done. (App=cydsfit)
Log: apr.M0058: The analog placement iterative improvement is 70% done. (App=cydsfit)
Analog Placement Results:
IO_6@[IOP=(0)][IoId=(6)] : BPD_in(0) (fixed)
IO_6@[IOP=(12)][IoId=(6)] : Rx_1(0) (fixed)
IO_7@[IOP=(12)][IoId=(7)] : Tx_1(0) (fixed)
IO_1@[IOP=(0)][IoId=(1)] : comp_out_monitor(0) (fixed)
IO_3@[IOP=(12)][IoId=(3)] : count_out(0) (fixed)
IO_6@[IOP=(3)][IoId=(6)] : ref(0) (fixed)
IO_2@[IOP=(2)][IoId=(2)] : sw(0) (fixed)
Comparator[2]@[FFB(Comparator,2)] : \Comp:ctComp\

Analog Placement phase: Elapsed time ==> 0s.246ms
</CYPRESSTAG>
<CYPRESSTAG name="Analog Routing">
Analog Routing phase: Elapsed time ==> 0s.000ms
</CYPRESSTAG>
<CYPRESSTAG name="Analog Code Generation">
============ Analog Final Answer Routes ============
Dump of CyAnalogRoutingResultsDB
Map of net to items {
  Net: Net_511 {
    comp_2_vplus
    agl6_x_comp_2_vplus
    agl6
    agl6_x_p0_6
    p0_6
  }
  Net: Net_510 {
    p3_6
    agr6_x_p3_6
    agr6
    agr6_x_comp_1_vminus
    comp_1_vminus
    comp_1_vminus_x_comp_vref_vdda_0256
    comp_vref_vdda_0256
    comp_2_vminus_x_comp_vref_vdda_0256
    comp_2_vminus
  }
}
Map of item to net {
  comp_2_vplus                                     -> Net_511
  agl6_x_comp_2_vplus                              -> Net_511
  agl6                                             -> Net_511
  agl6_x_p0_6                                      -> Net_511
  p0_6                                             -> Net_511
  p3_6                                             -> Net_510
  agr6_x_p3_6                                      -> Net_510
  agr6                                             -> Net_510
  agr6_x_comp_1_vminus                             -> Net_510
  comp_1_vminus                                    -> Net_510
  comp_1_vminus_x_comp_vref_vdda_0256              -> Net_510
  comp_vref_vdda_0256                              -> Net_510
  comp_2_vminus_x_comp_vref_vdda_0256              -> Net_510
  comp_2_vminus                                    -> Net_510
}
Mux Info {
}
Dump of CyP35AnalogRoutingResultsDB
IsVddaHalfUsedForComp = False
IsVddaHalfUsedForSar0 = False
IsVddaHalfUsedForSar1 = False
Analog Code Generation phase: Elapsed time ==> 0s.089ms
</CYPRESSTAG>
<CYPRESSTAG name="Digital Placement">
<CYPRESSTAG name="Detailed placement messages">
I2076: Total run-time: 0.6 sec.

</CYPRESSTAG>
<CYPRESSTAG name="PLD Packing">
<CYPRESSTAG name="PLD Packing Summary" expanded>

------------------------------------------------------------
PLD Packing Summary
------------------------------------------------------------
            Resource Type : Used : Free :  Max :  % Used
    ====================================================
                     PLDs :   23 :   25 :   48 :  47.92%

<CYPRESSTAG name="PLD Statistics">

        PLD Resource Type :     Average/LAB
    =======================================
                   Inputs :            4.78
                   Pterms :            3.35
               Macrocells :            2.13
</CYPRESSTAG>
<CYPRESSTAG name="Packed PLD Contents">
Packed PLD Contents not displayed at this verbose level.</CYPRESSTAG>
</CYPRESSTAG>
PLD Packing: Elapsed time ==> 0s.000ms
</CYPRESSTAG>
<CYPRESSTAG name="Partitioning">
<CYPRESSTAG name="Initial Partitioning Summary">
Initial Partitioning Summary not displayed at this verbose level.</CYPRESSTAG>
<CYPRESSTAG name="Final Partitioning Summary">
Final Partitioning Summary not displayed at this verbose level.</CYPRESSTAG>
Partitioning: Elapsed time ==> 0s.027ms
</CYPRESSTAG>
<CYPRESSTAG name="Final Placement Summary">

------------------------------------------------------------
Final Placement Summary
------------------------------------------------------------

       Resource Type :      Count : Avg Inputs : Avg Outputs
    ========================================================
                 UDB :         16 :       4.88 :       3.06
<CYPRESSTAG name="Final Placement Details">
<CYPRESSTAG name="Component Details">

------------------------------------------------------------
Component Placement Details
------------------------------------------------------------
UDB [UDB=(0,0)] contents:
LAB@[UDB=(0,0)][LB=0] #macrocells=4, #inputs=11, #pterms=7
{
    [McSlotId=0]:     MacroCell: Name=\UART:BUART:rx_state_0\, Mode=(T-Register) @ [UDB=(0,0)][LB=0][MC=0]
        Total # of inputs        : 11
        Total # of product terms : 4
        List of special equations: 
            Clock  = (\UART:Net_9\) => Global
            Clock Enable: True
        Main Equation            : 4 pterms
        (
              !\UART:BUART:tx_ctrl_mark_last\ * !\UART:BUART:rx_state_0\ * 
              \UART:BUART:rx_bitclk_enable\ * !\UART:BUART:rx_state_3\ * 
              \UART:BUART:rx_state_2\ * !\UART:BUART:pollcount_1\ * !Net_359
            + !\UART:BUART:tx_ctrl_mark_last\ * !\UART:BUART:rx_state_0\ * 
              \UART:BUART:rx_bitclk_enable\ * !\UART:BUART:rx_state_3\ * 
              \UART:BUART:rx_state_2\ * !\UART:BUART:pollcount_1\ * 
              !\UART:BUART:pollcount_0\
            + !\UART:BUART:tx_ctrl_mark_last\ * \UART:BUART:rx_state_0\ * 
              !\UART:BUART:rx_state_3\ * !\UART:BUART:rx_state_2\ * 
              !\UART:BUART:rx_count_6\ * !\UART:BUART:rx_count_5\
            + !\UART:BUART:tx_ctrl_mark_last\ * \UART:BUART:rx_state_0\ * 
              !\UART:BUART:rx_state_3\ * !\UART:BUART:rx_state_2\ * 
              !\UART:BUART:rx_count_6\ * !\UART:BUART:rx_count_4\
        );
        Output = \UART:BUART:rx_state_0\ (fanout=8)
        Properties               : 
        {
        }

    [McSlotId=1]:     MacroCell: Name=\UART:BUART:rx_load_fifo\, Mode=(D-Register) @ [UDB=(0,0)][LB=0][MC=1]
        Total # of inputs        : 8
        Total # of product terms : 3
        List of special equations: 
            Clock  = (\UART:Net_9\) => Global
            Clock Enable: True
        Main Equation            : 3 pterms
        (
              !\UART:BUART:tx_ctrl_mark_last\ * !\UART:BUART:rx_state_0\ * 
              \UART:BUART:rx_bitclk_enable\ * \UART:BUART:rx_state_3\ * 
              !\UART:BUART:rx_state_2\
            + !\UART:BUART:tx_ctrl_mark_last\ * \UART:BUART:rx_state_0\ * 
              !\UART:BUART:rx_state_3\ * !\UART:BUART:rx_state_2\ * 
              !\UART:BUART:rx_count_6\ * !\UART:BUART:rx_count_5\
            + !\UART:BUART:tx_ctrl_mark_last\ * \UART:BUART:rx_state_0\ * 
              !\UART:BUART:rx_state_3\ * !\UART:BUART:rx_state_2\ * 
              !\UART:BUART:rx_count_6\ * !\UART:BUART:rx_count_4\
        );
        Output = \UART:BUART:rx_load_fifo\ (fanout=2)
        Properties               : 
        {
        }

    [McSlotId=2]:     MacroCell: Name=\UART:BUART:rx_status_3\, Mode=(D-Register) @ [UDB=(0,0)][LB=0][MC=2]
        Total # of inputs        : 8
        Total # of product terms : 2
        List of special equations: 
            Clock  = (\UART:Net_9\) => Global
            Clock Enable: True
        Main Equation            : 2 pterms
        (
              !\UART:BUART:tx_ctrl_mark_last\ * !\UART:BUART:rx_state_0\ * 
              \UART:BUART:rx_bitclk_enable\ * \UART:BUART:rx_state_3\ * 
              \UART:BUART:rx_state_2\ * !\UART:BUART:pollcount_1\ * !Net_359
            + !\UART:BUART:tx_ctrl_mark_last\ * !\UART:BUART:rx_state_0\ * 
              \UART:BUART:rx_bitclk_enable\ * \UART:BUART:rx_state_3\ * 
              \UART:BUART:rx_state_2\ * !\UART:BUART:pollcount_1\ * 
              !\UART:BUART:pollcount_0\
        );
        Output = \UART:BUART:rx_status_3\ (fanout=1)
        Properties               : 
        {
        }

    [McSlotId=3]:     MacroCell: Name=\UART:BUART:tx_ctrl_mark_last\, Mode=(T-Register) @ [UDB=(0,0)][LB=0][MC=3]
        Total # of inputs        : 0
        Total # of product terms : 0
        List of special equations: 
            Clock  = (\UART:Net_9\) => Global
            Clock Enable: True
        Main Equation            : 0 pterms
        (
            0
        );
        Output = \UART:BUART:tx_ctrl_mark_last\ (fanout=8)
        Properties               : 
        {
        }
}

LAB@[UDB=(0,0)][LB=1] #macrocells=4, #inputs=10, #pterms=8
{
    [McSlotId=0]:     MacroCell: Name=\UART:BUART:rx_state_2\, Mode=(T-Register) @ [UDB=(0,0)][LB=1][MC=0]
        Total # of inputs        : 10
        Total # of product terms : 5
        List of special equations: 
            Clock  = (\UART:Net_9\) => Global
            Clock Enable: True
        Main Equation            : 5 pterms
        (
              !\UART:BUART:tx_ctrl_mark_last\ * !\UART:BUART:rx_state_0\ * 
              \UART:BUART:rx_bitclk_enable\ * \UART:BUART:rx_state_3\
            + !\UART:BUART:tx_ctrl_mark_last\ * !\UART:BUART:rx_state_0\ * 
              \UART:BUART:rx_bitclk_enable\ * \UART:BUART:rx_state_2\
            + !\UART:BUART:tx_ctrl_mark_last\ * !\UART:BUART:rx_state_0\ * 
              !\UART:BUART:rx_state_3\ * !\UART:BUART:rx_state_2\ * !Net_359 * 
              \UART:BUART:rx_last\
            + !\UART:BUART:tx_ctrl_mark_last\ * \UART:BUART:rx_state_0\ * 
              !\UART:BUART:rx_state_3\ * !\UART:BUART:rx_state_2\ * 
              !\UART:BUART:rx_count_6\ * !\UART:BUART:rx_count_5\
            + !\UART:BUART:tx_ctrl_mark_last\ * \UART:BUART:rx_state_0\ * 
              !\UART:BUART:rx_state_3\ * !\UART:BUART:rx_state_2\ * 
              !\UART:BUART:rx_count_6\ * !\UART:BUART:rx_count_4\
        );
        Output = \UART:BUART:rx_state_2\ (fanout=7)
        Properties               : 
        {
        }

    [McSlotId=1]:     MacroCell: Name=\UART:BUART:rx_counter_load\, Mode=(Combinatorial) @ [UDB=(0,0)][LB=1][MC=1]
        Total # of inputs        : 4
        Total # of product terms : 1
            Clock Enable: True
        Main Equation            : 1 pterm
        (
              !\UART:BUART:tx_ctrl_mark_last\ * !\UART:BUART:rx_state_0\ * 
              !\UART:BUART:rx_state_3\ * !\UART:BUART:rx_state_2\
        );
        Output = \UART:BUART:rx_counter_load\ (fanout=2)
        Properties               : 
        {
        }

    [McSlotId=2]:     MacroCell: Name=\UART:BUART:rx_state_3\, Mode=(T-Register) @ [UDB=(0,0)][LB=1][MC=2]
        Total # of inputs        : 8
        Total # of product terms : 3
        List of special equations: 
            Clock  = (\UART:Net_9\) => Global
            Clock Enable: True
        Main Equation            : 3 pterms
        (
              !\UART:BUART:tx_ctrl_mark_last\ * !\UART:BUART:rx_state_0\ * 
              \UART:BUART:rx_bitclk_enable\ * \UART:BUART:rx_state_3\ * 
              \UART:BUART:rx_state_2\
            + !\UART:BUART:tx_ctrl_mark_last\ * \UART:BUART:rx_state_0\ * 
              !\UART:BUART:rx_state_3\ * !\UART:BUART:rx_state_2\ * 
              !\UART:BUART:rx_count_6\ * !\UART:BUART:rx_count_5\
            + !\UART:BUART:tx_ctrl_mark_last\ * \UART:BUART:rx_state_0\ * 
              !\UART:BUART:rx_state_3\ * !\UART:BUART:rx_state_2\ * 
              !\UART:BUART:rx_count_6\ * !\UART:BUART:rx_count_4\
        );
        Output = \UART:BUART:rx_state_3\ (fanout=7)
        Properties               : 
        {
        }

    [McSlotId=3]:     MacroCell: Name=\UART:BUART:rx_state_stop1_reg\, Mode=(D-Register) @ [UDB=(0,0)][LB=1][MC=3]
        Total # of inputs        : 4
        Total # of product terms : 1
        List of special equations: 
            Clock  = (\UART:Net_9\) => Global
            Clock Enable: True
        Main Equation            : 1 pterm
        !(
              !\UART:BUART:tx_ctrl_mark_last\ * !\UART:BUART:rx_state_0\ * 
              \UART:BUART:rx_state_3\ * \UART:BUART:rx_state_2\
        );
        Output = \UART:BUART:rx_state_stop1_reg\ (fanout=1)
        Properties               : 
        {
        }
}

datapathcell: Name =\UART:BUART:sRX:RxShifter:u0\
    PORT MAP (
        clock => \UART:Net_9\ ,
        cs_addr_2 => \UART:BUART:tx_ctrl_mark_last\ ,
        cs_addr_1 => \UART:BUART:rx_state_0\ ,
        cs_addr_0 => \UART:BUART:rx_bitclk_enable\ ,
        route_si => \UART:BUART:rx_postpoll\ ,
        f0_load => \UART:BUART:rx_load_fifo\ ,
        f0_bus_stat_comb => \UART:BUART:rx_fifonotempty\ ,
        f0_blk_stat_comb => \UART:BUART:rx_fifofull\ );
    Properties:
    {
        a0_init = "00000000"
        a1_init = "00000000"
        ce0_sync = 1
        ce1_sync = 1
        cl0_sync = 1
        cl1_sync = 1
        cmsb_sync = 1
        co_msb_sync = 1
        cy_dpconfig = "0000000000000000000000000000000000000000000000000000001001000000000100000000000000010000001100000001000000000000000100100001000011111111000000001111111111111111101000000110001001000001111100000000000000001100"
        d0_init = "00000000"
        d1_init = "00000000"
        f0_blk_sync = 1
        f0_bus_sync = 1
        f1_blk_sync = 1
        f1_bus_sync = 1
        ff0_sync = 1
        ff1_sync = 1
        ov_msb_sync = 1
        so_sync = 1
        z0_sync = 1
        z1_sync = 1
    }
    Clock Polarity: Active High
    Clock Enable: True

count7cell: Name =\UART:BUART:sRX:RxBitCounter\
    PORT MAP (
        clock => \UART:Net_9\ ,
        load => \UART:BUART:rx_counter_load\ ,
        count_6 => \UART:BUART:rx_count_6\ ,
        count_5 => \UART:BUART:rx_count_5\ ,
        count_4 => \UART:BUART:rx_count_4\ ,
        count_3 => \UART:BUART:rx_count_3\ ,
        count_2 => \UART:BUART:rx_count_2\ ,
        count_1 => \UART:BUART:rx_count_1\ ,
        count_0 => \UART:BUART:rx_count_0\ ,
        tc => \UART:BUART:rx_count7_tc\ );
    Properties:
    {
        cy_alt_mode = 0
        cy_init_value = "0000000"
        cy_period = "1110010"
        cy_route_en = 1
        cy_route_ld = 1
    }
    Clock Polarity: Active High
    Clock Enable: True

UDB [UDB=(0,1)] contents:
LAB@[UDB=(0,1)][LB=0] #macrocells=4, #inputs=9, #pterms=8
{
    [McSlotId=0]:     MacroCell: Name=\UART:BUART:tx_state_2\, Mode=(T-Register) @ [UDB=(0,1)][LB=0][MC=0]
        Total # of inputs        : 6
        Total # of product terms : 4
        List of special equations: 
            Clock  = (\UART:Net_9\) => Global
            Clock Enable: True
        Main Equation            : 4 pterms
        (
              !\UART:BUART:tx_state_1\ * !\UART:BUART:tx_state_0\ * 
              \UART:BUART:tx_bitclk_enable_pre\ * \UART:BUART:tx_state_2\
            + \UART:BUART:tx_state_1\ * \UART:BUART:tx_state_0\ * 
              \UART:BUART:tx_bitclk_enable_pre\ * \UART:BUART:tx_state_2\
            + \UART:BUART:tx_state_1\ * \UART:BUART:tx_state_0\ * 
              !\UART:BUART:tx_state_2\ * \UART:BUART:tx_bitclk\
            + \UART:BUART:tx_state_1\ * !\UART:BUART:tx_state_2\ * 
              \UART:BUART:tx_counter_dp\ * \UART:BUART:tx_bitclk\
        );
        Output = \UART:BUART:tx_state_2\ (fanout=7)
        Properties               : 
        {
        }

    [McSlotId=1]:     MacroCell: Name=\UART:BUART:counter_load_not\, Mode=(Combinatorial) @ [UDB=(0,1)][LB=0][MC=1]
        Total # of inputs        : 4
        Total # of product terms : 2
            Clock Enable: True
        Main Equation            : 2 pterms
        !(
              !\UART:BUART:tx_state_1\ * !\UART:BUART:tx_state_0\ * 
              \UART:BUART:tx_bitclk_enable_pre\
            + !\UART:BUART:tx_state_1\ * !\UART:BUART:tx_state_0\ * 
              !\UART:BUART:tx_state_2\
        );
        Output = \UART:BUART:counter_load_not\ (fanout=1)
        Properties               : 
        {
        }

    [McSlotId=2]:     MacroCell: Name=\UART:BUART:rx_bitclk_enable\, Mode=(D-Register) @ [UDB=(0,1)][LB=0][MC=2]
        Total # of inputs        : 3
        Total # of product terms : 1
        List of special equations: 
            Clock  = (\UART:Net_9\) => Global
            Clock Enable: True
        Main Equation            : 1 pterm
        (
              !\UART:BUART:rx_count_2\ * !\UART:BUART:rx_count_1\ * 
              !\UART:BUART:rx_count_0\
        );
        Output = \UART:BUART:rx_bitclk_enable\ (fanout=6)
        Properties               : 
        {
        }

    [McSlotId=3]:     MacroCell: Name=\UART:BUART:tx_state_1\, Mode=(T-Register) @ [UDB=(0,1)][LB=0][MC=3]
        Total # of inputs        : 6
        Total # of product terms : 3
        List of special equations: 
            Clock  = (\UART:Net_9\) => Global
            Clock Enable: True
        Main Equation            : 3 pterms
        (
              \UART:BUART:tx_state_1\ * \UART:BUART:tx_state_0\ * 
              \UART:BUART:tx_bitclk_enable_pre\ * \UART:BUART:tx_state_2\
            + \UART:BUART:tx_state_1\ * !\UART:BUART:tx_state_2\ * 
              \UART:BUART:tx_counter_dp\ * \UART:BUART:tx_bitclk\
            + \UART:BUART:tx_state_0\ * !\UART:BUART:tx_state_2\ * 
              \UART:BUART:tx_bitclk\
        );
        Output = \UART:BUART:tx_state_1\ (fanout=8)
        Properties               : 
        {
        }
}

LAB@[UDB=(0,1)][LB=1] #macrocells=4, #inputs=5, #pterms=8
{
    [McSlotId=0]:     MacroCell: Name=\UART:BUART:pollcount_1\, Mode=(D-Register) @ [UDB=(0,1)][LB=1][MC=0]
        Total # of inputs        : 5
        Total # of product terms : 3
        List of special equations: 
            Clock  = (\UART:Net_9\) => Global
            Clock Enable: True
        Main Equation            : 3 pterms
        (
              !\UART:BUART:rx_count_2\ * !\UART:BUART:rx_count_1\ * 
              !\UART:BUART:pollcount_1\ * Net_359 * \UART:BUART:pollcount_0\
            + !\UART:BUART:rx_count_2\ * !\UART:BUART:rx_count_1\ * 
              \UART:BUART:pollcount_1\ * !Net_359
            + !\UART:BUART:rx_count_2\ * !\UART:BUART:rx_count_1\ * 
              \UART:BUART:pollcount_1\ * !\UART:BUART:pollcount_0\
        );
        Output = \UART:BUART:pollcount_1\ (fanout=4)
        Properties               : 
        {
        }

    [McSlotId=1]:     MacroCell: Name=\UART:BUART:rx_postpoll\, Mode=(Combinatorial) @ [UDB=(0,1)][LB=1][MC=1]
        Total # of inputs        : 3
        Total # of product terms : 2
            Clock Enable: True
        Main Equation            : 2 pterms
        (
              \UART:BUART:pollcount_1\
            + Net_359 * \UART:BUART:pollcount_0\
        );
        Output = \UART:BUART:rx_postpoll\ (fanout=1)
        Properties               : 
        {
        }

    [McSlotId=2]:     MacroCell: Name=\UART:BUART:pollcount_0\, Mode=(D-Register) @ [UDB=(0,1)][LB=1][MC=2]
        Total # of inputs        : 4
        Total # of product terms : 2
        List of special equations: 
            Clock  = (\UART:Net_9\) => Global
            Clock Enable: True
        Main Equation            : 2 pterms
        (
              !\UART:BUART:rx_count_2\ * !\UART:BUART:rx_count_1\ * !Net_359 * 
              \UART:BUART:pollcount_0\
            + !\UART:BUART:rx_count_2\ * !\UART:BUART:rx_count_1\ * Net_359 * 
              !\UART:BUART:pollcount_0\
        );
        Output = \UART:BUART:pollcount_0\ (fanout=5)
        Properties               : 
        {
        }

    [McSlotId=3]:     MacroCell: Name=\UART:BUART:rx_last\, Mode=(D-Register) @ [UDB=(0,1)][LB=1][MC=3]
        Total # of inputs        : 1
        Total # of product terms : 1
        List of special equations: 
            Clock  = (\UART:Net_9\) => Global
            Clock Enable: True
        Main Equation            : 1 pterm
        (
              Net_359
        );
        Output = \UART:BUART:rx_last\ (fanout=1)
        Properties               : 
        {
        }
}

datapathcell: Name =\UART:BUART:sTX:sCLOCK:TxBitClkGen\
    PORT MAP (
        clock => \UART:Net_9\ ,
        cs_addr_0 => \UART:BUART:counter_load_not\ ,
        ce0_reg => \UART:BUART:tx_bitclk_enable_pre\ ,
        ce1_reg => \UART:BUART:tx_counter_dp\ );
    Properties:
    {
        a0_init = "00000000"
        a1_init = "00000000"
        ce0_sync = 1
        ce1_sync = 1
        cl0_sync = 1
        cl1_sync = 1
        cmsb_sync = 1
        co_msb_sync = 1
        cy_dpconfig = "1010100001000000001000000100000000000000000000000000000000000000000000000000000000000000000000000000000000000000000000000000000011111111000000001111111100000111001000000100000000000101111100000000000000001000"
        d0_init = "00000000"
        d1_init = "00000000"
        f0_blk_sync = 1
        f0_bus_sync = 1
        f1_blk_sync = 1
        f1_bus_sync = 1
        ff0_sync = 1
        ff1_sync = 1
        ov_msb_sync = 1
        so_sync = 1
        z0_sync = 1
        z1_sync = 1
    }
    Clock Polarity: Active High
    Clock Enable: True

UDB [UDB=(0,2)] is empty.
UDB [UDB=(0,3)] contents:
LAB@[UDB=(0,3)][LB=0] #macrocells=1, #inputs=2, #pterms=1
{
    [McSlotId=0]: (empty)
    [McSlotId=1]:     MacroCell: Name=\Timer:TimerUDB:run_mode\, Mode=(Combinatorial) @ [UDB=(0,3)][LB=0][MC=1]
        Total # of inputs        : 2
        Total # of product terms : 1
            Clock Enable: True
        Main Equation            : 1 pterm
        (
              !Net_557 * \Timer:TimerUDB:control_7\
        );
        Output = \Timer:TimerUDB:run_mode\ (fanout=4)
        Properties               : 
        {
        }

    [McSlotId=2]: (empty)
    [McSlotId=3]: (empty)
}

LAB@[UDB=(0,3)][LB=1] #macrocells=1, #inputs=6, #pterms=2
{
    [McSlotId=0]: (empty)
    [McSlotId=1]:     MacroCell: Name=Net_565, Mode=(D-Register) @ [UDB=(0,3)][LB=1][MC=1]
        Total # of inputs        : 6
        Total # of product terms : 2
        List of special equations: 
            Clock  = (ClockBlock_BUS_CLK) => Global
            Clock Enable: True
        Main Equation            : 2 pterms
        (
              Net_512 * !Net_557 * \Timer:TimerUDB:control_7\ * 
              !\Timer:TimerUDB:capture_last\ * !Net_519
            + !Net_557 * \Counter:CounterUDB:prevCompare\ * 
              \Timer:TimerUDB:control_7\ * !\Timer:TimerUDB:capture_last\ * 
              Net_519
        );
        Output = Net_565 (fanout=1)
        Properties               : 
        {
        }

    [McSlotId=2]: (empty)
    [McSlotId=3]: (empty)
}

datapathcell: Name =\Timer:TimerUDB:sT32:timerdp:u0\
    PORT MAP (
        clock => ClockBlock_BUS_CLK ,
        cs_addr_1 => \Timer:TimerUDB:run_mode\ ,
        cs_addr_0 => \Timer:TimerUDB:per_zero\ ,
        f0_load => \Timer:TimerUDB:capt_fifo_load\ ,
        chain_out => \Timer:TimerUDB:sT32:timerdp:carry0\ );
    Properties:
    {
        a0_init = "00000000"
        a1_init = "00000000"
        ce0_sync = 1
        ce1_sync = 1
        cl0_sync = 1
        cl1_sync = 1
        cmsb_sync = 1
        co_msb_sync = 1
        cy_dpconfig = "0000000001000000000000000100000001000000010000000000000010000000000000001000000000000000100000000000000010000000000000001000000011111111000000001111111111111111000000000000000000000001000000000000000000011000"
        d0_init = "00000000"
        d1_init = "00000000"
        f0_blk_sync = 1
        f0_bus_sync = 1
        f1_blk_sync = 1
        f1_bus_sync = 1
        ff0_sync = 1
        ff1_sync = 1
        ov_msb_sync = 1
        so_sync = 1
        z0_sync = 1
        z1_sync = 1
    }
    Clock Polarity: Active High
    Clock Enable: True
    Next in chain : \Timer:TimerUDB:sT32:timerdp:u1\

controlcell: Name =\Timer:TimerUDB:sCTRLReg:SyncCtl:ctrlreg\
    PORT MAP (
        clock => ClockBlock_BUS_CLK ,
        control_7 => \Timer:TimerUDB:control_7\ ,
        control_6 => \Timer:TimerUDB:control_6\ ,
        control_5 => \Timer:TimerUDB:control_5\ ,
        control_4 => \Timer:TimerUDB:control_4\ ,
        control_3 => \Timer:TimerUDB:control_3\ ,
        control_2 => \Timer:TimerUDB:control_2\ ,
        control_1 => \Timer:TimerUDB:control_1\ ,
        control_0 => \Timer:TimerUDB:control_0\ );
    Properties:
    {
        cy_ctrl_mode_0 = "11111111"
        cy_ctrl_mode_1 = "00000000"
        cy_ext_reset = 0
        cy_force_order = 1
        cy_init_value = "00000000"
    }
    Clock Polarity: Active High
    Clock Enable: True

UDB [UDB=(0,4)] contents:
LAB@[UDB=(0,4)][LB=0] #macrocells=2, #inputs=6, #pterms=3
{
    [McSlotId=0]: (empty)
    [McSlotId=1]: (empty)
    [McSlotId=2]:     MacroCell: Name=\Timer:TimerUDB:status_tc\, Mode=(Combinatorial) @ [UDB=(0,4)][LB=0][MC=2]
        Total # of inputs        : 3
        Total # of product terms : 1
            Clock Enable: True
        Main Equation            : 1 pterm
        (
              !Net_557 * \Timer:TimerUDB:control_7\ * 
              \Timer:TimerUDB:per_zero\
        );
        Output = \Timer:TimerUDB:status_tc\ (fanout=1)
        Properties               : 
        {
        }

    [McSlotId=3]:     MacroCell: Name=\Timer:TimerUDB:capture_last\, Mode=(D-Register) @ [UDB=(0,4)][LB=0][MC=3]
        Total # of inputs        : 3
        Total # of product terms : 2
        List of special equations: 
            Clock  = (ClockBlock_BUS_CLK) => Global
            Clock Enable: True
        Main Equation            : 2 pterms
        (
              Net_512 * !Net_519
            + \Counter:CounterUDB:prevCompare\ * Net_519
        );
        Output = \Timer:TimerUDB:capture_last\ (fanout=2)
        Properties               : 
        {
        }
}

LAB@[UDB=(0,4)][LB=1] #macrocells=1, #inputs=6, #pterms=2
{
    [McSlotId=0]: (empty)
    [McSlotId=1]:     MacroCell: Name=\Timer:TimerUDB:capt_fifo_load\, Mode=(Combinatorial) @ [UDB=(0,4)][LB=1][MC=1]
        Total # of inputs        : 6
        Total # of product terms : 2
            Clock Enable: True
        Main Equation            : 2 pterms
        (
              Net_512 * !Net_557 * \Timer:TimerUDB:control_7\ * 
              !\Timer:TimerUDB:capture_last\ * !Net_519
            + !Net_557 * \Counter:CounterUDB:prevCompare\ * 
              \Timer:TimerUDB:control_7\ * !\Timer:TimerUDB:capture_last\ * 
              Net_519
        );
        Output = \Timer:TimerUDB:capt_fifo_load\ (fanout=5)
        Properties               : 
        {
        }

    [McSlotId=2]: (empty)
    [McSlotId=3]: (empty)
}

datapathcell: Name =\Timer:TimerUDB:sT32:timerdp:u3\
    PORT MAP (
        clock => ClockBlock_BUS_CLK ,
        cs_addr_1 => \Timer:TimerUDB:run_mode\ ,
        cs_addr_0 => \Timer:TimerUDB:per_zero\ ,
        f0_load => \Timer:TimerUDB:capt_fifo_load\ ,
        z0_comb => \Timer:TimerUDB:per_zero\ ,
        f0_bus_stat_comb => \Timer:TimerUDB:status_3\ ,
        f0_blk_stat_comb => \Timer:TimerUDB:status_2\ ,
        chain_in => \Timer:TimerUDB:sT32:timerdp:carry2\ );
    Properties:
    {
        a0_init = "00000000"
        a1_init = "00000000"
        ce0_sync = 1
        ce1_sync = 1
        cl0_sync = 1
        cl1_sync = 1
        cmsb_sync = 1
        co_msb_sync = 1
        cy_dpconfig = "0000000001000000000000000100000001000000010000000000000010000000000000001000000000000000100000000000000010000000000000001000000011111111000000001111111111111111100000110000000000000001000000110000000000011000"
        d0_init = "00000000"
        d1_init = "00000000"
        f0_blk_sync = 1
        f0_bus_sync = 1
        f1_blk_sync = 1
        f1_bus_sync = 1
        ff0_sync = 1
        ff1_sync = 1
        ov_msb_sync = 1
        so_sync = 1
        z0_sync = 1
        z1_sync = 1
    }
    Clock Polarity: Active High
    Clock Enable: True
    Previous in chain : \Timer:TimerUDB:sT32:timerdp:u2\

statusicell: Name =\Timer:TimerUDB:rstSts:stsreg\
    PORT MAP (
        clock => ClockBlock_BUS_CLK ,
        status_3 => \Timer:TimerUDB:status_3\ ,
        status_2 => \Timer:TimerUDB:status_2\ ,
        status_1 => \Timer:TimerUDB:capt_fifo_load\ ,
        status_0 => \Timer:TimerUDB:status_tc\ );
    Properties:
    {
        cy_force_order = 1
        cy_int_mask = "1111111"
        cy_md_select = "0000011"
    }
    Clock Polarity: Active High
    Clock Enable: True

UDB [UDB=(0,5)] contents:
LAB@[UDB=(0,5)][LB=0] #macrocells=1, #inputs=3, #pterms=1
{
    [McSlotId=0]: (empty)
    [McSlotId=1]:     MacroCell: Name=\Counter:CounterUDB:count_enable\, Mode=(Combinatorial) @ [UDB=(0,5)][LB=0][MC=1]
        Total # of inputs        : 3
        Total # of product terms : 1
            Clock Enable: True
        Main Equation            : 1 pterm
        (
              Net_512 * !Net_557 * !\Counter:CounterUDB:count_stored_i\
        );
        Output = \Counter:CounterUDB:count_enable\ (fanout=2)
        Properties               : 
        {
        }

    [McSlotId=2]: (empty)
    [McSlotId=3]: (empty)
}

LAB@[UDB=(0,5)][LB=1] #macrocells=1, #inputs=1, #pterms=1
{
    [McSlotId=0]: (empty)
    [McSlotId=1]: (empty)
    [McSlotId=2]:     MacroCell: Name=\Counter:CounterUDB:count_stored_i\, Mode=(D-Register) @ [UDB=(0,5)][LB=1][MC=2]
        Total # of inputs        : 1
        Total # of product terms : 1
        List of special equations: 
            Clock  = (Net_149) => Global
            Clock Enable: True
        Main Equation            : 1 pterm
        (
              Net_512
        );
        Output = \Counter:CounterUDB:count_stored_i\ (fanout=1)
        Properties               : 
        {
        }

    [McSlotId=3]: (empty)
}

datapathcell: Name =\Counter:CounterUDB:sC16:counterdp:u0\
    PORT MAP (
        clock => Net_149 ,
        cs_addr_2 => __ONE__ ,
        cs_addr_1 => \Counter:CounterUDB:count_enable\ ,
        cs_addr_0 => \Counter:CounterUDB:reload\ ,
        chain_out => \Counter:CounterUDB:sC16:counterdp:carry\ );
    Properties:
    {
        a0_init = "00000000"
        a1_init = "00000000"
        ce0_sync = 1
        ce1_sync = 1
        cl0_sync = 1
        cl1_sync = 1
        cmsb_sync = 1
        co_msb_sync = 1
        cy_dpconfig = "0000000001000000000000001000000001000000010000000000000010000000000000000100000010101000010100000010000001000000101010000101000011111111000000001111111111111111101000000000000000000001000000000000000000011000"
        d0_init = "00000000"
        d1_init = "00000000"
        f0_blk_sync = 1
        f0_bus_sync = 1
        f1_blk_sync = 1
        f1_bus_sync = 1
        ff0_sync = 1
        ff1_sync = 1
        ov_msb_sync = 1
        so_sync = 1
        z0_sync = 1
        z1_sync = 1
    }
    Clock Polarity: Active High
    Clock Enable: True
    Next in chain : \Counter:CounterUDB:sC16:counterdp:u1\

UDB [UDB=(1,0)] contents:
LAB@[UDB=(1,0)][LB=0] #macrocells=2, #inputs=4, #pterms=2
{
    [McSlotId=0]: (empty)
    [McSlotId=1]:     MacroCell: Name=\UART:BUART:rx_status_5\, Mode=(Combinatorial) @ [UDB=(1,0)][LB=0][MC=1]
        Total # of inputs        : 2
        Total # of product terms : 1
            Clock Enable: True
        Main Equation            : 1 pterm
        (
              \UART:BUART:rx_fifonotempty\ * \UART:BUART:rx_state_stop1_reg\
        );
        Output = \UART:BUART:rx_status_5\ (fanout=1)
        Properties               : 
        {
        }

    [McSlotId=2]:     MacroCell: Name=\UART:BUART:rx_status_4\, Mode=(Combinatorial) @ [UDB=(1,0)][LB=0][MC=2]
        Total # of inputs        : 2
        Total # of product terms : 1
            Clock Enable: True
        Main Equation            : 1 pterm
        (
              \UART:BUART:rx_load_fifo\ * \UART:BUART:rx_fifofull\
        );
        Output = \UART:BUART:rx_status_4\ (fanout=1)
        Properties               : 
        {
        }

    [McSlotId=3]: (empty)
}

statusicell: Name =\UART:BUART:sRX:RxSts\
    PORT MAP (
        clock => \UART:Net_9\ ,
        status_5 => \UART:BUART:rx_status_5\ ,
        status_4 => \UART:BUART:rx_status_4\ ,
        status_3 => \UART:BUART:rx_status_3\ );
    Properties:
    {
        cy_force_order = 1
        cy_int_mask = "1111111"
        cy_md_select = "1011111"
    }
    Clock Polarity: Active High
    Clock Enable: True

UDB [UDB=(1,1)] contents:
LAB@[UDB=(1,1)][LB=0] #macrocells=3, #inputs=8, #pterms=8
{
    [McSlotId=0]:     MacroCell: Name=\UART:BUART:txn\, Mode=(D-Register) @ [UDB=(1,1)][LB=0][MC=0]
        Total # of inputs        : 7
        Total # of product terms : 5
        List of special equations: 
            Clock  = (\UART:Net_9\) => Global
            Clock Enable: True
        Main Equation            : 5 pterms
        (
              \UART:BUART:txn\ * \UART:BUART:tx_state_1\ * 
              !\UART:BUART:tx_bitclk\
            + \UART:BUART:txn\ * \UART:BUART:tx_state_2\
            + !\UART:BUART:tx_state_1\ * \UART:BUART:tx_state_0\ * 
              !\UART:BUART:tx_shift_out\ * !\UART:BUART:tx_state_2\
            + !\UART:BUART:tx_state_1\ * \UART:BUART:tx_state_0\ * 
              !\UART:BUART:tx_state_2\ * !\UART:BUART:tx_bitclk\
            + \UART:BUART:tx_state_1\ * !\UART:BUART:tx_state_0\ * 
              !\UART:BUART:tx_shift_out\ * !\UART:BUART:tx_state_2\ * 
              !\UART:BUART:tx_counter_dp\ * \UART:BUART:tx_bitclk\
        );
        Output = \UART:BUART:txn\ (fanout=2)
        Properties               : 
        {
        }

    [McSlotId=1]:     MacroCell: Name=\UART:BUART:tx_bitclk\, Mode=(D-Register) @ [UDB=(1,1)][LB=0][MC=1]
        Total # of inputs        : 4
        Total # of product terms : 2
        List of special equations: 
            Clock  = (\UART:Net_9\) => Global
            Clock Enable: True
        Main Equation            : 2 pterms
        !(
              !\UART:BUART:tx_state_1\ * !\UART:BUART:tx_state_0\ * 
              \UART:BUART:tx_state_2\
            + !\UART:BUART:tx_bitclk_enable_pre\
        );
        Output = \UART:BUART:tx_bitclk\ (fanout=4)
        Properties               : 
        {
        }

    [McSlotId=2]:     MacroCell: Name=Net_354, Mode=(Combinatorial) @ [UDB=(1,1)][LB=0][MC=2]
        Total # of inputs        : 1
        Total # of product terms : 1
            Clock Enable: True
        Main Equation            : 1 pterm
        (
              !\UART:BUART:txn\
        );
        Output = Net_354 (fanout=1)
        Properties               : 
        {
        }

    [McSlotId=3]: (empty)
}

LAB@[UDB=(1,1)][LB=1] #macrocells=3, #inputs=7, #pterms=6
{
    [McSlotId=0]:     MacroCell: Name=\UART:BUART:tx_state_0\, Mode=(T-Register) @ [UDB=(1,1)][LB=1][MC=0]
        Total # of inputs        : 6
        Total # of product terms : 4
        List of special equations: 
            Clock  = (\UART:Net_9\) => Global
            Clock Enable: True
        Main Equation            : 4 pterms
        (
              !\UART:BUART:tx_state_1\ * !\UART:BUART:tx_state_0\ * 
              \UART:BUART:tx_bitclk_enable_pre\ * !\UART:BUART:tx_fifo_empty\
            + !\UART:BUART:tx_state_1\ * !\UART:BUART:tx_state_0\ * 
              !\UART:BUART:tx_fifo_empty\ * !\UART:BUART:tx_state_2\
            + \UART:BUART:tx_state_1\ * \UART:BUART:tx_state_0\ * 
              \UART:BUART:tx_bitclk_enable_pre\ * \UART:BUART:tx_fifo_empty\ * 
              \UART:BUART:tx_state_2\
            + \UART:BUART:tx_state_0\ * !\UART:BUART:tx_state_2\ * 
              \UART:BUART:tx_bitclk\
        );
        Output = \UART:BUART:tx_state_0\ (fanout=8)
        Properties               : 
        {
        }

    [McSlotId=1]: (empty)
    [McSlotId=2]:     MacroCell: Name=\UART:BUART:tx_status_0\, Mode=(Combinatorial) @ [UDB=(1,1)][LB=1][MC=2]
        Total # of inputs        : 5
        Total # of product terms : 1
            Clock Enable: True
        Main Equation            : 1 pterm
        (
              !\UART:BUART:tx_state_1\ * !\UART:BUART:tx_state_0\ * 
              \UART:BUART:tx_bitclk_enable_pre\ * \UART:BUART:tx_fifo_empty\ * 
              \UART:BUART:tx_state_2\
        );
        Output = \UART:BUART:tx_status_0\ (fanout=1)
        Properties               : 
        {
        }

    [McSlotId=3]:     MacroCell: Name=\UART:BUART:tx_status_2\, Mode=(Combinatorial) @ [UDB=(1,1)][LB=1][MC=3]
        Total # of inputs        : 1
        Total # of product terms : 1
            Clock Enable: True
        Main Equation            : 1 pterm
        (
              !\UART:BUART:tx_fifo_notfull\
        );
        Output = \UART:BUART:tx_status_2\ (fanout=1)
        Properties               : 
        {
        }
}

datapathcell: Name =\UART:BUART:sTX:TxShifter:u0\
    PORT MAP (
        clock => \UART:Net_9\ ,
        cs_addr_2 => \UART:BUART:tx_state_1\ ,
        cs_addr_1 => \UART:BUART:tx_state_0\ ,
        cs_addr_0 => \UART:BUART:tx_bitclk_enable_pre\ ,
        so_comb => \UART:BUART:tx_shift_out\ ,
        f0_bus_stat_comb => \UART:BUART:tx_fifo_notfull\ ,
        f0_blk_stat_comb => \UART:BUART:tx_fifo_empty\ );
    Properties:
    {
        a0_init = "00000000"
        a1_init = "00000000"
        ce0_sync = 1
        ce1_sync = 1
        cl0_sync = 1
        cl1_sync = 1
        cmsb_sync = 1
        co_msb_sync = 1
        cy_dpconfig = "0000000000000000000000000000000000000000000000000000000011000000000000000000000000000010010000000000000000000000000000000000000011111111000000001111111111111111000000000000000001000100111100000000000000001100"
        d0_init = "00000000"
        d1_init = "00000000"
        f0_blk_sync = 1
        f0_bus_sync = 1
        f1_blk_sync = 1
        f1_bus_sync = 1
        ff0_sync = 1
        ff1_sync = 1
        ov_msb_sync = 1
        so_sync = 1
        z0_sync = 1
        z1_sync = 1
    }
    Clock Polarity: Active High
    Clock Enable: True

statusicell: Name =\UART:BUART:sTX:TxSts\
    PORT MAP (
        clock => \UART:Net_9\ ,
        status_3 => \UART:BUART:tx_fifo_notfull\ ,
        status_2 => \UART:BUART:tx_status_2\ ,
        status_1 => \UART:BUART:tx_fifo_empty\ ,
        status_0 => \UART:BUART:tx_status_0\ );
    Properties:
    {
        cy_force_order = 1
        cy_int_mask = "1111111"
        cy_md_select = "0000001"
    }
    Clock Polarity: Active High
    Clock Enable: True

UDB [UDB=(1,2)] is empty.
UDB [UDB=(1,3)] contents:
LAB@[UDB=(1,3)][LB=0] #macrocells=1, #inputs=3, #pterms=2
{
    [McSlotId=0]: (empty)
    [McSlotId=1]: (empty)
    [McSlotId=2]:     MacroCell: Name=\freqcounter:CounterUDB:count_stored_i\, Mode=(D-Register) @ [UDB=(1,3)][LB=0][MC=2]
        Total # of inputs        : 3
        Total # of product terms : 2
        List of special equations: 
            Clock  = (Net_149) => Global
            Clock Enable: True
        Main Equation            : 2 pterms
        (
              Net_512 * !Net_519
            + \Counter:CounterUDB:prevCompare\ * Net_519
        );
        Output = \freqcounter:CounterUDB:count_stored_i\ (fanout=1)
        Properties               : 
        {
        }

    [McSlotId=3]: (empty)
}

LAB@[UDB=(1,3)][LB=1] #macrocells=1, #inputs=5, #pterms=2
{
    [McSlotId=0]: (empty)
    [McSlotId=1]: (empty)
    [McSlotId=2]:     MacroCell: Name=\freqcounter:CounterUDB:count_enable\, Mode=(Combinatorial) @ [UDB=(1,3)][LB=1][MC=2]
        Total # of inputs        : 5
        Total # of product terms : 2
            Clock Enable: True
        Main Equation            : 2 pterms
        (
              Net_512 * !Net_557 * !\freqcounter:CounterUDB:count_stored_i\ * 
              !Net_519
            + !Net_557 * \Counter:CounterUDB:prevCompare\ * 
              !\freqcounter:CounterUDB:count_stored_i\ * Net_519
        );
        Output = \freqcounter:CounterUDB:count_enable\ (fanout=4)
        Properties               : 
        {
        }

    [McSlotId=3]: (empty)
}

datapathcell: Name =\Timer:TimerUDB:sT32:timerdp:u1\
    PORT MAP (
        clock => ClockBlock_BUS_CLK ,
        cs_addr_1 => \Timer:TimerUDB:run_mode\ ,
        cs_addr_0 => \Timer:TimerUDB:per_zero\ ,
        f0_load => \Timer:TimerUDB:capt_fifo_load\ ,
        chain_in => \Timer:TimerUDB:sT32:timerdp:carry0\ ,
        chain_out => \Timer:TimerUDB:sT32:timerdp:carry1\ );
    Properties:
    {
        a0_init = "00000000"
        a1_init = "00000000"
        ce0_sync = 1
        ce1_sync = 1
        cl0_sync = 1
        cl1_sync = 1
        cmsb_sync = 1
        co_msb_sync = 1
        cy_dpconfig = "0000000001000000000000000100000001000000010000000000000010000000000000001000000000000000100000000000000010000000000000001000000011111111000000001111111111111111100000110000000000000001000000110000000000011000"
        d0_init = "00000000"
        d1_init = "00000000"
        f0_blk_sync = 1
        f0_bus_sync = 1
        f1_blk_sync = 1
        f1_bus_sync = 1
        ff0_sync = 1
        ff1_sync = 1
        ov_msb_sync = 1
        so_sync = 1
        z0_sync = 1
        z1_sync = 1
    }
    Clock Polarity: Active High
    Clock Enable: True
    Previous in chain : \Timer:TimerUDB:sT32:timerdp:u0\
    Next in chain : \Timer:TimerUDB:sT32:timerdp:u2\

controlcell: Name =\muxSel:Sync:ctrl_reg\
    PORT MAP (
        control_7 => \muxSel:control_7\ ,
        control_6 => \muxSel:control_6\ ,
        control_5 => \muxSel:control_5\ ,
        control_4 => \muxSel:control_4\ ,
        control_3 => \muxSel:control_3\ ,
        control_2 => \muxSel:control_2\ ,
        control_1 => \muxSel:control_1\ ,
        control_0 => Net_519 );
    Properties:
    {
        cy_ctrl_mode_0 = "00000000"
        cy_ctrl_mode_1 = "00000000"
        cy_ext_reset = 0
        cy_force_order = 1
        cy_init_value = "00000000"
    }
    Clock Enable: True

UDB [UDB=(1,4)] contents:
LAB@[UDB=(1,4)][LB=1] #macrocells=1, #inputs=3, #pterms=2
{
    [McSlotId=0]: (empty)
    [McSlotId=1]: (empty)
    [McSlotId=2]: (empty)
    [McSlotId=3]:     MacroCell: Name=Net_520, Mode=(Combinatorial) @ [UDB=(1,4)][LB=1][MC=3]
        Total # of inputs        : 3
        Total # of product terms : 2
            Clock Enable: True
        Main Equation            : 2 pterms
        (
              Net_512 * !Net_519
            + \Counter:CounterUDB:prevCompare\ * Net_519
        );
        Output = Net_520 (fanout=1)
        Properties               : 
        {
        }
}

datapathcell: Name =\Timer:TimerUDB:sT32:timerdp:u2\
    PORT MAP (
        clock => ClockBlock_BUS_CLK ,
        cs_addr_1 => \Timer:TimerUDB:run_mode\ ,
        cs_addr_0 => \Timer:TimerUDB:per_zero\ ,
        f0_load => \Timer:TimerUDB:capt_fifo_load\ ,
        chain_in => \Timer:TimerUDB:sT32:timerdp:carry1\ ,
        chain_out => \Timer:TimerUDB:sT32:timerdp:carry2\ );
    Properties:
    {
        a0_init = "00000000"
        a1_init = "00000000"
        ce0_sync = 1
        ce1_sync = 1
        cl0_sync = 1
        cl1_sync = 1
        cmsb_sync = 1
        co_msb_sync = 1
        cy_dpconfig = "0000000001000000000000000100000001000000010000000000000010000000000000001000000000000000100000000000000010000000000000001000000011111111000000001111111111111111100000110000000000000001000000110000000000011000"
        d0_init = "00000000"
        d1_init = "00000000"
        f0_blk_sync = 1
        f0_bus_sync = 1
        f1_blk_sync = 1
        f1_bus_sync = 1
        ff0_sync = 1
        ff1_sync = 1
        ov_msb_sync = 1
        so_sync = 1
        z0_sync = 1
        z1_sync = 1
    }
    Clock Polarity: Active High
    Clock Enable: True
    Previous in chain : \Timer:TimerUDB:sT32:timerdp:u1\
    Next in chain : \Timer:TimerUDB:sT32:timerdp:u3\

UDB [UDB=(1,5)] contents:
LAB@[UDB=(1,5)][LB=0] #macrocells=3, #inputs=5, #pterms=3
{
    [McSlotId=0]:     MacroCell: Name=\Counter:CounterUDB:reload\, Mode=(Combinatorial) @ [UDB=(1,5)][LB=0][MC=0]
        Total # of inputs        : 2
        Total # of product terms : 1
            Clock Enable: True
        Main Equation            : 1 pterm
        !(
              !Net_553 * !\Counter:CounterUDB:per_equal\
        );
        Output = \Counter:CounterUDB:reload\ (fanout=2)
        Properties               : 
        {
        }

    [McSlotId=1]:     MacroCell: Name=Net_553, Mode=(D-Register) @ [UDB=(1,5)][LB=0][MC=1]
        Total # of inputs        : 1
        Total # of product terms : 1
        List of special equations: 
            Clock  = (Net_149) => Global
            Clock Enable: True
        Main Equation            : 1 pterm
        (
              Net_557
        );
        Output = Net_553 (fanout=2)
        Properties               : 
        {
        }

    [McSlotId=2]: (empty)
    [McSlotId=3]:     MacroCell: Name=\Counter:CounterUDB:prevCompare\, Mode=(D-Register) @ [UDB=(1,5)][LB=0][MC=3]
        Total # of inputs        : 2
        Total # of product terms : 1
        List of special equations: 
            Clock  = (Net_149) => Global
            Clock Enable: True
        Main Equation            : 1 pterm
        (
              !\Counter:CounterUDB:cmp_less\ * 
              !\Counter:CounterUDB:cmp_equal\
        );
        Output = \Counter:CounterUDB:prevCompare\ (fanout=7)
        Properties               : 
        {
        }
}

LAB@[UDB=(1,5)][LB=1] #macrocells=3, #inputs=5, #pterms=3
{
    [McSlotId=0]:     MacroCell: Name=\Counter:CounterUDB:overflow_reg_i\, Mode=(D-Register) @ [UDB=(1,5)][LB=1][MC=0]
        Total # of inputs        : 1
        Total # of product terms : 1
        List of special equations: 
            Clock  = (Net_149) => Global
            Clock Enable: True
        Main Equation            : 1 pterm
        (
              \Counter:CounterUDB:per_equal\
        );
        Output = \Counter:CounterUDB:overflow_reg_i\ (fanout=1)
        Properties               : 
        {
        }

    [McSlotId=1]:     MacroCell: Name=\Counter:CounterUDB:status_2\, Mode=(Combinatorial) @ [UDB=(1,5)][LB=1][MC=1]
        Total # of inputs        : 2
        Total # of product terms : 1
            Clock Enable: True
        Main Equation            : 1 pterm
        (
              \Counter:CounterUDB:per_equal\ * 
              !\Counter:CounterUDB:overflow_reg_i\
        );
        Output = \Counter:CounterUDB:status_2\ (fanout=1)
        Properties               : 
        {
        }

    [McSlotId=2]: (empty)
    [McSlotId=3]:     MacroCell: Name=\Counter:CounterUDB:status_0\, Mode=(Combinatorial) @ [UDB=(1,5)][LB=1][MC=3]
        Total # of inputs        : 3
        Total # of product terms : 1
            Clock Enable: True
        Main Equation            : 1 pterm
        (
              !\Counter:CounterUDB:cmp_less\ * 
              !\Counter:CounterUDB:cmp_equal\ * 
              !\Counter:CounterUDB:prevCompare\
        );
        Output = \Counter:CounterUDB:status_0\ (fanout=1)
        Properties               : 
        {
        }
}

datapathcell: Name =\Counter:CounterUDB:sC16:counterdp:u1\
    PORT MAP (
        clock => Net_149 ,
        cs_addr_2 => __ONE__ ,
        cs_addr_1 => \Counter:CounterUDB:count_enable\ ,
        cs_addr_0 => \Counter:CounterUDB:reload\ ,
        ce0_comb => \Counter:CounterUDB:per_equal\ ,
        z0_comb => \Counter:CounterUDB:status_1\ ,
        ce1_comb => \Counter:CounterUDB:cmp_equal\ ,
        cl1_comb => \Counter:CounterUDB:cmp_less\ ,
        f0_bus_stat_comb => \Counter:CounterUDB:status_6\ ,
        f0_blk_stat_comb => \Counter:CounterUDB:status_5\ ,
        chain_in => \Counter:CounterUDB:sC16:counterdp:carry\ );
    Properties:
    {
        a0_init = "00000000"
        a1_init = "00000000"
        ce0_sync = 1
        ce1_sync = 1
        cl0_sync = 1
        cl1_sync = 1
        cmsb_sync = 1
        co_msb_sync = 1
        cy_dpconfig = "0000000001000000000000001000000001000000010000000000000010000000000000000100000010101000010100000010000001000000101010000101000011111111000000001111111111111111101011110000000000000001000001110000000000011000"
        d0_init = "00000000"
        d1_init = "00000000"
        f0_blk_sync = 1
        f0_bus_sync = 1
        f1_blk_sync = 1
        f1_bus_sync = 1
        ff0_sync = 1
        ff1_sync = 1
        ov_msb_sync = 1
        so_sync = 1
        z0_sync = 1
        z1_sync = 1
    }
    Clock Polarity: Active High
    Clock Enable: True
    Previous in chain : \Counter:CounterUDB:sC16:counterdp:u0\

statusicell: Name =\Counter:CounterUDB:sSTSReg:stsreg\
    PORT MAP (
        reset => Net_553 ,
        clock => Net_149 ,
        status_6 => \Counter:CounterUDB:status_6\ ,
        status_5 => \Counter:CounterUDB:status_5\ ,
        status_2 => \Counter:CounterUDB:status_2\ ,
        status_1 => \Counter:CounterUDB:status_1\ ,
        status_0 => \Counter:CounterUDB:status_0\ );
    Properties:
    {
        cy_force_order = 1
        cy_int_mask = "1111111"
        cy_md_select = "0011111"
    }
    Clock Polarity: Active High
    Clock Enable: True

UDB [UDB=(2,0)] contents:
datapathcell: Name =\PWM:PWMUDB:sP16:pwmdp:u0\
    PORT MAP (
        clock => Net_147 ,
        cs_addr_2 => \PWM:PWMUDB:tc_i\ ,
        cs_addr_1 => \PWM:PWMUDB:runmode_enable\ ,
        chain_out => \PWM:PWMUDB:sP16:pwmdp:carry\ );
    Properties:
    {
        a0_init = "00000000"
        a1_init = "00000000"
        ce0_sync = 1
        ce1_sync = 1
        cl0_sync = 1
        cl1_sync = 1
        cmsb_sync = 1
        co_msb_sync = 1
        cy_dpconfig = "0000000001000000000000001100000001000000010000000000000011000000000000001100000000000000110000000000000011000000000000001100000011111111000000001111111111111111101000000000000000000100000000000000000000011000"
        d0_init = "00000000"
        d1_init = "00000000"
        f0_blk_sync = 1
        f0_bus_sync = 1
        f1_blk_sync = 1
        f1_bus_sync = 1
        ff0_sync = 1
        ff1_sync = 1
        ov_msb_sync = 1
        so_sync = 1
        z0_sync = 1
        z1_sync = 1
    }
    Clock Polarity: Active High
    Clock Enable: True
    Next in chain : \PWM:PWMUDB:sP16:pwmdp:u1\

UDB [UDB=(2,1)] is empty.
UDB [UDB=(2,2)] contents:
LAB@[UDB=(2,2)][LB=0] #macrocells=1, #inputs=2, #pterms=1
{
    [McSlotId=0]: (empty)
    [McSlotId=1]:     MacroCell: Name=\freqcounter:CounterUDB:status_2\, Mode=(Combinatorial) @ [UDB=(2,2)][LB=0][MC=1]
        Total # of inputs        : 2
        Total # of product terms : 1
            Clock Enable: True
        Main Equation            : 1 pterm
        (
              \freqcounter:CounterUDB:reload\ * 
              !\freqcounter:CounterUDB:overflow_reg_i\
        );
        Output = \freqcounter:CounterUDB:status_2\ (fanout=1)
        Properties               : 
        {
        }

    [McSlotId=2]: (empty)
    [McSlotId=3]: (empty)
}

LAB@[UDB=(2,2)][LB=1] #macrocells=3, #inputs=3, #pterms=3
{
    [McSlotId=0]:     MacroCell: Name=\freqcounter:CounterUDB:status_0\, Mode=(Combinatorial) @ [UDB=(2,2)][LB=1][MC=0]
        Total # of inputs        : 2
        Total # of product terms : 1
            Clock Enable: True
        Main Equation            : 1 pterm
        (
              \freqcounter:CounterUDB:cmp_out_i\ * 
              !\freqcounter:CounterUDB:prevCompare\
        );
        Output = \freqcounter:CounterUDB:status_0\ (fanout=1)
        Properties               : 
        {
        }

    [McSlotId=1]:     MacroCell: Name=\freqcounter:CounterUDB:prevCompare\, Mode=(D-Register) @ [UDB=(2,2)][LB=1][MC=1]
        Total # of inputs        : 1
        Total # of product terms : 1
        List of special equations: 
            Clock  = (Net_149) => Global
            Clock Enable: True
        Main Equation            : 1 pterm
        (
              \freqcounter:CounterUDB:cmp_out_i\
        );
        Output = \freqcounter:CounterUDB:prevCompare\ (fanout=1)
        Properties               : 
        {
        }

    [McSlotId=2]: (empty)
    [McSlotId=3]:     MacroCell: Name=\freqcounter:CounterUDB:overflow_reg_i\, Mode=(D-Register) @ [UDB=(2,2)][LB=1][MC=3]
        Total # of inputs        : 1
        Total # of product terms : 1
        List of special equations: 
            Clock  = (Net_149) => Global
            Clock Enable: True
        Main Equation            : 1 pterm
        (
              \freqcounter:CounterUDB:reload\
        );
        Output = \freqcounter:CounterUDB:overflow_reg_i\ (fanout=1)
        Properties               : 
        {
        }
}

datapathcell: Name =\freqcounter:CounterUDB:sC32:counterdp:u3\
    PORT MAP (
        clock => Net_149 ,
        cs_addr_2 => __ONE__ ,
        cs_addr_1 => \freqcounter:CounterUDB:count_enable\ ,
        cs_addr_0 => \freqcounter:CounterUDB:reload\ ,
        ce0_comb => \freqcounter:CounterUDB:reload\ ,
        z0_comb => \freqcounter:CounterUDB:status_1\ ,
        ce1_comb => \freqcounter:CounterUDB:cmp_out_i\ ,
        f0_bus_stat_comb => \freqcounter:CounterUDB:status_6\ ,
        f0_blk_stat_comb => \freqcounter:CounterUDB:status_5\ ,
        chain_in => \freqcounter:CounterUDB:sC32:counterdp:carry2\ );
    Properties:
    {
        a0_init = "00000000"
        a1_init = "00000000"
        ce0_sync = 1
        ce1_sync = 1
        cl0_sync = 1
        cl1_sync = 1
        cmsb_sync = 1
        co_msb_sync = 1
        cy_dpconfig = "0000000001000000000000001000000001000000010000000000000010000000000000000100000010101000010100000010000001000000101010000101000011111111000000001111111111111111101011110000000000000001000001110000000000011000"
        d0_init = "00000000"
        d1_init = "00000000"
        f0_blk_sync = 1
        f0_bus_sync = 1
        f1_blk_sync = 1
        f1_bus_sync = 1
        ff0_sync = 1
        ff1_sync = 1
        ov_msb_sync = 1
        so_sync = 1
        z0_sync = 1
        z1_sync = 1
    }
    Clock Polarity: Active High
    Clock Enable: True
    Previous in chain : \freqcounter:CounterUDB:sC32:counterdp:u2\

statusicell: Name =\freqcounter:CounterUDB:sSTSReg:stsreg\
    PORT MAP (
        clock => Net_149 ,
        status_6 => \freqcounter:CounterUDB:status_6\ ,
        status_5 => \freqcounter:CounterUDB:status_5\ ,
        status_2 => \freqcounter:CounterUDB:status_2\ ,
        status_1 => \freqcounter:CounterUDB:status_1\ ,
        status_0 => \freqcounter:CounterUDB:status_0\ );
    Properties:
    {
        cy_force_order = 1
        cy_int_mask = "1111111"
        cy_md_select = "0011111"
    }
    Clock Polarity: Active High
    Clock Enable: True

UDB [UDB=(2,3)] contents:
datapathcell: Name =\freqcounter:CounterUDB:sC32:counterdp:u0\
    PORT MAP (
        clock => Net_149 ,
        cs_addr_2 => __ONE__ ,
        cs_addr_1 => \freqcounter:CounterUDB:count_enable\ ,
        cs_addr_0 => \freqcounter:CounterUDB:reload\ ,
        chain_out => \freqcounter:CounterUDB:sC32:counterdp:carry0\ );
    Properties:
    {
        a0_init = "00000000"
        a1_init = "00000000"
        ce0_sync = 1
        ce1_sync = 1
        cl0_sync = 1
        cl1_sync = 1
        cmsb_sync = 1
        co_msb_sync = 1
        cy_dpconfig = "0000000001000000000000001000000001000000010000000000000010000000000000000100000010101000010100000010000001000000101010000101000011111111000000001111111111111111101000000000000000000001000000000000000000011000"
        d0_init = "00000000"
        d1_init = "00000000"
        f0_blk_sync = 1
        f0_bus_sync = 1
        f1_blk_sync = 1
        f1_bus_sync = 1
        ff0_sync = 1
        ff1_sync = 1
        ov_msb_sync = 1
        so_sync = 1
        z0_sync = 1
        z1_sync = 1
    }
    Clock Polarity: Active High
    Clock Enable: True
    Next in chain : \freqcounter:CounterUDB:sC32:counterdp:u1\

UDB [UDB=(2,4)] is empty.
UDB [UDB=(2,5)] is empty.
UDB [UDB=(3,0)] contents:
LAB@[UDB=(3,0)][LB=0] #macrocells=2, #inputs=4, #pterms=2
{
    [McSlotId=0]:     MacroCell: Name=\PWM:PWMUDB:status_0\, Mode=(D-Register) @ [UDB=(3,0)][LB=0][MC=0]
        Total # of inputs        : 2
        Total # of product terms : 1
        List of special equations: 
            Clock  = (Net_147) => Global
            Clock Enable: True
        Main Equation            : 1 pterm
        (
              !\PWM:PWMUDB:prevCompare1\ * \PWM:PWMUDB:cmp1_less\
        );
        Output = \PWM:PWMUDB:status_0\ (fanout=1)
        Properties               : 
        {
        }

    [McSlotId=1]:     MacroCell: Name=\PWM:PWMUDB:status_2\, Mode=(Combinatorial) @ [UDB=(3,0)][LB=0][MC=1]
        Total # of inputs        : 2
        Total # of product terms : 1
            Clock Enable: True
        Main Equation            : 1 pterm
        (
              \PWM:PWMUDB:runmode_enable\ * \PWM:PWMUDB:tc_i\
        );
        Output = \PWM:PWMUDB:status_2\ (fanout=1)
        Properties               : 
        {
        }

    [McSlotId=2]: (empty)
    [McSlotId=3]: (empty)
}

LAB@[UDB=(3,0)][LB=1] #macrocells=2, #inputs=2, #pterms=2
{
    [McSlotId=0]:     MacroCell: Name=\PWM:PWMUDB:runmode_enable\, Mode=(D-Register) @ [UDB=(3,0)][LB=1][MC=0]
        Total # of inputs        : 1
        Total # of product terms : 1
        List of special equations: 
            Clock  = (Net_147) => Global
            Clock Enable: True
        Main Equation            : 1 pterm
        (
              \PWM:PWMUDB:control_7\
        );
        Output = \PWM:PWMUDB:runmode_enable\ (fanout=3)
        Properties               : 
        {
        }

    [McSlotId=1]: (empty)
    [McSlotId=2]: (empty)
    [McSlotId=3]:     MacroCell: Name=\PWM:PWMUDB:prevCompare1\, Mode=(D-Register) @ [UDB=(3,0)][LB=1][MC=3]
        Total # of inputs        : 1
        Total # of product terms : 1
        List of special equations: 
            Clock  = (Net_147) => Global
            Clock Enable: True
        Main Equation            : 1 pterm
        (
              \PWM:PWMUDB:cmp1_less\
        );
        Output = \PWM:PWMUDB:prevCompare1\ (fanout=1)
        Properties               : 
        {
        }
}

datapathcell: Name =\PWM:PWMUDB:sP16:pwmdp:u1\
    PORT MAP (
        clock => Net_147 ,
        cs_addr_2 => \PWM:PWMUDB:tc_i\ ,
        cs_addr_1 => \PWM:PWMUDB:runmode_enable\ ,
        cl0_comb => \PWM:PWMUDB:cmp1_less\ ,
        z0_comb => \PWM:PWMUDB:tc_i\ ,
        f1_blk_stat_comb => \PWM:PWMUDB:status_3\ ,
        chain_in => \PWM:PWMUDB:sP16:pwmdp:carry\ );
    Properties:
    {
        a0_init = "00000000"
        a1_init = "00000000"
        ce0_sync = 1
        ce1_sync = 1
        cl0_sync = 1
        cl1_sync = 1
        cmsb_sync = 1
        co_msb_sync = 1
        cy_dpconfig = "0000000001000000000000001100000001000000010000000000000011000000000000001100000000000000110000000000000011000000000000001100000011111111000000001111111111111111101011110000000000000100000011110000000000011000"
        d0_init = "00000000"
        d1_init = "00000000"
        f0_blk_sync = 1
        f0_bus_sync = 1
        f1_blk_sync = 1
        f1_bus_sync = 1
        ff0_sync = 1
        ff1_sync = 1
        ov_msb_sync = 1
        so_sync = 1
        z0_sync = 1
        z1_sync = 1
    }
    Clock Polarity: Active High
    Clock Enable: True
    Previous in chain : \PWM:PWMUDB:sP16:pwmdp:u0\

statusicell: Name =\PWM:PWMUDB:genblk8:stsreg\
    PORT MAP (
        clock => Net_147 ,
        status_3 => \PWM:PWMUDB:status_3\ ,
        status_2 => \PWM:PWMUDB:status_2\ ,
        status_0 => \PWM:PWMUDB:status_0\ );
    Properties:
    {
        cy_force_order = 1
        cy_int_mask = "1111111"
        cy_md_select = "0100111"
    }
    Clock Polarity: Active High
    Clock Enable: True

controlcell: Name =\PWM:PWMUDB:genblk1:ctrlreg\
    PORT MAP (
        clock => Net_147 ,
        control_7 => \PWM:PWMUDB:control_7\ ,
        control_6 => \PWM:PWMUDB:control_6\ ,
        control_5 => \PWM:PWMUDB:control_5\ ,
        control_4 => \PWM:PWMUDB:control_4\ ,
        control_3 => \PWM:PWMUDB:control_3\ ,
        control_2 => \PWM:PWMUDB:control_2\ ,
        control_1 => \PWM:PWMUDB:control_1\ ,
        control_0 => \PWM:PWMUDB:control_0\ );
    Properties:
    {
        cy_ctrl_mode_0 = "11111111"
        cy_ctrl_mode_1 = "00000000"
        cy_ext_reset = 0
        cy_force_order = 1
        cy_init_value = "00000000"
    }
    Clock Polarity: Active High
    Clock Enable: True

UDB [UDB=(3,1)] is empty.
UDB [UDB=(3,2)] contents:
datapathcell: Name =\freqcounter:CounterUDB:sC32:counterdp:u2\
    PORT MAP (
        clock => Net_149 ,
        cs_addr_2 => __ONE__ ,
        cs_addr_1 => \freqcounter:CounterUDB:count_enable\ ,
        cs_addr_0 => \freqcounter:CounterUDB:reload\ ,
        chain_in => \freqcounter:CounterUDB:sC32:counterdp:carry1\ ,
        chain_out => \freqcounter:CounterUDB:sC32:counterdp:carry2\ );
    Properties:
    {
        a0_init = "00000000"
        a1_init = "00000000"
        ce0_sync = 1
        ce1_sync = 1
        cl0_sync = 1
        cl1_sync = 1
        cmsb_sync = 1
        co_msb_sync = 1
        cy_dpconfig = "0000000001000000000000001000000001000000010000000000000010000000000000000100000010101000010100000010000001000000101010000101000011111111000000001111111111111111101011110000000000000001000001110000000000011000"
        d0_init = "00000000"
        d1_init = "00000000"
        f0_blk_sync = 1
        f0_bus_sync = 1
        f1_blk_sync = 1
        f1_bus_sync = 1
        ff0_sync = 1
        ff1_sync = 1
        ov_msb_sync = 1
        so_sync = 1
        z0_sync = 1
        z1_sync = 1
    }
    Clock Polarity: Active High
    Clock Enable: True
    Previous in chain : \freqcounter:CounterUDB:sC32:counterdp:u1\
    Next in chain : \freqcounter:CounterUDB:sC32:counterdp:u3\

UDB [UDB=(3,3)] contents:
LAB@[UDB=(3,3)][LB=0] #macrocells=1, #inputs=0, #pterms=0
{
    [McSlotId=0]:     MacroCell: Name=__ONE__, Mode=(Combinatorial) @ [UDB=(3,3)][LB=0][MC=0]
        Total # of inputs        : 0
        Total # of product terms : 0
            Clock Enable: True
        Main Equation            : 0 pterms
        !(
            0
        );
        Output = __ONE__ (fanout=6)
        Properties               : 
        {
        }

    [McSlotId=1]: (empty)
    [McSlotId=2]: (empty)
    [McSlotId=3]: (empty)
}

datapathcell: Name =\freqcounter:CounterUDB:sC32:counterdp:u1\
    PORT MAP (
        clock => Net_149 ,
        cs_addr_2 => __ONE__ ,
        cs_addr_1 => \freqcounter:CounterUDB:count_enable\ ,
        cs_addr_0 => \freqcounter:CounterUDB:reload\ ,
        chain_in => \freqcounter:CounterUDB:sC32:counterdp:carry0\ ,
        chain_out => \freqcounter:CounterUDB:sC32:counterdp:carry1\ );
    Properties:
    {
        a0_init = "00000000"
        a1_init = "00000000"
        ce0_sync = 1
        ce1_sync = 1
        cl0_sync = 1
        cl1_sync = 1
        cmsb_sync = 1
        co_msb_sync = 1
        cy_dpconfig = "0000000001000000000000001000000001000000010000000000000010000000000000000100000010101000010100000010000001000000101010000101000011111111000000001111111111111111101011110000000000000001000001110000000000011000"
        d0_init = "00000000"
        d1_init = "00000000"
        f0_blk_sync = 1
        f0_bus_sync = 1
        f1_blk_sync = 1
        f1_bus_sync = 1
        ff0_sync = 1
        ff1_sync = 1
        ov_msb_sync = 1
        so_sync = 1
        z0_sync = 1
        z1_sync = 1
    }
    Clock Polarity: Active High
    Clock Enable: True
    Previous in chain : \freqcounter:CounterUDB:sC32:counterdp:u0\
    Next in chain : \freqcounter:CounterUDB:sC32:counterdp:u2\

UDB [UDB=(3,4)] is empty.
UDB [UDB=(3,5)] is empty.
Intr container @ [IntrContainer=(0)]: 
  Intr@ [IntrContainer=(0)][IntrId=(0)] 
    interrupt: Name =isr_sw
        PORT MAP (
            interrupt => Net_557 );
        Properties:
        {
            int_type = "00"
            is_nmi = 0
        }
  Intr@ [IntrContainer=(0)][IntrId=(1)] 
    interrupt: Name =isr_timeStamp
        PORT MAP (
            interrupt => Net_565 );
        Properties:
        {
            int_type = "10"
            is_nmi = 0
        }
Drq container @ [DrqContainer=(0)]: empty
Port 0 contains the following IO cells:
[IoId=1]: 
Pin : Name = comp_out_monitor(0)
    Attributes:
        In Group/Port: True
        In Sync Option: AUTO
        Out Sync Option: NOSYNC
        Interrupt generated: False
        Interrupt mode: NONE
        Drive mode: CMOS_OUT
        VTrip: EITHER
        Slew: FAST
        Input Sync needed: False
        Output Sync needed: False
        SC shield enabled: False
        POR State: ANY
        LCD Mode: COMMON
        Register Mode: RegComb
        CaSense Mode: NEITHER
        Treat as pin: True
        Is OE Registered: False
        Uses Analog: False
        Can contain Digital: True
        Is SIO: False
        SIO Output Buf: NONREGULATED
        SIO Input Buf: SINGLE_ENDED
        SIO HiFreq: LOW
        SIO Hyst: DISABLED
        SIO Vtrip: MULTIPLIER_0_5
        SIO Multiplier Index: 0
        SIO RefSel: VCC_IO
        Required Capabilities: DIGITAL, ROUTABLE
        Initial Value: 0
        IO Voltage: 0
    PORT MAP (
        pa_out => comp_out_monitor(0)__PA ,
        pin_input => Net_512 ,
        pad => comp_out_monitor(0)_PAD );
    Properties:
    {
    }

[IoId=6]: 
Pin : Name = BPD_in(0)
    Attributes:
        In Group/Port: True
        In Sync Option: AUTO
        Out Sync Option: AUTO
        Interrupt generated: False
        Interrupt mode: NONE
        Drive mode: HI_Z_ANALOG
        VTrip: EITHER
        Slew: FAST
        Input Sync needed: False
        Output Sync needed: False
        SC shield enabled: False
        POR State: ANY
        LCD Mode: COMMON
        Register Mode: RegComb
        CaSense Mode: NEITHER
        Treat as pin: True
        Is OE Registered: False
        Uses Analog: True
        Can contain Digital: False
        Is SIO: False
        SIO Output Buf: NONREGULATED
        SIO Input Buf: SINGLE_ENDED
        SIO HiFreq: LOW
        SIO Hyst: DISABLED
        SIO Vtrip: MULTIPLIER_0_5
        SIO Multiplier Index: 0
        SIO RefSel: VCC_IO
        Required Capabilities: ANALOG
        Initial Value: 0
        IO Voltage: 0
    PORT MAP (
        pa_out => BPD_in(0)__PA ,
        analog_term => Net_511 ,
        pad => BPD_in(0)_PAD );
    Properties:
    {
    }

Port 1 contains the following IO cells:
Port 2 contains the following IO cells:
[IoId=2]: 
Pin : Name = sw(0)
    Attributes:
        In Group/Port: True
        In Sync Option: NOSYNC
        Out Sync Option: AUTO
        Interrupt generated: False
        Interrupt mode: NONE
        Drive mode: RES_PULL_UP
        VTrip: CMOS
        Slew: FAST
        Input Sync needed: False
        Output Sync needed: False
        SC shield enabled: False
        POR State: ANY
        LCD Mode: COMMON
        Register Mode: RegComb
        CaSense Mode: NEITHER
        Treat as pin: True
        Is OE Registered: False
        Uses Analog: False
        Can contain Digital: True
        Is SIO: False
        SIO Output Buf: NONREGULATED
        SIO Input Buf: SINGLE_ENDED
        SIO HiFreq: LOW
        SIO Hyst: DISABLED
        SIO Vtrip: MULTIPLIER_0_5
        SIO Multiplier Index: 0
        SIO RefSel: VCC_IO
        Required Capabilities: DIGITAL, ROUTABLE
        Initial Value: 1
        IO Voltage: 0
    PORT MAP (
        pa_out => sw(0)__PA ,
        fb => Net_557 ,
        pad => sw(0)_PAD );
    Properties:
    {
    }

Port 3 contains the following IO cells:
[IoId=6]: 
Pin : Name = ref(0)
    Attributes:
        In Group/Port: True
        In Sync Option: AUTO
        Out Sync Option: AUTO
        Interrupt generated: False
        Interrupt mode: NONE
        Drive mode: HI_Z_ANALOG
        VTrip: EITHER
        Slew: FAST
        Input Sync needed: False
        Output Sync needed: False
        SC shield enabled: False
        POR State: ANY
        LCD Mode: COMMON
        Register Mode: RegComb
        CaSense Mode: NEITHER
        Treat as pin: True
        Is OE Registered: False
        Uses Analog: True
        Can contain Digital: False
        Is SIO: False
        SIO Output Buf: NONREGULATED
        SIO Input Buf: SINGLE_ENDED
        SIO HiFreq: LOW
        SIO Hyst: DISABLED
        SIO Vtrip: MULTIPLIER_0_5
        SIO Multiplier Index: 0
        SIO RefSel: VCC_IO
        Required Capabilities: ANALOG
        Initial Value: 0
        IO Voltage: 0
    PORT MAP (
        pa_out => ref(0)__PA ,
        analog_term => Net_510 ,
        pad => ref(0)_PAD );
    Properties:
    {
    }

Port 12 contains the following IO cells:
[IoId=3]: 
Pin : Name = count_out(0)
    Attributes:
        In Group/Port: True
        In Sync Option: AUTO
        Out Sync Option: NOSYNC
        Interrupt generated: False
        Interrupt mode: NONE
        Drive mode: CMOS_OUT
        VTrip: EITHER
        Slew: FAST
        Input Sync needed: False
        Output Sync needed: False
        SC shield enabled: False
        POR State: ANY
        LCD Mode: COMMON
        Register Mode: RegComb
        CaSense Mode: NEITHER
        Treat as pin: True
        Is OE Registered: False
        Uses Analog: False
        Can contain Digital: True
        Is SIO: False
        SIO Output Buf: NONREGULATED
        SIO Input Buf: SINGLE_ENDED
        SIO HiFreq: LOW
        SIO Hyst: DISABLED
        SIO Vtrip: MULTIPLIER_0_5
        SIO Multiplier Index: 0
        SIO RefSel: VCC_IO
        Required Capabilities: DIGITAL, ROUTABLE
        Initial Value: 0
        IO Voltage: 0
    PORT MAP (
        pa_out => count_out(0)__PA ,
        pin_input => Net_520 ,
        pad => count_out(0)_PAD );
    Properties:
    {
    }

[IoId=6]: 
Pin : Name = Rx_1(0)
    Attributes:
        In Group/Port: True
        In Sync Option: SYNC
        Out Sync Option: AUTO
        Interrupt generated: False
        Interrupt mode: NONE
        Drive mode: HI_Z_DIGITAL
        VTrip: CMOS
        Slew: FAST
        Input Sync needed: True
        Output Sync needed: False
        SC shield enabled: False
        POR State: ANY
        LCD Mode: COMMON
        Register Mode: RegComb
        CaSense Mode: NEITHER
        Treat as pin: True
        Is OE Registered: False
        Uses Analog: False
        Can contain Digital: True
        Is SIO: False
        SIO Output Buf: NONREGULATED
        SIO Input Buf: SINGLE_ENDED
        SIO HiFreq: LOW
        SIO Hyst: DISABLED
        SIO Vtrip: MULTIPLIER_0_5
        SIO Multiplier Index: 0
        SIO RefSel: VCC_IO
        Required Capabilities: DIGITAL, ROUTABLE
        Initial Value: 0
        IO Voltage: 0
    PORT MAP (
        pa_out => Rx_1(0)__PA ,
        fb => Net_359 ,
        pad => Rx_1(0)_PAD );
    Properties:
    {
    }

[IoId=7]: 
Pin : Name = Tx_1(0)
    Attributes:
        In Group/Port: True
        In Sync Option: AUTO
        Out Sync Option: NOSYNC
        Interrupt generated: False
        Interrupt mode: NONE
        Drive mode: CMOS_OUT
        VTrip: EITHER
        Slew: FAST
        Input Sync needed: False
        Output Sync needed: False
        SC shield enabled: False
        POR State: ANY
        LCD Mode: COMMON
        Register Mode: RegComb
        CaSense Mode: NEITHER
        Treat as pin: True
        Is OE Registered: False
        Uses Analog: False
        Can contain Digital: True
        Is SIO: False
        SIO Output Buf: NONREGULATED
        SIO Input Buf: SINGLE_ENDED
        SIO HiFreq: LOW
        SIO Hyst: DISABLED
        SIO Vtrip: MULTIPLIER_0_5
        SIO Multiplier Index: 0
        SIO RefSel: VCC_IO
        Required Capabilities: DIGITAL, ROUTABLE
        Initial Value: 1
        IO Voltage: 0
    PORT MAP (
        pa_out => Tx_1(0)__PA ,
        pin_input => Net_354 ,
        pad => Tx_1(0)_PAD );
    Properties:
    {
    }

Port 15 contains the following IO cells:
ARM group 0: empty
CAN group 0: empty
Cache group 0: empty
CapSense group 0: empty
Clock group 0: 
    Clock Block @ F(Clock,0): 
    clockblockcell: Name =ClockBlock
        PORT MAP (
            imo => ClockBlock_IMO ,
            pllout => ClockBlock_PLL_OUT ,
            ilo => ClockBlock_ILO ,
            clk_100k => ClockBlock_100k ,
            clk_1k => ClockBlock_1k ,
            clk_32k => ClockBlock_32k ,
            xtal => ClockBlock_XTAL ,
            clk_32k_xtal => ClockBlock_XTAL_32KHZ ,
            clk_sync => ClockBlock_MASTER_CLK ,
            clk_bus_glb => ClockBlock_BUS_CLK ,
            clk_bus => ClockBlock_BUS_CLK_local ,
            dclk_glb_0 => Net_149 ,
            dclk_0 => Net_149_local ,
            dclk_glb_1 => Net_147 ,
            dclk_1 => Net_147_local ,
            dclk_glb_2 => \UART:Net_9\ ,
            dclk_2 => \UART:Net_9_local\ );
        Properties:
        {
        }
Comparator group 0: 
    Comparator Block @ F(Comparator,2): 
    comparatorcell: Name =\Comp:ctComp\
        PORT MAP (
            vplus => Net_511 ,
            vminus => Net_510 ,
            clk_udb => Net_149_local ,
            out => Net_512 );
        Properties:
        {
            cy_registers = ""
        }
DFB group 0: empty
DSM group 0: empty
Decimator group 0: empty
EMIF group 0: empty
I2C group 0: empty
LCD group 0: empty
LVD group 0: empty
PICU group 0: empty
PM group 0: empty
SC group 0: empty
SPC group 0: empty
Timer group 0: empty
USB group 0: empty
VIDAC group 0: empty
OpAmp group 0: empty
CsAbuf group 0: empty
Vref group 0: empty
LPF group 0: empty
SAR group 0: empty
ANAIF group 0: empty
PHUB group 0: empty
</CYPRESSTAG>
<CYPRESSTAG name="Port Configuration Details">

------------------------------------------------------------
Port Configuration report
------------------------------------------------------------
     |     |       | Interrupt |                  |                     | 
Port | Pin | Fixed |      Type |       Drive Mode |                Name | Connections
-----+-----+-------+-----------+------------------+---------------------+----------------
   0 |   1 |     * |      NONE |         CMOS_OUT | comp_out_monitor(0) | In(Net_512)
     |   6 |     * |      NONE |      HI_Z_ANALOG |           BPD_in(0) | Analog(Net_511)
-----+-----+-------+-----------+------------------+---------------------+----------------
   2 |   2 |     * |      NONE |      RES_PULL_UP |               sw(0) | FB(Net_557)
-----+-----+-------+-----------+------------------+---------------------+----------------
   3 |   6 |     * |      NONE |      HI_Z_ANALOG |              ref(0) | Analog(Net_510)
-----+-----+-------+-----------+------------------+---------------------+----------------
  12 |   3 |     * |      NONE |         CMOS_OUT |        count_out(0) | In(Net_520)
     |   6 |     * |      NONE |     HI_Z_DIGITAL |             Rx_1(0) | FB(Net_359)
     |   7 |     * |      NONE |         CMOS_OUT |             Tx_1(0) | In(Net_354)
-----------------------------------------------------------------------------------------
</CYPRESSTAG>
</CYPRESSTAG>
</CYPRESSTAG>
Digital component placer commit/Report: Elapsed time ==> 0s.031ms
Digital Placement phase: Elapsed time ==> 0s.744ms
</CYPRESSTAG>
<CYPRESSTAG name="Digital Routing">
"C:\Program Files (x86)\Cypress\PSoC Creator\4.4\PSoC Creator\bin/sjrouter.exe" --xml-path "C:\Program Files (x86)\Cypress\PSoC Creator\4.4\PSoC Creator\dev\psoc5/psoc5lp/route_arch-rrg.cydata" --vh2-path "Trigger_r.vh2" --pcf-path "Trigger.pco" --des-name "Trigger" --dsf-path "Trigger.dsf" --sdc-path "Trigger.sdc" --lib-path "Trigger_r.lib"
Routing successful.
Digital Routing phase: Elapsed time ==> 0s.749ms
</CYPRESSTAG>
<CYPRESSTAG name="Bitstream Generation">
Bitstream Generation phase: Elapsed time ==> 0s.084ms
</CYPRESSTAG>
<CYPRESSTAG name="Bitstream Verification">
Bitstream Verification phase: Elapsed time ==> 0s.020ms
</CYPRESSTAG>
<CYPRESSTAG name="Static timing analysis">
Timing report is in Trigger_timing.html.
Static timing analysis phase: Elapsed time ==> 0s.225ms
</CYPRESSTAG>
<CYPRESSTAG name="Data reporting">
Data reporting phase: Elapsed time ==> 0s.000ms
</CYPRESSTAG>
<CYPRESSTAG name="Database update...">
Design database save phase: Elapsed time ==> 0s.102ms
</CYPRESSTAG>
cydsfit: Elapsed time ==> 2s.405ms
</CYPRESSTAG>
Fitter phase: Elapsed time ==> 2s.406ms
API generation phase: Elapsed time ==> 0s.565ms
Dependency generation phase: Elapsed time ==> 0s.005ms
Cleanup phase: Elapsed time ==> 0s.000ms
